
### SLOW FIXED SWEEP 1/20: quad_physics_mappo_fixed_v12_slow_sweep_base_seed7 ###

Using device: cpu
Initial Quad MAPPO: agents=2 obs=(36,) grid=(6, 5) starts=[(4, 2), (3, 2)] package=(2, 2) deliveries=[(1, 1), (1, 3)] lanes=6 rand_pkg=False rand_del=False dt=0.05 substeps=8 max_tilt=0.32

=== Stage 1/25: s1_short_t_fixed (fixed positions) ===
Stage: agents=2 obs=(36,) grid=(6, 5) starts=[(4, 2), (3, 2)] package=(2, 2) deliveries=[(1, 1), (1, 3)] lanes=6 rand_pkg=False rand_del=False dt=0.05 substeps=8 max_tilt=0.32
Step   10240 | stage_step=  10240 | Episodes:   979
Step   20480 | stage_step=  20480 | Episodes:  2078
Eval @  20480 | stage_step=  20480 | sr=0.00% | reward=127.20 +/- 0.00 | pickups=1.00 deliveries=0.00 delivered_agents=0.00/2
Step   30720 | stage_step=  30720 | Episodes:  3125
[MultiQuadEnv] Steps 1-20000 | pickups=2445 | deliveries=303 | total_pickups=2445 | total_deliveries=303
Step   40960 | stage_step=  40960 | Episodes:  4174
Eval @  40960 | stage_step=  40960 | sr=0.00% | reward=128.00 +/- 0.00 | pickups=1.00 deliveries=0.00 delivered_agents=0.00/2
Step   51200 | stage_step=  51200 | Episodes:  5258
Step   61440 | stage_step=  61440 | Episodes:  6319
Eval @  61440 | stage_step=  61440 | sr=0.00% | reward=278.00 +/- 0.00 | pickups=2.00 deliveries=0.00 delivered_agents=0.00/2
Step   71680 | stage_step=  71680 | Episodes:  7412
[MultiQuadEnv] Steps 20001-40000 | pickups=4639 | deliveries=1054 | total_pickups=7084 | total_deliveries=1357
Step   81920 | stage_step=  81920 | Episodes:  8479
Eval @  81920 | stage_step=  81920 | sr=0.00% | reward=778.00 +/- 0.00 | pickups=2.00 deliveries=1.00 delivered_agents=1.00/2
Step   90112 | stage_step=  90112 | Episodes:  9368
Step  100352 | stage_step= 100352 | Episodes: 10489
Eval @ 100352 | stage_step= 100352 | sr=0.00% | reward=778.00 +/- 0.00 | pickups=2.00 deliveries=1.00 delivered_agents=1.00/2
Step  110592 | stage_step= 110592 | Episodes: 11606
[MultiQuadEnv] Steps 40001-60000 | pickups=5333 | deliveries=1499 | total_pickups=12417 | total_deliveries=2856
Step  120832 | stage_step= 120832 | Episodes: 12745
Eval @ 120832 | stage_step= 120832 | sr=0.00% | reward=778.00 +/- 0.00 | pickups=2.00 deliveries=1.00 delivered_agents=1.00/2
Step  131072 | stage_step= 131072 | Episodes: 13878
Step  141312 | stage_step= 141312 | Episodes: 14987
Eval @ 141312 | stage_step= 141312 | sr=0.00% | reward=778.00 +/- 0.00 | pickups=2.00 deliveries=1.00 delivered_agents=1.00/2
Step  151552 | stage_step= 151552 | Episodes: 16103
[MultiQuadEnv] Steps 60001-80000 | pickups=5541 | deliveries=1762 | total_pickups=17958 | total_deliveries=4618
Step  161792 | stage_step= 161792 | Episodes: 17215
Eval @ 161792 | stage_step= 161792 | sr=0.00% | reward=778.00 +/- 0.00 | pickups=2.00 deliveries=1.00 delivered_agents=1.00/2
Step  172032 | stage_step= 172032 | Episodes: 18340
Step  180224 | stage_step= 180224 | Episodes: 19259
Eval @ 180224 | stage_step= 180224 | sr=100.00% | reward=2298.20 +/- 0.00 | pickups=2.00 deliveries=2.00 delivered_agents=2.00/2
Early promotion from s1_short_t_fixed: 100.00% >= 90.00%
Restored best for s1_short_t_fixed: sr=100.00% | reward=2298.20

=== Stage 2/25: s2_wider_t_stem_fixed (fixed positions) ===
Stage: agents=2 obs=(36,) grid=(8, 9) starts=[(6, 4), (5, 4)] package=(3, 4) deliveries=[(2, 4), (1, 4)] lanes=12 rand_pkg=False rand_del=False dt=0.05 substeps=8 max_tilt=0.32
Step  190464 | stage_step=  10240 | Episodes: 20321
Step  200704 | stage_step=  20480 | Episodes: 21266
Eval @ 206848 | stage_step=  26624 | sr=0.00% | reward=177.60 +/- 0.00 | pickups=2.00 deliveries=0.00 delivered_agents=0.00/2
Step  210944 | stage_step=  30720 | Episodes: 22167
[MultiQuadEnv] Steps 1-20000 | pickups=4178 | deliveries=1494 | total_pickups=4178 | total_deliveries=1494
Step  221184 | stage_step=  40960 | Episodes: 23047
Step  231424 | stage_step=  51200 | Episodes: 23905
Eval @ 231424 | stage_step=  51200 | sr=0.00% | reward=211.60 +/- 0.00 | pickups=2.00 deliveries=0.00 delivered_agents=0.00/2
Step  241664 | stage_step=  61440 | Episodes: 24757
Step  251904 | stage_step=  71680 | Episodes: 25598
Eval @ 256000 | stage_step=  75776 | sr=0.00% | reward=211.60 +/- 0.00 | pickups=2.00 deliveries=0.00 delivered_agents=0.00/2
Step  260096 | stage_step=  79872 | Episodes: 26259
[MultiQuadEnv] Steps 20001-40000 | pickups=4836 | deliveries=2528 | total_pickups=9014 | total_deliveries=4022
Step  270336 | stage_step=  90112 | Episodes: 27068
Step  280576 | stage_step= 100352 | Episodes: 27845
Eval @ 280576 | stage_step= 100352 | sr=100.00% | reward=2247.60 +/- 0.00 | pickups=2.00 deliveries=2.00 delivered_agents=2.00/2
Early promotion from s2_wider_t_stem_fixed: 100.00% >= 85.00%
Restored best for s2_wider_t_stem_fixed: sr=100.00% | reward=2247.60

=== Stage 3/25: s3_wider_t_near_branch_fixed (fixed positions) ===
Stage: agents=2 obs=(36,) grid=(8, 9) starts=[(6, 4), (5, 4)] package=(2, 4) deliveries=[(1, 3), (1, 5)] lanes=12 rand_pkg=False rand_del=False dt=0.05 substeps=8 max_tilt=0.32
Step  290816 | stage_step=  10240 | Episodes: 28576
Step  301056 | stage_step=  20480 | Episodes: 29283
Eval @ 307200 | stage_step=  26624 | sr=0.00% | reward=257.20 +/- 0.00 | pickups=2.00 deliveries=0.00 delivered_agents=0.00/2
Step  311296 | stage_step=  30720 | Episodes: 29988
[MultiQuadEnv] Steps 1-20000 | pickups=3910 | deliveries=348 | total_pickups=3910 | total_deliveries=348
Step  321536 | stage_step=  40960 | Episodes: 30705
Step  331776 | stage_step=  51200 | Episodes: 31443
Eval @ 331776 | stage_step=  51200 | sr=0.00% | reward=777.20 +/- 0.00 | pickups=2.00 deliveries=1.00 delivered_agents=1.00/2
Step  342016 | stage_step=  61440 | Episodes: 32173
Step  350208 | stage_step=  69632 | Episodes: 32770
Eval @ 356352 | stage_step=  75776 | sr=0.00% | reward=777.20 +/- 0.00 | pickups=2.00 deliveries=1.00 delivered_agents=1.00/2
Step  360448 | stage_step=  79872 | Episodes: 33496
[MultiQuadEnv] Steps 20001-40000 | pickups=4272 | deliveries=630 | total_pickups=8182 | total_deliveries=978
Step  370688 | stage_step=  90112 | Episodes: 34237
Step  380928 | stage_step= 100352 | Episodes: 34987
Eval @ 380928 | stage_step= 100352 | sr=0.00% | reward=777.20 +/- 0.00 | pickups=2.00 deliveries=1.00 delivered_agents=1.00/2
Step  391168 | stage_step= 110592 | Episodes: 35737
[MultiQuadEnv] Steps 40001-60000 | pickups=4521 | deliveries=1031 | total_pickups=12703 | total_deliveries=2009
Step  401408 | stage_step= 120832 | Episodes: 36481
Eval @ 407552 | stage_step= 126976 | sr=0.00% | reward=777.20 +/- 0.00 | pickups=2.00 deliveries=1.00 delivered_agents=1.00/2
Step  411648 | stage_step= 131072 | Episodes: 37230
Step  421888 | stage_step= 141312 | Episodes: 37973
Step  430080 | stage_step= 149504 | Episodes: 38575
Eval @ 432128 | stage_step= 151552 | sr=0.00% | reward=777.20 +/- 0.00 | pickups=2.00 deliveries=1.00 delivered_agents=1.00/2
Step  440320 | stage_step= 159744 | Episodes: 39323
[MultiQuadEnv] Steps 60001-80000 | pickups=4759 | deliveries=1452 | total_pickups=17462 | total_deliveries=3461
Step  450560 | stage_step= 169984 | Episodes: 40069
Eval @ 456704 | stage_step= 176128 | sr=0.00% | reward=777.20 +/- 0.00 | pickups=2.00 deliveries=1.00 delivered_agents=1.00/2
Step  460800 | stage_step= 180224 | Episodes: 40817
Step  471040 | stage_step= 190464 | Episodes: 41570
[MultiQuadEnv] Steps 80001-100000 | pickups=4872 | deliveries=1916 | total_pickups=22334 | total_deliveries=5377
Step  481280 | stage_step= 200704 | Episodes: 42324
Eval @ 481280 | stage_step= 200704 | sr=100.00% | reward=2297.40 +/- 0.00 | pickups=2.00 deliveries=2.00 delivered_agents=2.00/2
Early promotion from s3_wider_t_near_branch_fixed: 100.00% >= 75.00%
Restored best for s3_wider_t_near_branch_fixed: sr=100.00% | reward=2297.40

=== Stage 4/25: s4_wider_t_branch_fixed (fixed positions) ===
Stage: agents=2 obs=(36,) grid=(8, 9) starts=[(6, 4), (5, 4)] package=(3, 4) deliveries=[(1, 1), (1, 7)] lanes=12 rand_pkg=False rand_del=False dt=0.05 substeps=8 max_tilt=0.32
Step  491520 | stage_step=  10240 | Episodes: 43167
Step  501760 | stage_step=  20480 | Episodes: 43959
Eval @ 507904 | stage_step=  26624 | sr=0.00% | reward=277.25 +/- 0.00 | pickups=2.00 deliveries=0.00 delivered_agents=0.00/2
Step  512000 | stage_step=  30720 | Episodes: 44736
Step  520192 | stage_step=  38912 | Episodes: 45346
[MultiQuadEnv] Steps 1-20000 | pickups=5628 | deliveries=0 | total_pickups=5628 | total_deliveries=0
Step  530432 | stage_step=  49152 | Episodes: 46102
Eval @ 532480 | stage_step=  51200 | sr=0.00% | reward=277.25 +/- 0.00 | pickups=2.00 deliveries=0.00 delivered_agents=0.00/2
Step  540672 | stage_step=  59392 | Episodes: 46853
Step  550912 | stage_step=  69632 | Episodes: 47611
Eval @ 557056 | stage_step=  75776 | sr=0.00% | reward=277.25 +/- 0.00 | pickups=2.00 deliveries=0.00 delivered_agents=0.00/2
Step  561152 | stage_step=  79872 | Episodes: 48377
[MultiQuadEnv] Steps 20001-40000 | pickups=5868 | deliveries=0 | total_pickups=11496 | total_deliveries=0
Step  571392 | stage_step=  90112 | Episodes: 49150
Step  581632 | stage_step= 100352 | Episodes: 49939
Eval @ 581632 | stage_step= 100352 | sr=0.00% | reward=277.25 +/- 0.00 | pickups=2.00 deliveries=0.00 delivered_agents=0.00/2
Step  591872 | stage_step= 110592 | Episodes: 50723
Step  600064 | stage_step= 118784 | Episodes: 51348
[MultiQuadEnv] Steps 40001-60000 | pickups=6087 | deliveries=0 | total_pickups=17583 | total_deliveries=0
Eval @ 608256 | stage_step= 126976 | sr=0.00% | reward=277.25 +/- 0.00 | pickups=2.00 deliveries=0.00 delivered_agents=0.00/2
Step  610304 | stage_step= 129024 | Episodes: 52134
Step  620544 | stage_step= 139264 | Episodes: 52924
Step  630784 | stage_step= 149504 | Episodes: 53704
Eval @ 632832 | stage_step= 151552 | sr=0.00% | reward=277.25 +/- 0.00 | pickups=2.00 deliveries=0.00 delivered_agents=0.00/2
Step  641024 | stage_step= 159744 | Episodes: 54487
[MultiQuadEnv] Steps 60001-80000 | pickups=6121 | deliveries=0 | total_pickups=23704 | total_deliveries=0
Step  651264 | stage_step= 169984 | Episodes: 55274
Eval @ 657408 | stage_step= 176128 | sr=0.00% | reward=277.25 +/- 0.00 | pickups=2.00 deliveries=0.00 delivered_agents=0.00/2
Step  661504 | stage_step= 180224 | Episodes: 56081
Step  671744 | stage_step= 190464 | Episodes: 56886
[MultiQuadEnv] Steps 80001-100000 | pickups=6291 | deliveries=0 | total_pickups=29995 | total_deliveries=0
Step  681984 | stage_step= 200704 | Episodes: 57707
Eval @ 681984 | stage_step= 200704 | sr=0.00% | reward=277.25 +/- 0.00 | pickups=2.00 deliveries=0.00 delivered_agents=0.00/2
Step  690176 | stage_step= 208896 | Episodes: 58354
Step  700416 | stage_step= 219136 | Episodes: 59147
Eval @ 706560 | stage_step= 225280 | sr=0.00% | reward=277.25 +/- 0.00 | pickups=2.00 deliveries=0.00 delivered_agents=0.00/2
Step  710656 | stage_step= 229376 | Episodes: 59954
Step  720896 | stage_step= 239616 | Episodes: 60772
[MultiQuadEnv] Steps 100001-120000 | pickups=6292 | deliveries=0 | total_pickups=36287 | total_deliveries=0
Step  731136 | stage_step= 249856 | Episodes: 61587
Eval @ 733184 | stage_step= 251904 | sr=0.00% | reward=277.25 +/- 0.00 | pickups=2.00 deliveries=0.00 delivered_agents=0.00/2
Step  741376 | stage_step= 260096 | Episodes: 62397
Step  751616 | stage_step= 270336 | Episodes: 63220
Eval @ 757760 | stage_step= 276480 | sr=0.00% | reward=277.25 +/- 0.00 | pickups=2.00 deliveries=0.00 delivered_agents=0.00/2
[MultiQuadEnv] Steps 120001-140000 | pickups=6399 | deliveries=0 | total_pickups=42686 | total_deliveries=0
Step  761856 | stage_step= 280576 | Episodes: 64043
Step  770048 | stage_step= 288768 | Episodes: 64702
Step  780288 | stage_step= 299008 | Episodes: 65519
Eval @ 782336 | stage_step= 301056 | sr=0.00% | reward=277.25 +/- 0.00 | pickups=2.00 deliveries=0.00 delivered_agents=0.00/2
Step  790528 | stage_step= 309248 | Episodes: 66335
Step  800768 | stage_step= 319488 | Episodes: 67148
[MultiQuadEnv] Steps 140001-160000 | pickups=6381 | deliveries=0 | total_pickups=49067 | total_deliveries=0
Eval @ 806912 | stage_step= 325632 | sr=0.00% | reward=277.25 +/- 0.00 | pickups=2.00 deliveries=0.00 delivered_agents=0.00/2
Step  811008 | stage_step= 329728 | Episodes: 67966
Step  821248 | stage_step= 339968 | Episodes: 68784
Step  831488 | stage_step= 350208 | Episodes: 69604
Eval @ 831488 | stage_step= 350208 | sr=0.00% | reward=277.25 +/- 0.00 | pickups=2.00 deliveries=0.00 delivered_agents=0.00/2
[MultiQuadEnv] Steps 160001-180000 | pickups=6419 | deliveries=0 | total_pickups=55486 | total_deliveries=0
Step  841728 | stage_step= 360448 | Episodes: 70432
Step  851968 | stage_step= 370688 | Episodes: 71260
Eval @ 858112 | stage_step= 376832 | sr=0.00% | reward=277.25 +/- 0.00 | pickups=2.00 deliveries=0.00 delivered_agents=0.00/2
Step  860160 | stage_step= 378880 | Episodes: 71914
Step  870400 | stage_step= 389120 | Episodes: 72743
Step  880640 | stage_step= 399360 | Episodes: 73575
[MultiQuadEnv] Steps 180001-200000 | pickups=6461 | deliveries=0 | total_pickups=61947 | total_deliveries=0
Eval @ 882688 | stage_step= 401408 | sr=0.00% | reward=277.25 +/- 0.00 | pickups=2.00 deliveries=0.00 delivered_agents=0.00/2
Step  890880 | stage_step= 409600 | Episodes: 74410
Step  901120 | stage_step= 419840 | Episodes: 75249
Eval @ 907264 | stage_step= 425984 | sr=0.00% | reward=277.25 +/- 0.00 | pickups=2.00 deliveries=0.00 delivered_agents=0.00/2
Step  911360 | stage_step= 430080 | Episodes: 76088
[MultiQuadEnv] Steps 200001-220000 | pickups=6558 | deliveries=0 | total_pickups=68505 | total_deliveries=0
Step  921600 | stage_step= 440320 | Episodes: 76930
Step  931840 | stage_step= 450560 | Episodes: 77776
Eval @ 931840 | stage_step= 450560 | sr=0.00% | reward=277.25 +/- 0.00 | pickups=2.00 deliveries=0.00 delivered_agents=0.00/2
Step  940032 | stage_step= 458752 | Episodes: 78450
Step  950272 | stage_step= 468992 | Episodes: 79294
Eval @ 956416 | stage_step= 475136 | sr=0.00% | reward=277.25 +/- 0.00 | pickups=2.00 deliveries=0.00 delivered_agents=0.00/2
Step  960512 | stage_step= 479232 | Episodes: 80137
[MultiQuadEnv] Steps 220001-240000 | pickups=6592 | deliveries=0 | total_pickups=75097 | total_deliveries=0
Step  970752 | stage_step= 489472 | Episodes: 80981
Step  980992 | stage_step= 499712 | Episodes: 81826
Eval @ 983040 | stage_step= 501760 | sr=0.00% | reward=277.25 +/- 0.00 | pickups=2.00 deliveries=0.00 delivered_agents=0.00/2
Step  991232 | stage_step= 509952 | Episodes: 82670
[MultiQuadEnv] Steps 240001-260000 | pickups=6600 | deliveries=0 | total_pickups=81697 | total_deliveries=0
Step 1001472 | stage_step= 520192 | Episodes: 83514
Eval @1007616 | stage_step= 526336 | sr=0.00% | reward=277.25 +/- 0.00 | pickups=2.00 deliveries=0.00 delivered_agents=0.00/2
Step 1011712 | stage_step= 530432 | Episodes: 84354
Step 1021952 | stage_step= 540672 | Episodes: 85198
Step 1030144 | stage_step= 548864 | Episodes: 85877
Eval @1032192 | stage_step= 550912 | sr=0.00% | reward=277.25 +/- 0.00 | pickups=2.00 deliveries=0.00 delivered_agents=0.00/2
Step 1040384 | stage_step= 559104 | Episodes: 86720
[MultiQuadEnv] Steps 260001-280000 | pickups=6590 | deliveries=0 | total_pickups=88287 | total_deliveries=0
Step 1050624 | stage_step= 569344 | Episodes: 87561
Eval @1056768 | stage_step= 575488 | sr=0.00% | reward=277.25 +/- 0.00 | pickups=2.00 deliveries=0.00 delivered_agents=0.00/2
Step 1060864 | stage_step= 579584 | Episodes: 88403
Step 1071104 | stage_step= 589824 | Episodes: 89246
[MultiQuadEnv] Steps 280001-300000 | pickups=6591 | deliveries=0 | total_pickups=94878 | total_deliveries=0
Step 1081344 | stage_step= 600064 | Episodes: 90092
Eval @1081344 | stage_step= 600064 | sr=0.00% | reward=277.25 +/- 0.00 | pickups=2.00 deliveries=0.00 delivered_agents=0.00/2
Step 1091584 | stage_step= 610304 | Episodes: 90938
Step 1101824 | stage_step= 620544 | Episodes: 91786
Eval @1107968 | stage_step= 626688 | sr=0.00% | reward=277.25 +/- 0.00 | pickups=2.00 deliveries=0.00 delivered_agents=0.00/2
Step 1110016 | stage_step= 628736 | Episodes: 92465
Step 1120256 | stage_step= 638976 | Episodes: 93313
[MultiQuadEnv] Steps 300001-320000 | pickups=6623 | deliveries=0 | total_pickups=101501 | total_deliveries=0
Step 1130496 | stage_step= 649216 | Episodes: 94158
Eval @1132544 | stage_step= 651264 | sr=0.00% | reward=277.25 +/- 0.00 | pickups=2.00 deliveries=0.00 delivered_agents=0.00/2
Step 1140736 | stage_step= 659456 | Episodes: 95006
Step 1150976 | stage_step= 669696 | Episodes: 95852
Eval @1157120 | stage_step= 675840 | sr=0.00% | reward=277.25 +/- 0.00 | pickups=2.00 deliveries=0.00 delivered_agents=0.00/2
Step 1161216 | stage_step= 679936 | Episodes: 96698
[MultiQuadEnv] Steps 320001-340000 | pickups=6624 | deliveries=0 | total_pickups=108125 | total_deliveries=0
Step 1171456 | stage_step= 690176 | Episodes: 97544
Step 1181696 | stage_step= 700416 | Episodes: 98390
Eval @1181696 | stage_step= 700416 | sr=0.00% | reward=277.25 +/- 0.00 | pickups=2.00 deliveries=0.00 delivered_agents=0.00/2
Step 1191936 | stage_step= 710656 | Episodes: 99238
Step 1200128 | stage_step= 718848 | Episodes: 99918
[MultiQuadEnv] Steps 340001-360000 | pickups=6630 | deliveries=0 | total_pickups=114755 | total_deliveries=0
Eval @1208320 | stage_step= 727040 | sr=0.00% | reward=277.25 +/- 0.00 | pickups=2.00 deliveries=0.00 delivered_agents=0.00/2
Step 1210368 | stage_step= 729088 | Episodes: 100768
Step 1220608 | stage_step= 739328 | Episodes: 101617
Step 1230848 | stage_step= 749568 | Episodes: 102467
Eval @1232896 | stage_step= 751616 | sr=0.00% | reward=277.25 +/- 0.00 | pickups=2.00 deliveries=0.00 delivered_agents=0.00/2
Step 1241088 | stage_step= 759808 | Episodes: 103315
[MultiQuadEnv] Steps 360001-380000 | pickups=6631 | deliveries=0 | total_pickups=121386 | total_deliveries=0
Step 1251328 | stage_step= 770048 | Episodes: 104164
Eval @1257472 | stage_step= 776192 | sr=0.00% | reward=277.25 +/- 0.00 | pickups=2.00 deliveries=0.00 delivered_agents=0.00/2
Step 1261568 | stage_step= 780288 | Episodes: 105012
Step 1271808 | stage_step= 790528 | Episodes: 105859
Step 1280000 | stage_step= 798720 | Episodes: 106536
[MultiQuadEnv] Steps 380001-400000 | pickups=6631 | deliveries=0 | total_pickups=128017 | total_deliveries=0
Eval @1282048 | stage_step= 800768 | sr=0.00% | reward=277.25 +/- 0.00 | pickups=2.00 deliveries=0.00 delivered_agents=0.00/2
Step 1290240 | stage_step= 808960 | Episodes: 107381
Step 1300480 | stage_step= 819200 | Episodes: 108229
Eval @1306624 | stage_step= 825344 | sr=0.00% | reward=277.25 +/- 0.00 | pickups=2.00 deliveries=0.00 delivered_agents=0.00/2
Step 1310720 | stage_step= 829440 | Episodes: 109076
Step 1320960 | stage_step= 839680 | Episodes: 109925
[MultiQuadEnv] Steps 400001-420000 | pickups=6631 | deliveries=0 | total_pickups=134648 | total_deliveries=0
Step 1331200 | stage_step= 849920 | Episodes: 110772
Eval @1333248 | stage_step= 851968 | sr=0.00% | reward=277.25 +/- 0.00 | pickups=2.00 deliveries=0.00 delivered_agents=0.00/2
Step 1341440 | stage_step= 860160 | Episodes: 111620
Step 1351680 | stage_step= 870400 | Episodes: 112470
Eval @1357824 | stage_step= 876544 | sr=0.00% | reward=277.25 +/- 0.00 | pickups=2.00 deliveries=0.00 delivered_agents=0.00/2
[MultiQuadEnv] Steps 420001-440000 | pickups=6637 | deliveries=0 | total_pickups=141285 | total_deliveries=0
Step 1361920 | stage_step= 880640 | Episodes: 113320
Step 1370112 | stage_step= 888832 | Episodes: 113997
Step 1380352 | stage_step= 899072 | Episodes: 114846
Eval @1382400 | stage_step= 901120 | sr=0.00% | reward=277.25 +/- 0.00 | pickups=2.00 deliveries=0.00 delivered_agents=0.00/2
Step 1390592 | stage_step= 909312 | Episodes: 115696
Step 1400832 | stage_step= 919552 | Episodes: 116546
[MultiQuadEnv] Steps 440001-460000 | pickups=6639 | deliveries=0 | total_pickups=147924 | total_deliveries=0
Eval @1406976 | stage_step= 925696 | sr=0.00% | reward=277.25 +/- 0.00 | pickups=2.00 deliveries=0.00 delivered_agents=0.00/2
Step 1411072 | stage_step= 929792 | Episodes: 117396
Step 1421312 | stage_step= 940032 | Episodes: 118246
Step 1431552 | stage_step= 950272 | Episodes: 119096
Eval @1431552 | stage_step= 950272 | sr=0.00% | reward=277.25 +/- 0.00 | pickups=2.00 deliveries=0.00 delivered_agents=0.00/2
[MultiQuadEnv] Steps 460001-480000 | pickups=6647 | deliveries=0 | total_pickups=154571 | total_deliveries=0
Step 1441792 | stage_step= 960512 | Episodes: 119946
Step 1452032 | stage_step= 970752 | Episodes: 120796
Eval @1458176 | stage_step= 976896 | sr=0.00% | reward=277.25 +/- 0.00 | pickups=2.00 deliveries=0.00 delivered_agents=0.00/2
Step 1460224 | stage_step= 978944 | Episodes: 121476
Step 1470464 | stage_step= 989184 | Episodes: 122326
Step 1480704 | stage_step= 999424 | Episodes: 123176
[MultiQuadEnv] Steps 480001-500000 | pickups=6649 | deliveries=0 | total_pickups=161220 | total_deliveries=0
Eval @1482752 | stage_step=1001472 | sr=0.00% | reward=277.25 +/- 0.00 | pickups=2.00 deliveries=0.00 delivered_agents=0.00/2
Full budget used for s4_wider_t_branch_fixed. Best stage success=0.00%.
No successful checkpoint found for s4_wider_t_branch_fixed; restored pre-stage model.
Final eval | success_rate=100.00% | mean_reward=2297.40 +/- 0.00 | pickups=2.00 deliveries=2.00 | delivered_agents=2.00/2 

### SLOW FIXED SWEEP 2/20: quad_physics_mappo_fixed_v12_slow_sweep_base_seed11 ###

Using device: cpu
Initial Quad MAPPO: agents=2 obs=(36,) grid=(6, 5) starts=[(4, 2), (3, 2)] package=(2, 2) deliveries=[(1, 1), (1, 3)] lanes=6 rand_pkg=False rand_del=False dt=0.05 substeps=8 max_tilt=0.32

=== Stage 1/25: s1_short_t_fixed (fixed positions) ===
Stage: agents=2 obs=(36,) grid=(6, 5) starts=[(4, 2), (3, 2)] package=(2, 2) deliveries=[(1, 1), (1, 3)] lanes=6 rand_pkg=False rand_del=False dt=0.05 substeps=8 max_tilt=0.32
Step   10240 | stage_step=  10240 | Episodes:   997
Step   20480 | stage_step=  20480 | Episodes:  2048
Eval @  20480 | stage_step=  20480 | sr=0.00% | reward=127.20 +/- 0.00 | pickups=1.00 deliveries=0.00 delivered_agents=0.00/2
Step   30720 | stage_step=  30720 | Episodes:  3070
[MultiQuadEnv] Steps 1-20000 | pickups=2625 | deliveries=317 | total_pickups=2625 | total_deliveries=317
Step   40960 | stage_step=  40960 | Episodes:  4095
Eval @  40960 | stage_step=  40960 | sr=0.00% | reward=128.00 +/- 0.00 | pickups=1.00 deliveries=0.00 delivered_agents=0.00/2
Step   51200 | stage_step=  51200 | Episodes:  5154
Step   61440 | stage_step=  61440 | Episodes:  6176
Eval @  61440 | stage_step=  61440 | sr=0.00% | reward=278.00 +/- 0.00 | pickups=2.00 deliveries=0.00 delivered_agents=0.00/2
Step   71680 | stage_step=  71680 | Episodes:  7226
[MultiQuadEnv] Steps 20001-40000 | pickups=4487 | deliveries=1061 | total_pickups=7112 | total_deliveries=1378
Step   81920 | stage_step=  81920 | Episodes:  8294
Eval @  81920 | stage_step=  81920 | sr=0.00% | reward=777.80 +/- 0.00 | pickups=2.00 deliveries=1.00 delivered_agents=1.00/2
Step   90112 | stage_step=  90112 | Episodes:  9138
Step  100352 | stage_step= 100352 | Episodes: 10211
Eval @ 100352 | stage_step= 100352 | sr=100.00% | reward=2298.00 +/- 0.00 | pickups=2.00 deliveries=2.00 delivered_agents=2.00/2
Early promotion from s1_short_t_fixed: 100.00% >= 90.00%
Restored best for s1_short_t_fixed: sr=100.00% | reward=2298.00

=== Stage 2/25: s2_wider_t_stem_fixed (fixed positions) ===
Stage: agents=2 obs=(36,) grid=(8, 9) starts=[(6, 4), (5, 4)] package=(3, 4) deliveries=[(2, 4), (1, 4)] lanes=12 rand_pkg=False rand_del=False dt=0.05 substeps=8 max_tilt=0.32
Step  110592 | stage_step=  10240 | Episodes: 11231
Step  120832 | stage_step=  20480 | Episodes: 12173
Eval @ 126976 | stage_step=  26624 | sr=100.00% | reward=2247.60 +/- 0.00 | pickups=2.00 deliveries=2.00 delivered_agents=2.00/2
Step  131072 | stage_step=  30720 | Episodes: 13058
[MultiQuadEnv] Steps 1-20000 | pickups=3791 | deliveries=1880 | total_pickups=3791 | total_deliveries=1880
Step  141312 | stage_step=  40960 | Episodes: 13907
Step  151552 | stage_step=  51200 | Episodes: 14711
Eval @ 151552 | stage_step=  51200 | sr=100.00% | reward=2247.60 +/- 0.00 | pickups=2.00 deliveries=2.00 delivered_agents=2.00/2
Step  161792 | stage_step=  61440 | Episodes: 15477
Step  172032 | stage_step=  71680 | Episodes: 16218
Eval @ 176128 | stage_step=  75776 | sr=100.00% | reward=2247.40 +/- 0.00 | pickups=2.00 deliveries=2.00 delivered_agents=2.00/2
Step  180224 | stage_step=  79872 | Episodes: 16782
[MultiQuadEnv] Steps 20001-40000 | pickups=4582 | deliveries=3444 | total_pickups=8373 | total_deliveries=5324
Step  190464 | stage_step=  90112 | Episodes: 17487
Step  200704 | stage_step= 100352 | Episodes: 18183
Eval @ 200704 | stage_step= 100352 | sr=100.00% | reward=2247.60 +/- 0.00 | pickups=2.00 deliveries=2.00 delivered_agents=2.00/2
Early promotion from s2_wider_t_stem_fixed: 100.00% >= 85.00%
Restored best for s2_wider_t_stem_fixed: sr=100.00% | reward=2247.60

=== Stage 3/25: s3_wider_t_near_branch_fixed (fixed positions) ===
Stage: agents=2 obs=(36,) grid=(8, 9) starts=[(6, 4), (5, 4)] package=(2, 4) deliveries=[(1, 3), (1, 5)] lanes=12 rand_pkg=False rand_del=False dt=0.05 substeps=8 max_tilt=0.32
Step  210944 | stage_step=  10240 | Episodes: 19023
Step  221184 | stage_step=  20480 | Episodes: 19808
Eval @ 227328 | stage_step=  26624 | sr=0.00% | reward=261.20 +/- 0.00 | pickups=2.00 deliveries=0.00 delivered_agents=0.00/2
Step  231424 | stage_step=  30720 | Episodes: 20550
[MultiQuadEnv] Steps 1-20000 | pickups=3385 | deliveries=417 | total_pickups=3385 | total_deliveries=417
Step  241664 | stage_step=  40960 | Episodes: 21263
Step  251904 | stage_step=  51200 | Episodes: 21964
Eval @ 251904 | stage_step=  51200 | sr=0.00% | reward=261.20 +/- 0.00 | pickups=2.00 deliveries=0.00 delivered_agents=0.00/2
Step  260096 | stage_step=  59392 | Episodes: 22530
Step  270336 | stage_step=  69632 | Episodes: 23212
Eval @ 276480 | stage_step=  75776 | sr=0.00% | reward=777.20 +/- 0.00 | pickups=2.00 deliveries=1.00 delivered_agents=1.00/2
Step  280576 | stage_step=  79872 | Episodes: 23875
[MultiQuadEnv] Steps 20001-40000 | pickups=3822 | deliveries=686 | total_pickups=7207 | total_deliveries=1103
Step  290816 | stage_step=  90112 | Episodes: 24528
Step  301056 | stage_step= 100352 | Episodes: 25167
Eval @ 301056 | stage_step= 100352 | sr=0.00% | reward=777.00 +/- 0.00 | pickups=2.00 deliveries=1.00 delivered_agents=1.00/2
Step  311296 | stage_step= 110592 | Episodes: 25804
[MultiQuadEnv] Steps 40001-60000 | pickups=3597 | deliveries=987 | total_pickups=10804 | total_deliveries=2090
Step  321536 | stage_step= 120832 | Episodes: 26456
Eval @ 327680 | stage_step= 126976 | sr=100.00% | reward=2296.60 +/- 0.00 | pickups=2.00 deliveries=2.00 delivered_agents=2.00/2
Early promotion from s3_wider_t_near_branch_fixed: 100.00% >= 75.00%
Restored best for s3_wider_t_near_branch_fixed: sr=100.00% | reward=2296.60

=== Stage 4/25: s4_wider_t_branch_fixed (fixed positions) ===
Stage: agents=2 obs=(36,) grid=(8, 9) starts=[(6, 4), (5, 4)] package=(3, 4) deliveries=[(1, 1), (1, 7)] lanes=12 rand_pkg=False rand_del=False dt=0.05 substeps=8 max_tilt=0.32
Step  331776 | stage_step=   4096 | Episodes: 27167
Step  342016 | stage_step=  14336 | Episodes: 27910
Step  350208 | stage_step=  22528 | Episodes: 28459
Eval @ 354304 | stage_step=  26624 | sr=0.00% | reward=276.80 +/- 0.00 | pickups=2.00 deliveries=0.00 delivered_agents=0.00/2
Step  360448 | stage_step=  32768 | Episodes: 29146
[MultiQuadEnv] Steps 1-20000 | pickups=4825 | deliveries=9 | total_pickups=4825 | total_deliveries=9
Step  370688 | stage_step=  43008 | Episodes: 29819
Eval @ 378880 | stage_step=  51200 | sr=0.00% | reward=276.80 +/- 0.00 | pickups=2.00 deliveries=0.00 delivered_agents=0.00/2
Step  380928 | stage_step=  53248 | Episodes: 30477
Step  391168 | stage_step=  63488 | Episodes: 31106
Step  401408 | stage_step=  73728 | Episodes: 31639
Eval @ 403456 | stage_step=  75776 | sr=0.00% | reward=275.75 +/- 0.00 | pickups=2.00 deliveries=0.00 delivered_agents=0.00/2
[MultiQuadEnv] Steps 20001-40000 | pickups=4479 | deliveries=253 | total_pickups=9304 | total_deliveries=262
Step  411648 | stage_step=  83968 | Episodes: 32064
Step  421888 | stage_step=  94208 | Episodes: 32420
Eval @ 428032 | stage_step= 100352 | sr=0.00% | reward=26.80 +/- 0.00 | pickups=2.00 deliveries=1.00 delivered_agents=1.00/2
Step  430080 | stage_step= 102400 | Episodes: 32670
Step  440320 | stage_step= 112640 | Episodes: 32913
[MultiQuadEnv] Steps 40001-60000 | pickups=2209 | deliveries=662 | total_pickups=11513 | total_deliveries=924
Step  450560 | stage_step= 122880 | Episodes: 33073
Eval @ 454656 | stage_step= 126976 | sr=0.00% | reward=32.55 +/- 0.00 | pickups=2.00 deliveries=1.00 delivered_agents=1.00/2
Step  460800 | stage_step= 133120 | Episodes: 33187
Step  471040 | stage_step= 143360 | Episodes: 33324
Eval @ 479232 | stage_step= 151552 | sr=0.00% | reward=26.75 +/- 0.00 | pickups=2.00 deliveries=1.00 delivered_agents=1.00/2
Step  481280 | stage_step= 153600 | Episodes: 33477
[MultiQuadEnv] Steps 60001-80000 | pickups=1095 | deliveries=395 | total_pickups=12608 | total_deliveries=1319
Step  491520 | stage_step= 163840 | Episodes: 33630
Step  501760 | stage_step= 174080 | Episodes: 33800
Eval @ 503808 | stage_step= 176128 | sr=0.00% | reward=770.75 +/- 0.00 | pickups=2.00 deliveries=1.00 delivered_agents=1.00/2
Step  512000 | stage_step= 184320 | Episodes: 33952
Step  520192 | stage_step= 192512 | Episodes: 34092
[MultiQuadEnv] Steps 80001-100000 | pickups=1343 | deliveries=550 | total_pickups=13951 | total_deliveries=1869
Eval @ 528384 | stage_step= 200704 | sr=0.00% | reward=770.80 +/- 0.00 | pickups=2.00 deliveries=1.00 delivered_agents=1.00/2
Step  530432 | stage_step= 202752 | Episodes: 34307
Step  540672 | stage_step= 212992 | Episodes: 34521
Step  550912 | stage_step= 223232 | Episodes: 34738
Eval @ 552960 | stage_step= 225280 | sr=0.00% | reward=24.15 +/- 0.00 | pickups=2.00 deliveries=1.00 delivered_agents=1.00/2
Step  561152 | stage_step= 233472 | Episodes: 34950
[MultiQuadEnv] Steps 100001-120000 | pickups=1684 | deliveries=686 | total_pickups=15635 | total_deliveries=2555
Step  571392 | stage_step= 243712 | Episodes: 35185
Eval @ 579584 | stage_step= 251904 | sr=0.00% | reward=27.00 +/- 0.00 | pickups=2.00 deliveries=1.00 delivered_agents=1.00/2
Step  581632 | stage_step= 253952 | Episodes: 35410
Step  591872 | stage_step= 264192 | Episodes: 35641
Step  600064 | stage_step= 272384 | Episodes: 35835
Eval @ 604160 | stage_step= 276480 | sr=0.00% | reward=28.30 +/- 0.00 | pickups=2.00 deliveries=1.00 delivered_agents=1.00/2
[MultiQuadEnv] Steps 120001-140000 | pickups=1792 | deliveries=779 | total_pickups=17427 | total_deliveries=3334
Step  610304 | stage_step= 282624 | Episodes: 36054
Step  620544 | stage_step= 292864 | Episodes: 36266
Eval @ 628736 | stage_step= 301056 | sr=0.00% | reward=28.30 +/- 0.00 | pickups=2.00 deliveries=1.00 delivered_agents=1.00/2
Step  630784 | stage_step= 303104 | Episodes: 36482
Step  641024 | stage_step= 313344 | Episodes: 36695
[MultiQuadEnv] Steps 140001-160000 | pickups=1682 | deliveries=735 | total_pickups=19109 | total_deliveries=4069
Step  651264 | stage_step= 323584 | Episodes: 36910
Eval @ 653312 | stage_step= 325632 | sr=0.00% | reward=30.95 +/- 0.00 | pickups=2.00 deliveries=1.00 delivered_agents=1.00/2
Step  661504 | stage_step= 333824 | Episodes: 37140
Step  671744 | stage_step= 344064 | Episodes: 37347
Eval @ 677888 | stage_step= 350208 | sr=0.00% | reward=25.65 +/- 0.00 | pickups=2.00 deliveries=1.00 delivered_agents=1.00/2
Step  681984 | stage_step= 354304 | Episodes: 37565
[MultiQuadEnv] Steps 160001-180000 | pickups=1709 | deliveries=739 | total_pickups=20818 | total_deliveries=4808
Step  690176 | stage_step= 362496 | Episodes: 37733
Step  700416 | stage_step= 372736 | Episodes: 37966
Eval @ 704512 | stage_step= 376832 | sr=0.00% | reward=25.65 +/- 0.00 | pickups=2.00 deliveries=1.00 delivered_agents=1.00/2
Step  710656 | stage_step= 382976 | Episodes: 38192
Step  720896 | stage_step= 393216 | Episodes: 38432
[MultiQuadEnv] Steps 180001-200000 | pickups=1859 | deliveries=830 | total_pickups=22677 | total_deliveries=5638
Eval @ 729088 | stage_step= 401408 | sr=0.00% | reward=772.65 +/- 0.00 | pickups=2.00 deliveries=1.00 delivered_agents=1.00/2
Step  731136 | stage_step= 403456 | Episodes: 38680
Step  741376 | stage_step= 413696 | Episodes: 38926
Step  751616 | stage_step= 423936 | Episodes: 39198
Eval @ 753664 | stage_step= 425984 | sr=0.00% | reward=25.65 +/- 0.00 | pickups=2.00 deliveries=1.00 delivered_agents=1.00/2
Step  761856 | stage_step= 434176 | Episodes: 39438
[MultiQuadEnv] Steps 200001-220000 | pickups=1956 | deliveries=847 | total_pickups=24633 | total_deliveries=6485
Step  770048 | stage_step= 442368 | Episodes: 39644
Eval @ 778240 | stage_step= 450560 | sr=0.00% | reward=774.20 +/- 0.00 | pickups=2.00 deliveries=1.00 delivered_agents=1.00/2
Step  780288 | stage_step= 452608 | Episodes: 39907
Step  790528 | stage_step= 462848 | Episodes: 40168
Step  800768 | stage_step= 473088 | Episodes: 40439
Eval @ 802816 | stage_step= 475136 | sr=0.00% | reward=774.45 +/- 0.00 | pickups=2.00 deliveries=1.00 delivered_agents=1.00/2
[MultiQuadEnv] Steps 220001-240000 | pickups=2105 | deliveries=923 | total_pickups=26738 | total_deliveries=7408
Step  811008 | stage_step= 483328 | Episodes: 40719
Step  821248 | stage_step= 493568 | Episodes: 40974
Eval @ 829440 | stage_step= 501760 | sr=0.00% | reward=773.95 +/- 0.00 | pickups=2.00 deliveries=1.00 delivered_agents=1.00/2
Step  831488 | stage_step= 503808 | Episodes: 41310
Step  841728 | stage_step= 514048 | Episodes: 41624
[MultiQuadEnv] Steps 240001-260000 | pickups=2307 | deliveries=1056 | total_pickups=29045 | total_deliveries=8464
Step  851968 | stage_step= 524288 | Episodes: 41947
Eval @ 854016 | stage_step= 526336 | sr=0.00% | reward=774.70 +/- 0.00 | pickups=2.00 deliveries=1.00 delivered_agents=1.00/2
Step  860160 | stage_step= 532480 | Episodes: 42195
Step  870400 | stage_step= 542720 | Episodes: 42522
Eval @ 878592 | stage_step= 550912 | sr=0.00% | reward=775.10 +/- 0.00 | pickups=2.00 deliveries=1.00 delivered_agents=1.00/2
Step  880640 | stage_step= 552960 | Episodes: 42836
[MultiQuadEnv] Steps 260001-280000 | pickups=2485 | deliveries=1147 | total_pickups=31530 | total_deliveries=9611
Step  890880 | stage_step= 563200 | Episodes: 43167
Step  901120 | stage_step= 573440 | Episodes: 43534
Eval @ 903168 | stage_step= 575488 | sr=0.00% | reward=775.45 +/- 0.00 | pickups=2.00 deliveries=1.00 delivered_agents=1.00/2
Step  911360 | stage_step= 583680 | Episodes: 43884
Step  921600 | stage_step= 593920 | Episodes: 44252
[MultiQuadEnv] Steps 280001-300000 | pickups=2802 | deliveries=1303 | total_pickups=34332 | total_deliveries=10914
Eval @ 927744 | stage_step= 600064 | sr=0.00% | reward=775.35 +/- 0.00 | pickups=2.00 deliveries=1.00 delivered_agents=1.00/2
Step  931840 | stage_step= 604160 | Episodes: 44618
Step  940032 | stage_step= 612352 | Episodes: 44911
Step  950272 | stage_step= 622592 | Episodes: 45280
Eval @ 954368 | stage_step= 626688 | sr=0.00% | reward=775.05 +/- 0.00 | pickups=2.00 deliveries=1.00 delivered_agents=1.00/2
Step  960512 | stage_step= 632832 | Episodes: 45647
[MultiQuadEnv] Steps 300001-320000 | pickups=2904 | deliveries=1342 | total_pickups=37236 | total_deliveries=12256
Step  970752 | stage_step= 643072 | Episodes: 46047
Eval @ 978944 | stage_step= 651264 | sr=0.00% | reward=774.70 +/- 0.00 | pickups=2.00 deliveries=1.00 delivered_agents=1.00/2
Step  980992 | stage_step= 653312 | Episodes: 46416
Step  991232 | stage_step= 663552 | Episodes: 46805
Step 1001472 | stage_step= 673792 | Episodes: 47142
Eval @1003520 | stage_step= 675840 | sr=0.00% | reward=774.70 +/- 0.00 | pickups=2.00 deliveries=1.00 delivered_agents=1.00/2
[MultiQuadEnv] Steps 320001-340000 | pickups=2856 | deliveries=1350 | total_pickups=40092 | total_deliveries=13606
Step 1011712 | stage_step= 684032 | Episodes: 47489
Step 1021952 | stage_step= 694272 | Episodes: 47857
Eval @1028096 | stage_step= 700416 | sr=0.00% | reward=774.65 +/- 0.00 | pickups=2.00 deliveries=1.00 delivered_agents=1.00/2
Step 1030144 | stage_step= 702464 | Episodes: 48131
Step 1040384 | stage_step= 712704 | Episodes: 48453
[MultiQuadEnv] Steps 340001-360000 | pickups=2657 | deliveries=1266 | total_pickups=42749 | total_deliveries=14872
Step 1050624 | stage_step= 722944 | Episodes: 48777
Eval @1054720 | stage_step= 727040 | sr=0.00% | reward=775.25 +/- 0.00 | pickups=2.00 deliveries=1.00 delivered_agents=1.00/2
Step 1060864 | stage_step= 733184 | Episodes: 49142
Step 1071104 | stage_step= 743424 | Episodes: 49535
Eval @1079296 | stage_step= 751616 | sr=0.00% | reward=775.25 +/- 0.00 | pickups=2.00 deliveries=1.00 delivered_agents=1.00/2
Step 1081344 | stage_step= 753664 | Episodes: 49919
[MultiQuadEnv] Steps 360001-380000 | pickups=2966 | deliveries=1384 | total_pickups=45715 | total_deliveries=16256
Step 1091584 | stage_step= 763904 | Episodes: 50308
Step 1101824 | stage_step= 774144 | Episodes: 50680
Eval @1103872 | stage_step= 776192 | sr=0.00% | reward=775.55 +/- 0.00 | pickups=2.00 deliveries=1.00 delivered_agents=1.00/2
Step 1110016 | stage_step= 782336 | Episodes: 50962
Step 1120256 | stage_step= 792576 | Episodes: 51334
[MultiQuadEnv] Steps 380001-400000 | pickups=2912 | deliveries=1365 | total_pickups=48627 | total_deliveries=17621
Eval @1128448 | stage_step= 800768 | sr=0.00% | reward=775.55 +/- 0.00 | pickups=2.00 deliveries=1.00 delivered_agents=1.00/2
Step 1130496 | stage_step= 802816 | Episodes: 51729
Step 1140736 | stage_step= 813056 | Episodes: 52109
Step 1150976 | stage_step= 823296 | Episodes: 52483
Eval @1153024 | stage_step= 825344 | sr=0.00% | reward=775.55 +/- 0.00 | pickups=2.00 deliveries=1.00 delivered_agents=1.00/2
Step 1161216 | stage_step= 833536 | Episodes: 52845
[MultiQuadEnv] Steps 400001-420000 | pickups=2940 | deliveries=1259 | total_pickups=51567 | total_deliveries=18880
Step 1171456 | stage_step= 843776 | Episodes: 53219
Eval @1179648 | stage_step= 851968 | sr=0.00% | reward=774.90 +/- 0.00 | pickups=2.00 deliveries=1.00 delivered_agents=1.00/2
Step 1181696 | stage_step= 854016 | Episodes: 53611
Step 1191936 | stage_step= 864256 | Episodes: 53995
Step 1200128 | stage_step= 872448 | Episodes: 54281
Eval @1204224 | stage_step= 876544 | sr=0.00% | reward=774.90 +/- 0.00 | pickups=2.00 deliveries=1.00 delivered_agents=1.00/2
[MultiQuadEnv] Steps 420001-440000 | pickups=2866 | deliveries=957 | total_pickups=54433 | total_deliveries=19837
Step 1210368 | stage_step= 882688 | Episodes: 54617
Step 1220608 | stage_step= 892928 | Episodes: 54958
Eval @1228800 | stage_step= 901120 | sr=0.00% | reward=775.30 +/- 0.00 | pickups=2.00 deliveries=1.00 delivered_agents=1.00/2
Step 1230848 | stage_step= 903168 | Episodes: 55319
Step 1241088 | stage_step= 913408 | Episodes: 55660
[MultiQuadEnv] Steps 440001-460000 | pickups=2678 | deliveries=1133 | total_pickups=57111 | total_deliveries=20970
Step 1251328 | stage_step= 923648 | Episodes: 55994
Eval @1253376 | stage_step= 925696 | sr=0.00% | reward=774.90 +/- 0.00 | pickups=2.00 deliveries=1.00 delivered_agents=1.00/2
Step 1261568 | stage_step= 933888 | Episodes: 56339
Step 1271808 | stage_step= 944128 | Episodes: 56695
Eval @1277952 | stage_step= 950272 | sr=0.00% | reward=774.90 +/- 0.00 | pickups=2.00 deliveries=1.00 delivered_agents=1.00/2
Step 1280000 | stage_step= 952320 | Episodes: 56973
[MultiQuadEnv] Steps 460001-480000 | pickups=2696 | deliveries=1227 | total_pickups=59807 | total_deliveries=22197
Step 1290240 | stage_step= 962560 | Episodes: 57315
Step 1300480 | stage_step= 972800 | Episodes: 57679
Eval @1304576 | stage_step= 976896 | sr=0.00% | reward=775.65 +/- 0.00 | pickups=2.00 deliveries=1.00 delivered_agents=1.00/2
Step 1310720 | stage_step= 983040 | Episodes: 58020
Step 1320960 | stage_step= 993280 | Episodes: 58392
[MultiQuadEnv] Steps 480001-500000 | pickups=2720 | deliveries=1288 | total_pickups=62527 | total_deliveries=23485
Eval @1329152 | stage_step=1001472 | sr=0.00% | reward=775.30 +/- 0.00 | pickups=2.00 deliveries=1.00 delivered_agents=1.00/2
Full budget used for s4_wider_t_branch_fixed. Best stage success=0.00%.
No successful checkpoint found for s4_wider_t_branch_fixed; restored pre-stage model.
Final eval | success_rate=100.00% | mean_reward=2296.60 +/- 0.00 | pickups=2.00 deliveries=2.00 | delivered_agents=2.00/2 

### SLOW FIXED SWEEP 3/20: quad_physics_mappo_fixed_v12_slow_sweep_base_seed23 ###

Using device: cpu
Initial Quad MAPPO: agents=2 obs=(36,) grid=(6, 5) starts=[(4, 2), (3, 2)] package=(2, 2) deliveries=[(1, 1), (1, 3)] lanes=6 rand_pkg=False rand_del=False dt=0.05 substeps=8 max_tilt=0.32

=== Stage 1/25: s1_short_t_fixed (fixed positions) ===
Stage: agents=2 obs=(36,) grid=(6, 5) starts=[(4, 2), (3, 2)] package=(2, 2) deliveries=[(1, 1), (1, 3)] lanes=6 rand_pkg=False rand_del=False dt=0.05 substeps=8 max_tilt=0.32
Step   10240 | stage_step=  10240 | Episodes:   938
Step   20480 | stage_step=  20480 | Episodes:  1939
Eval @  20480 | stage_step=  20480 | sr=0.00% | reward=625.00 +/- 0.00 | pickups=1.00 deliveries=1.00 delivered_agents=1.00/2
Step   30720 | stage_step=  30720 | Episodes:  2907
[MultiQuadEnv] Steps 1-20000 | pickups=2443 | deliveries=401 | total_pickups=2443 | total_deliveries=401
Step   40960 | stage_step=  40960 | Episodes:  3810
Eval @  40960 | stage_step=  40960 | sr=0.00% | reward=777.00 +/- 0.00 | pickups=2.00 deliveries=1.00 delivered_agents=1.00/2
Step   51200 | stage_step=  51200 | Episodes:  4711
Step   61440 | stage_step=  61440 | Episodes:  5563
Eval @  61440 | stage_step=  61440 | sr=0.00% | reward=777.20 +/- 0.00 | pickups=2.00 deliveries=1.00 delivered_agents=1.00/2
Step   71680 | stage_step=  71680 | Episodes:  6344
[MultiQuadEnv] Steps 20001-40000 | pickups=4158 | deliveries=1553 | total_pickups=6601 | total_deliveries=1954
Step   81920 | stage_step=  81920 | Episodes:  7091
Eval @  81920 | stage_step=  81920 | sr=100.00% | reward=2297.20 +/- 0.00 | pickups=2.00 deliveries=2.00 delivered_agents=2.00/2
Early promotion from s1_short_t_fixed: 100.00% >= 90.00%
Restored best for s1_short_t_fixed: sr=100.00% | reward=2297.20

=== Stage 2/25: s2_wider_t_stem_fixed (fixed positions) ===
Stage: agents=2 obs=(36,) grid=(8, 9) starts=[(6, 4), (5, 4)] package=(3, 4) deliveries=[(2, 4), (1, 4)] lanes=12 rand_pkg=False rand_del=False dt=0.05 substeps=8 max_tilt=0.32
Step   90112 | stage_step=   8192 | Episodes:  7770
Step  100352 | stage_step=  18432 | Episodes:  8565
Eval @ 108544 | stage_step=  26624 | sr=100.00% | reward=2247.40 +/- 0.00 | pickups=2.00 deliveries=2.00 delivered_agents=2.00/2
Step  110592 | stage_step=  28672 | Episodes:  9365
Step  120832 | stage_step=  38912 | Episodes: 10158
[MultiQuadEnv] Steps 1-20000 | pickups=3863 | deliveries=2191 | total_pickups=3863 | total_deliveries=2191
Step  131072 | stage_step=  49152 | Episodes: 10939
Eval @ 133120 | stage_step=  51200 | sr=100.00% | reward=2247.40 +/- 0.00 | pickups=2.00 deliveries=2.00 delivered_agents=2.00/2
Step  141312 | stage_step=  59392 | Episodes: 11735
Step  151552 | stage_step=  69632 | Episodes: 12536
Eval @ 157696 | stage_step=  75776 | sr=100.00% | reward=2247.40 +/- 0.00 | pickups=2.00 deliveries=2.00 delivered_agents=2.00/2
Step  161792 | stage_step=  79872 | Episodes: 13317
[MultiQuadEnv] Steps 20001-40000 | pickups=4574 | deliveries=3376 | total_pickups=8437 | total_deliveries=5567
Step  172032 | stage_step=  90112 | Episodes: 14082
Step  180224 | stage_step=  98304 | Episodes: 14688
Eval @ 182272 | stage_step= 100352 | sr=100.00% | reward=2247.40 +/- 0.00 | pickups=2.00 deliveries=2.00 delivered_agents=2.00/2
Early promotion from s2_wider_t_stem_fixed: 100.00% >= 85.00%
Restored best for s2_wider_t_stem_fixed: sr=100.00% | reward=2247.40

=== Stage 3/25: s3_wider_t_near_branch_fixed (fixed positions) ===
Stage: agents=2 obs=(36,) grid=(8, 9) starts=[(6, 4), (5, 4)] package=(2, 4) deliveries=[(1, 3), (1, 5)] lanes=12 rand_pkg=False rand_del=False dt=0.05 substeps=8 max_tilt=0.32
Step  190464 | stage_step=   8192 | Episodes: 15415
Step  200704 | stage_step=  18432 | Episodes: 16104
Eval @ 208896 | stage_step=  26624 | sr=0.00% | reward=777.00 +/- 0.00 | pickups=2.00 deliveries=1.00 delivered_agents=1.00/2
Step  210944 | stage_step=  28672 | Episodes: 16757
Step  221184 | stage_step=  38912 | Episodes: 17373
[MultiQuadEnv] Steps 1-20000 | pickups=3622 | deliveries=822 | total_pickups=3622 | total_deliveries=822
Step  231424 | stage_step=  49152 | Episodes: 17998
Eval @ 233472 | stage_step=  51200 | sr=100.00% | reward=2296.60 +/- 0.00 | pickups=2.00 deliveries=2.00 delivered_agents=2.00/2
Step  241664 | stage_step=  59392 | Episodes: 18580
Step  251904 | stage_step=  69632 | Episodes: 19167
Eval @ 258048 | stage_step=  75776 | sr=100.00% | reward=2296.60 +/- 0.00 | pickups=2.00 deliveries=2.00 delivered_agents=2.00/2
Step  260096 | stage_step=  77824 | Episodes: 19636
[MultiQuadEnv] Steps 20001-40000 | pickups=3221 | deliveries=1623 | total_pickups=6843 | total_deliveries=2445
Step  270336 | stage_step=  88064 | Episodes: 20203
Step  280576 | stage_step=  98304 | Episodes: 20773
Eval @ 282624 | stage_step= 100352 | sr=100.00% | reward=2296.60 +/- 0.00 | pickups=2.00 deliveries=2.00 delivered_agents=2.00/2
Early promotion from s3_wider_t_near_branch_fixed: 100.00% >= 75.00%
Restored best for s3_wider_t_near_branch_fixed: sr=100.00% | reward=2296.60

=== Stage 4/25: s4_wider_t_branch_fixed (fixed positions) ===
Stage: agents=2 obs=(36,) grid=(8, 9) starts=[(6, 4), (5, 4)] package=(3, 4) deliveries=[(1, 1), (1, 7)] lanes=12 rand_pkg=False rand_del=False dt=0.05 substeps=8 max_tilt=0.32
Step  290816 | stage_step=   8192 | Episodes: 21456
Step  301056 | stage_step=  18432 | Episodes: 22090
Eval @ 309248 | stage_step=  26624 | sr=0.00% | reward=276.25 +/- 0.00 | pickups=2.00 deliveries=0.00 delivered_agents=0.00/2
Step  311296 | stage_step=  28672 | Episodes: 22676
Step  321536 | stage_step=  38912 | Episodes: 23237
[MultiQuadEnv] Steps 1-20000 | pickups=4311 | deliveries=150 | total_pickups=4311 | total_deliveries=150
Step  331776 | stage_step=  49152 | Episodes: 23774
Eval @ 333824 | stage_step=  51200 | sr=0.00% | reward=774.70 +/- 0.00 | pickups=2.00 deliveries=1.00 delivered_agents=1.00/2
Step  342016 | stage_step=  59392 | Episodes: 24287
Step  350208 | stage_step=  67584 | Episodes: 24669
Eval @ 358400 | stage_step=  75776 | sr=0.00% | reward=774.60 +/- 0.00 | pickups=2.00 deliveries=1.00 delivered_agents=1.00/2
Step  360448 | stage_step=  77824 | Episodes: 25124
[MultiQuadEnv] Steps 20001-40000 | pickups=3684 | deliveries=728 | total_pickups=7995 | total_deliveries=878
Step  370688 | stage_step=  88064 | Episodes: 25555
Step  380928 | stage_step=  98304 | Episodes: 25964
Eval @ 382976 | stage_step= 100352 | sr=0.00% | reward=774.50 +/- 0.00 | pickups=2.00 deliveries=1.00 delivered_agents=1.00/2
Step  391168 | stage_step= 108544 | Episodes: 26369
Step  401408 | stage_step= 118784 | Episodes: 26766
[MultiQuadEnv] Steps 40001-60000 | pickups=3138 | deliveries=1145 | total_pickups=11133 | total_deliveries=2023
Eval @ 409600 | stage_step= 126976 | sr=0.00% | reward=774.50 +/- 0.00 | pickups=2.00 deliveries=1.00 delivered_agents=1.00/2
Step  411648 | stage_step= 129024 | Episodes: 27171
Step  421888 | stage_step= 139264 | Episodes: 27574
Step  430080 | stage_step= 147456 | Episodes: 27891
Eval @ 434176 | stage_step= 151552 | sr=0.00% | reward=774.20 +/- 0.00 | pickups=2.00 deliveries=1.00 delivered_agents=1.00/2
Step  440320 | stage_step= 157696 | Episodes: 28296
[MultiQuadEnv] Steps 60001-80000 | pickups=3124 | deliveries=1337 | total_pickups=14257 | total_deliveries=3360
Step  450560 | stage_step= 167936 | Episodes: 28710
Eval @ 458752 | stage_step= 176128 | sr=100.00% | reward=2294.60 +/- 0.00 | pickups=2.00 deliveries=2.00 delivered_agents=2.00/2
Early promotion from s4_wider_t_branch_fixed: 100.00% >= 80.00%
Restored best for s4_wider_t_branch_fixed: sr=100.00% | reward=2294.60
Set actor_log_std=-0.35 for stage exploration

=== Stage 5/25: s5_tiny_pipe_line_fixed (fixed positions) ===
Stage: agents=2 obs=(36,) grid=(12, 12) starts=[(2, 3), (2, 4)] package=(2, 5) deliveries=[(2, 6), (2, 7)] lanes=47 rand_pkg=False rand_del=False dt=0.05 substeps=8 max_tilt=0.32
Step  460800 | stage_step=   2048 | Episodes: 29355
Step  471040 | stage_step=  12288 | Episodes: 30748
Step  481280 | stage_step=  22528 | Episodes: 31413
Eval @ 485376 | stage_step=  26624 | sr=0.00% | reward=71.00 +/- 0.00 | pickups=1.00 deliveries=0.00 delivered_agents=0.00/2
Step  491520 | stage_step=  32768 | Episodes: 31800
[MultiQuadEnv] Steps 1-20000 | pickups=1372 | deliveries=462 | total_pickups=1372 | total_deliveries=462
Step  501760 | stage_step=  43008 | Episodes: 32167
Eval @ 509952 | stage_step=  51200 | sr=100.00% | reward=2244.80 +/- 0.00 | pickups=2.00 deliveries=2.00 delivered_agents=2.00/2
Step  512000 | stage_step=  53248 | Episodes: 32519
Step  520192 | stage_step=  61440 | Episodes: 32835
Step  530432 | stage_step=  71680 | Episodes: 33258
Eval @ 534528 | stage_step=  75776 | sr=100.00% | reward=2246.20 +/- 0.00 | pickups=2.00 deliveries=2.00 delivered_agents=2.00/2
[MultiQuadEnv] Steps 20001-40000 | pickups=2324 | deliveries=1738 | total_pickups=3696 | total_deliveries=2200
Step  540672 | stage_step=  81920 | Episodes: 33684
Step  550912 | stage_step=  92160 | Episodes: 34163
Eval @ 559104 | stage_step= 100352 | sr=100.00% | reward=2246.40 +/- 0.00 | pickups=2.00 deliveries=2.00 delivered_agents=2.00/2
Early promotion from s5_tiny_pipe_line_fixed: 100.00% >= 80.00%
Restored best for s5_tiny_pipe_line_fixed: sr=100.00% | reward=2246.40
Set actor_log_std=-0.35 for stage exploration

=== Stage 6/25: s6_small_pipe_line_fixed (fixed positions) ===
Stage: agents=2 obs=(36,) grid=(18, 18) starts=[(2, 3), (2, 4)] package=(2, 6) deliveries=[(2, 8), (2, 9)] lanes=104 rand_pkg=False rand_del=False dt=0.05 substeps=8 max_tilt=0.32
Step  561152 | stage_step=   2048 | Episodes: 34627
Step  571392 | stage_step=  12288 | Episodes: 35019
Step  581632 | stage_step=  22528 | Episodes: 35404
Eval @ 585728 | stage_step=  26624 | sr=100.00% | reward=2246.20 +/- 0.00 | pickups=2.00 deliveries=2.00 delivered_agents=2.00/2
Step  591872 | stage_step=  32768 | Episodes: 35793
[MultiQuadEnv] Steps 1-20000 | pickups=2317 | deliveries=1681 | total_pickups=2317 | total_deliveries=1681
Step  600064 | stage_step=  40960 | Episodes: 36070
Step  610304 | stage_step=  51200 | Episodes: 36456
Eval @ 610304 | stage_step=  51200 | sr=100.00% | reward=2246.60 +/- 0.00 | pickups=2.00 deliveries=2.00 delivered_agents=2.00/2
Step  620544 | stage_step=  61440 | Episodes: 36882
Step  630784 | stage_step=  71680 | Episodes: 37298
Eval @ 634880 | stage_step=  75776 | sr=100.00% | reward=2246.60 +/- 0.00 | pickups=2.00 deliveries=2.00 delivered_agents=2.00/2
[MultiQuadEnv] Steps 20001-40000 | pickups=2658 | deliveries=2168 | total_pickups=4975 | total_deliveries=3849
Step  641024 | stage_step=  81920 | Episodes: 37719
Step  651264 | stage_step=  92160 | Episodes: 38137
Eval @ 659456 | stage_step= 100352 | sr=100.00% | reward=2246.60 +/- 0.00 | pickups=2.00 deliveries=2.00 delivered_agents=2.00/2
Early promotion from s6_small_pipe_line_fixed: 100.00% >= 80.00%
Restored best for s6_small_pipe_line_fixed: sr=100.00% | reward=2246.60
Set actor_log_std=-0.35 for stage exploration

=== Stage 7/25: s7_small_pipe_vertical_fixed (fixed positions) ===
Stage: agents=2 obs=(36,) grid=(18, 18) starts=[(2, 8), (3, 8)] package=(4, 8) deliveries=[(5, 8), (6, 8)] lanes=104 rand_pkg=False rand_del=False dt=0.05 substeps=8 max_tilt=0.32
Step  661504 | stage_step=   2048 | Episodes: 38577
Step  671744 | stage_step=  12288 | Episodes: 39063
Step  681984 | stage_step=  22528 | Episodes: 39413
Eval @ 686080 | stage_step=  26624 | sr=0.00% | reward=-29.20 +/- 0.00 | pickups=0.00 deliveries=0.00 delivered_agents=0.00/2
Step  690176 | stage_step=  30720 | Episodes: 39657
[MultiQuadEnv] Steps 1-20000 | pickups=61 | deliveries=4 | total_pickups=61 | total_deliveries=4
Step  700416 | stage_step=  40960 | Episodes: 39968
Step  710656 | stage_step=  51200 | Episodes: 40284
Eval @ 710656 | stage_step=  51200 | sr=0.00% | reward=124.40 +/- 0.00 | pickups=1.00 deliveries=0.00 delivered_agents=0.00/2
Step  720896 | stage_step=  61440 | Episodes: 40549
Step  731136 | stage_step=  71680 | Episodes: 40828
Eval @ 735232 | stage_step=  75776 | sr=0.00% | reward=524.80 +/- 0.00 | pickups=1.00 deliveries=1.00 delivered_agents=1.00/2
[MultiQuadEnv] Steps 20001-40000 | pickups=516 | deliveries=88 | total_pickups=577 | total_deliveries=92
Step  741376 | stage_step=  81920 | Episodes: 41098
Step  751616 | stage_step=  92160 | Episodes: 41398
Eval @ 759808 | stage_step= 100352 | sr=0.00% | reward=525.60 +/- 0.00 | pickups=1.00 deliveries=1.00 delivered_agents=1.00/2
Step  761856 | stage_step= 102400 | Episodes: 41657
Step  770048 | stage_step= 110592 | Episodes: 41864
[MultiQuadEnv] Steps 40001-60000 | pickups=724 | deliveries=184 | total_pickups=1301 | total_deliveries=276
Step  780288 | stage_step= 120832 | Episodes: 42118
Eval @ 786432 | stage_step= 126976 | sr=0.00% | reward=525.80 +/- 0.00 | pickups=1.00 deliveries=1.00 delivered_agents=1.00/2
Step  790528 | stage_step= 131072 | Episodes: 42364
Step  800768 | stage_step= 141312 | Episodes: 42574
Step  811008 | stage_step= 151552 | Episodes: 42785
Eval @ 811008 | stage_step= 151552 | sr=0.00% | reward=525.00 +/- 0.00 | pickups=1.00 deliveries=1.00 delivered_agents=1.00/2
[MultiQuadEnv] Steps 60001-80000 | pickups=696 | deliveries=264 | total_pickups=1997 | total_deliveries=540
Step  821248 | stage_step= 161792 | Episodes: 43044
Step  831488 | stage_step= 172032 | Episodes: 43288
Eval @ 835584 | stage_step= 176128 | sr=0.00% | reward=126.40 +/- 0.00 | pickups=1.00 deliveries=0.00 delivered_agents=0.00/2
Step  841728 | stage_step= 182272 | Episodes: 43561
Step  851968 | stage_step= 192512 | Episodes: 43787
[MultiQuadEnv] Steps 80001-100000 | pickups=818 | deliveries=337 | total_pickups=2815 | total_deliveries=877
Step  860160 | stage_step= 200704 | Episodes: 43971
Eval @ 860160 | stage_step= 200704 | sr=0.00% | reward=526.20 +/- 0.00 | pickups=1.00 deliveries=1.00 delivered_agents=1.00/2
Step  870400 | stage_step= 210944 | Episodes: 44242
Step  880640 | stage_step= 221184 | Episodes: 44551
Eval @ 884736 | stage_step= 225280 | sr=0.00% | reward=526.40 +/- 0.00 | pickups=1.00 deliveries=1.00 delivered_agents=1.00/2
Step  890880 | stage_step= 231424 | Episodes: 44826
[MultiQuadEnv] Steps 100001-120000 | pickups=951 | deliveries=399 | total_pickups=3766 | total_deliveries=1276
Step  901120 | stage_step= 241664 | Episodes: 45114
Step  911360 | stage_step= 251904 | Episodes: 45375
Eval @ 911360 | stage_step= 251904 | sr=0.00% | reward=526.40 +/- 0.00 | pickups=1.00 deliveries=1.00 delivered_agents=1.00/2
Step  921600 | stage_step= 262144 | Episodes: 45636
Step  931840 | stage_step= 272384 | Episodes: 45943
Eval @ 935936 | stage_step= 276480 | sr=0.00% | reward=526.40 +/- 0.00 | pickups=1.00 deliveries=1.00 delivered_agents=1.00/2
[MultiQuadEnv] Steps 120001-140000 | pickups=1033 | deliveries=476 | total_pickups=4799 | total_deliveries=1752
Step  940032 | stage_step= 280576 | Episodes: 46179
Step  950272 | stage_step= 290816 | Episodes: 46503
Step  960512 | stage_step= 301056 | Episodes: 46856
Eval @ 960512 | stage_step= 301056 | sr=0.00% | reward=526.60 +/- 0.00 | pickups=1.00 deliveries=1.00 delivered_agents=1.00/2
Step  970752 | stage_step= 311296 | Episodes: 47185
[MultiQuadEnv] Steps 140001-160000 | pickups=1291 | deliveries=653 | total_pickups=6090 | total_deliveries=2405
Step  980992 | stage_step= 321536 | Episodes: 47529
Eval @ 985088 | stage_step= 325632 | sr=100.00% | reward=2245.40 +/- 0.00 | pickups=2.00 deliveries=2.00 delivered_agents=2.00/2
Early promotion from s7_small_pipe_vertical_fixed: 100.00% >= 80.00%
Restored best for s7_small_pipe_vertical_fixed: sr=100.00% | reward=2245.40
Set actor_log_std=-0.35 for stage exploration

=== Stage 8/25: s8_small_pipe_turn_fixed (fixed positions) ===
Stage: agents=2 obs=(36,) grid=(18, 18) starts=[(2, 6), (2, 7)] package=(2, 8) deliveries=[(4, 8), (5, 8)] lanes=104 rand_pkg=False rand_del=False dt=0.05 substeps=8 max_tilt=0.32
Step  991232 | stage_step=   6144 | Episodes: 47895
Step 1001472 | stage_step=  16384 | Episodes: 48198
Step 1011712 | stage_step=  26624 | Episodes: 48451
Eval @1011712 | stage_step=  26624 | sr=0.00% | reward=506.40 +/- 0.00 | pickups=1.00 deliveries=1.00 delivered_agents=1.00/2
Step 1021952 | stage_step=  36864 | Episodes: 48640
[MultiQuadEnv] Steps 1-20000 | pickups=902 | deliveries=231 | total_pickups=902 | total_deliveries=231
Step 1030144 | stage_step=  45056 | Episodes: 48811
Eval @1036288 | stage_step=  51200 | sr=0.00% | reward=506.00 +/- 0.00 | pickups=1.00 deliveries=1.00 delivered_agents=1.00/2
Step 1040384 | stage_step=  55296 | Episodes: 49015
Step 1050624 | stage_step=  65536 | Episodes: 49199
Step 1060864 | stage_step=  75776 | Episodes: 49392
Eval @1060864 | stage_step=  75776 | sr=0.00% | reward=506.00 +/- 0.00 | pickups=1.00 deliveries=1.00 delivered_agents=1.00/2
[MultiQuadEnv] Steps 20001-40000 | pickups=948 | deliveries=482 | total_pickups=1850 | total_deliveries=713
Step 1071104 | stage_step=  86016 | Episodes: 49615
Step 1081344 | stage_step=  96256 | Episodes: 49824
Eval @1085440 | stage_step= 100352 | sr=100.00% | reward=2244.00 +/- 0.00 | pickups=2.00 deliveries=2.00 delivered_agents=2.00/2
Early promotion from s8_small_pipe_turn_fixed: 100.00% >= 75.00%
Restored best for s8_small_pipe_turn_fixed: sr=100.00% | reward=2244.00
Set actor_log_std=-0.35 for stage exploration

=== Stage 9/25: s9_small_pipe_fixed (fixed positions) ===
Stage: agents=2 obs=(36,) grid=(18, 18) starts=[(2, 3), (2, 4)] package=(4, 8) deliveries=[(8, 13), (9, 12)] lanes=104 rand_pkg=False rand_del=False dt=0.05 substeps=8 max_tilt=0.32
Step 1091584 | stage_step=   6144 | Episodes: 50021
Step 1101824 | stage_step=  16384 | Episodes: 50194
Step 1110016 | stage_step=  24576 | Episodes: 50363
Eval @1112064 | stage_step=  26624 | sr=0.00% | reward=-1641.35 +/- 0.00 | pickups=0.00 deliveries=0.00 delivered_agents=0.00/2
Step 1120256 | stage_step=  34816 | Episodes: 50627
[MultiQuadEnv] Steps 1-20000 | pickups=147 | deliveries=1 | total_pickups=147 | total_deliveries=1
Step 1130496 | stage_step=  45056 | Episodes: 50847
Eval @1136640 | stage_step=  51200 | sr=0.00% | reward=-33.15 +/- 0.00 | pickups=0.00 deliveries=0.00 delivered_agents=0.00/2
Step 1140736 | stage_step=  55296 | Episodes: 51099
Step 1150976 | stage_step=  65536 | Episodes: 51336
Step 1161216 | stage_step=  75776 | Episodes: 51572
Eval @1161216 | stage_step=  75776 | sr=0.00% | reward=-31.40 +/- 0.00 | pickups=0.00 deliveries=0.00 delivered_agents=0.00/2
[MultiQuadEnv] Steps 20001-40000 | pickups=390 | deliveries=2 | total_pickups=537 | total_deliveries=3
Step 1171456 | stage_step=  86016 | Episodes: 51779
Step 1181696 | stage_step=  96256 | Episodes: 51998
Eval @1185792 | stage_step= 100352 | sr=0.00% | reward=268.00 +/- 0.00 | pickups=2.00 deliveries=0.00 delivered_agents=0.00/2
Step 1191936 | stage_step= 106496 | Episodes: 52214
Step 1200128 | stage_step= 114688 | Episodes: 52358
[MultiQuadEnv] Steps 40001-60000 | pickups=576 | deliveries=7 | total_pickups=1113 | total_deliveries=10
Step 1210368 | stage_step= 124928 | Episodes: 52567
Eval @1212416 | stage_step= 126976 | sr=0.00% | reward=-1823.00 +/- 0.00 | pickups=1.00 deliveries=0.00 delivered_agents=0.00/2
Step 1220608 | stage_step= 135168 | Episodes: 52735
Step 1230848 | stage_step= 145408 | Episodes: 52918
Eval @1236992 | stage_step= 151552 | sr=0.00% | reward=265.95 +/- 0.00 | pickups=2.00 deliveries=0.00 delivered_agents=0.00/2
Step 1241088 | stage_step= 155648 | Episodes: 53095
[MultiQuadEnv] Steps 60001-80000 | pickups=579 | deliveries=44 | total_pickups=1692 | total_deliveries=54
Step 1251328 | stage_step= 165888 | Episodes: 53273
Step 1261568 | stage_step= 176128 | Episodes: 53451
Eval @1261568 | stage_step= 176128 | sr=0.00% | reward=118.00 +/- 0.00 | pickups=1.00 deliveries=0.00 delivered_agents=0.00/2
Step 1271808 | stage_step= 186368 | Episodes: 53630
Step 1280000 | stage_step= 194560 | Episodes: 53759
[MultiQuadEnv] Steps 80001-100000 | pickups=665 | deliveries=87 | total_pickups=2357 | total_deliveries=141
Eval @1286144 | stage_step= 200704 | sr=0.00% | reward=660.80 +/- 0.00 | pickups=2.00 deliveries=1.00 delivered_agents=1.00/2
Step 1290240 | stage_step= 204800 | Episodes: 53939
Step 1300480 | stage_step= 215040 | Episodes: 54112
Step 1310720 | stage_step= 225280 | Episodes: 54274
Eval @1310720 | stage_step= 225280 | sr=0.00% | reward=-295.90 +/- 0.00 | pickups=2.00 deliveries=1.00 delivered_agents=1.00/2
Step 1320960 | stage_step= 235520 | Episodes: 54430
[MultiQuadEnv] Steps 100001-120000 | pickups=649 | deliveries=99 | total_pickups=3006 | total_deliveries=240
Step 1331200 | stage_step= 245760 | Episodes: 54598
Eval @1337344 | stage_step= 251904 | sr=0.00% | reward=259.45 +/- 0.00 | pickups=2.00 deliveries=0.00 delivered_agents=0.00/2
Step 1341440 | stage_step= 256000 | Episodes: 54779
Step 1351680 | stage_step= 266240 | Episodes: 54951
Step 1361920 | stage_step= 276480 | Episodes: 55121
Eval @1361920 | stage_step= 276480 | sr=100.00% | reward=2217.50 +/- 0.00 | pickups=2.00 deliveries=2.00 delivered_agents=2.00/2
Early promotion from s9_small_pipe_fixed: 100.00% >= 75.00%
Restored best for s9_small_pipe_fixed: sr=100.00% | reward=2217.50

=== Stage 10/25: s10_pipe_4x4_fixed (fixed positions) ===
Stage: agents=2 obs=(36,) grid=(24, 24) starts=[(2, 3), (2, 4)] package=(14, 3) deliveries=[(18, 15), (19, 14)] lanes=205 rand_pkg=False rand_del=False dt=0.05 substeps=8 max_tilt=0.32
Step 1370112 | stage_step=   8192 | Episodes: 55810
Step 1380352 | stage_step=  18432 | Episodes: 56753
Step 1390592 | stage_step=  28672 | Episodes: 57853
Step 1400832 | stage_step=  38912 | Episodes: 59002
[MultiQuadEnv] Steps 1-20000 | pickups=0 | deliveries=0 | total_pickups=0 | total_deliveries=0
Eval @1402880 | stage_step=  40960 | sr=0.00% | reward=-22.00 +/- 0.00 | pickups=0.00 deliveries=0.00 delivered_agents=0.00/2
Step 1411072 | stage_step=  49152 | Episodes: 60177
Step 1421312 | stage_step=  59392 | Episodes: 61359
Step 1431552 | stage_step=  69632 | Episodes: 62561
Step 1441792 | stage_step=  79872 | Episodes: 63767
[MultiQuadEnv] Steps 20001-40000 | pickups=0 | deliveries=0 | total_pickups=0 | total_deliveries=0
Eval @1443840 | stage_step=  81920 | sr=0.00% | reward=-21.95 +/- 0.00 | pickups=0.00 deliveries=0.00 delivered_agents=0.00/2
Step 1452032 | stage_step=  90112 | Episodes: 64977
Step 1460224 | stage_step=  98304 | Episodes: 65959
Step 1470464 | stage_step= 108544 | Episodes: 67194
Step 1480704 | stage_step= 118784 | Episodes: 68429
[MultiQuadEnv] Steps 40001-60000 | pickups=0 | deliveries=0 | total_pickups=0 | total_deliveries=0
Eval @1482752 | stage_step= 120832 | sr=0.00% | reward=-21.95 +/- 0.00 | pickups=0.00 deliveries=0.00 delivered_agents=0.00/2
Step 1490944 | stage_step= 129024 | Episodes: 69667
Step 1501184 | stage_step= 139264 | Episodes: 70910
Step 1511424 | stage_step= 149504 | Episodes: 72154
Step 1521664 | stage_step= 159744 | Episodes: 73398
[MultiQuadEnv] Steps 60001-80000 | pickups=0 | deliveries=0 | total_pickups=0 | total_deliveries=0
Eval @1523712 | stage_step= 161792 | sr=0.00% | reward=-21.95 +/- 0.00 | pickups=0.00 deliveries=0.00 delivered_agents=0.00/2
Step 1531904 | stage_step= 169984 | Episodes: 74650
Step 1540096 | stage_step= 178176 | Episodes: 75650
Step 1550336 | stage_step= 188416 | Episodes: 76910
Step 1560576 | stage_step= 198656 | Episodes: 78171
[MultiQuadEnv] Steps 80001-100000 | pickups=0 | deliveries=0 | total_pickups=0 | total_deliveries=0
Eval @1562624 | stage_step= 200704 | sr=0.00% | reward=-21.95 +/- 0.00 | pickups=0.00 deliveries=0.00 delivered_agents=0.00/2
Step 1570816 | stage_step= 208896 | Episodes: 79427
Step 1581056 | stage_step= 219136 | Episodes: 80691
Step 1591296 | stage_step= 229376 | Episodes: 81956
Step 1601536 | stage_step= 239616 | Episodes: 83220
[MultiQuadEnv] Steps 100001-120000 | pickups=0 | deliveries=0 | total_pickups=0 | total_deliveries=0
Eval @1603584 | stage_step= 241664 | sr=0.00% | reward=-21.95 +/- 0.00 | pickups=0.00 deliveries=0.00 delivered_agents=0.00/2
Step 1611776 | stage_step= 249856 | Episodes: 84484
Step 1622016 | stage_step= 260096 | Episodes: 85750
Step 1630208 | stage_step= 268288 | Episodes: 86765
Step 1640448 | stage_step= 278528 | Episodes: 88035
[MultiQuadEnv] Steps 120001-140000 | pickups=0 | deliveries=0 | total_pickups=0 | total_deliveries=0
Eval @1642496 | stage_step= 280576 | sr=0.00% | reward=-21.95 +/- 0.00 | pickups=0.00 deliveries=0.00 delivered_agents=0.00/2
Step 1650688 | stage_step= 288768 | Episodes: 89305
Step 1660928 | stage_step= 299008 | Episodes: 90576
Step 1671168 | stage_step= 309248 | Episodes: 91848
Step 1681408 | stage_step= 319488 | Episodes: 93122
[MultiQuadEnv] Steps 140001-160000 | pickups=0 | deliveries=0 | total_pickups=0 | total_deliveries=0
Eval @1683456 | stage_step= 321536 | sr=0.00% | reward=-21.95 +/- 0.00 | pickups=0.00 deliveries=0.00 delivered_agents=0.00/2
Step 1691648 | stage_step= 329728 | Episodes: 94394
Step 1701888 | stage_step= 339968 | Episodes: 95669
Step 1710080 | stage_step= 348160 | Episodes: 96688
Step 1720320 | stage_step= 358400 | Episodes: 97963
[MultiQuadEnv] Steps 160001-180000 | pickups=0 | deliveries=0 | total_pickups=0 | total_deliveries=0
Eval @1722368 | stage_step= 360448 | sr=0.00% | reward=-21.95 +/- 0.00 | pickups=0.00 deliveries=0.00 delivered_agents=0.00/2
Step 1730560 | stage_step= 368640 | Episodes: 99237
Step 1740800 | stage_step= 378880 | Episodes: 100512
Step 1751040 | stage_step= 389120 | Episodes: 101787
Step 1761280 | stage_step= 399360 | Episodes: 103062
[MultiQuadEnv] Steps 180001-200000 | pickups=0 | deliveries=0 | total_pickups=0 | total_deliveries=0
Eval @1763328 | stage_step= 401408 | sr=0.00% | reward=-21.95 +/- 0.00 | pickups=0.00 deliveries=0.00 delivered_agents=0.00/2
Step 1771520 | stage_step= 409600 | Episodes: 104337
Step 1781760 | stage_step= 419840 | Episodes: 105612
Step 1792000 | stage_step= 430080 | Episodes: 106888
Step 1800192 | stage_step= 438272 | Episodes: 107908
[MultiQuadEnv] Steps 200001-220000 | pickups=0 | deliveries=0 | total_pickups=0 | total_deliveries=0
Eval @1802240 | stage_step= 440320 | sr=0.00% | reward=-21.95 +/- 0.00 | pickups=0.00 deliveries=0.00 delivered_agents=0.00/2
Step 1810432 | stage_step= 448512 | Episodes: 109182
Step 1820672 | stage_step= 458752 | Episodes: 110458
Step 1830912 | stage_step= 468992 | Episodes: 111735
Step 1841152 | stage_step= 479232 | Episodes: 113013
[MultiQuadEnv] Steps 220001-240000 | pickups=0 | deliveries=0 | total_pickups=0 | total_deliveries=0
Eval @1843200 | stage_step= 481280 | sr=0.00% | reward=-21.95 +/- 0.00 | pickups=0.00 deliveries=0.00 delivered_agents=0.00/2
Step 1851392 | stage_step= 489472 | Episodes: 114291
Step 1861632 | stage_step= 499712 | Episodes: 115567
Step 1871872 | stage_step= 509952 | Episodes: 116844
Step 1880064 | stage_step= 518144 | Episodes: 117865
[MultiQuadEnv] Steps 240001-260000 | pickups=0 | deliveries=0 | total_pickups=0 | total_deliveries=0
Eval @1882112 | stage_step= 520192 | sr=0.00% | reward=-21.95 +/- 0.00 | pickups=0.00 deliveries=0.00 delivered_agents=0.00/2
Step 1890304 | stage_step= 528384 | Episodes: 119142
Step 1900544 | stage_step= 538624 | Episodes: 120419
Step 1910784 | stage_step= 548864 | Episodes: 121696
Step 1921024 | stage_step= 559104 | Episodes: 122976
[MultiQuadEnv] Steps 260001-280000 | pickups=0 | deliveries=0 | total_pickups=0 | total_deliveries=0
Eval @1923072 | stage_step= 561152 | sr=0.00% | reward=-21.95 +/- 0.00 | pickups=0.00 deliveries=0.00 delivered_agents=0.00/2
Step 1931264 | stage_step= 569344 | Episodes: 124253
Step 1941504 | stage_step= 579584 | Episodes: 125529
Step 1951744 | stage_step= 589824 | Episodes: 126806
[MultiQuadEnv] Steps 280001-300000 | pickups=0 | deliveries=0 | total_pickups=0 | total_deliveries=0
Step 1961984 | stage_step= 600064 | Episodes: 128084
Eval @1961984 | stage_step= 600064 | sr=0.00% | reward=-21.95 +/- 0.00 | pickups=0.00 deliveries=0.00 delivered_agents=0.00/2
Step 1970176 | stage_step= 608256 | Episodes: 129106
Step 1980416 | stage_step= 618496 | Episodes: 130382
Step 1990656 | stage_step= 628736 | Episodes: 131659
Step 2000896 | stage_step= 638976 | Episodes: 132938
[MultiQuadEnv] Steps 300001-320000 | pickups=0 | deliveries=0 | total_pickups=0 | total_deliveries=0
Eval @2002944 | stage_step= 641024 | sr=0.00% | reward=-21.95 +/- 0.00 | pickups=0.00 deliveries=0.00 delivered_agents=0.00/2
Step 2011136 | stage_step= 649216 | Episodes: 134217
Step 2021376 | stage_step= 659456 | Episodes: 135496
Step 2031616 | stage_step= 669696 | Episodes: 136773
Step 2041856 | stage_step= 679936 | Episodes: 138052
[MultiQuadEnv] Steps 320001-340000 | pickups=0 | deliveries=0 | total_pickups=0 | total_deliveries=0
Eval @2043904 | stage_step= 681984 | sr=0.00% | reward=-21.95 +/- 0.00 | pickups=0.00 deliveries=0.00 delivered_agents=0.00/2
Step 2050048 | stage_step= 688128 | Episodes: 139074
Step 2060288 | stage_step= 698368 | Episodes: 140353
Step 2070528 | stage_step= 708608 | Episodes: 141632
Step 2080768 | stage_step= 718848 | Episodes: 142910
[MultiQuadEnv] Steps 340001-360000 | pickups=0 | deliveries=0 | total_pickups=0 | total_deliveries=0
Eval @2082816 | stage_step= 720896 | sr=0.00% | reward=-21.95 +/- 0.00 | pickups=0.00 deliveries=0.00 delivered_agents=0.00/2
Step 2091008 | stage_step= 729088 | Episodes: 144189
Step 2101248 | stage_step= 739328 | Episodes: 145467
Step 2111488 | stage_step= 749568 | Episodes: 146747
Step 2121728 | stage_step= 759808 | Episodes: 148026
[MultiQuadEnv] Steps 360001-380000 | pickups=0 | deliveries=0 | total_pickups=0 | total_deliveries=0
Eval @2123776 | stage_step= 761856 | sr=0.00% | reward=-21.95 +/- 0.00 | pickups=0.00 deliveries=0.00 delivered_agents=0.00/2
Step 2131968 | stage_step= 770048 | Episodes: 149305
Step 2140160 | stage_step= 778240 | Episodes: 150328
Step 2150400 | stage_step= 788480 | Episodes: 151605
Step 2160640 | stage_step= 798720 | Episodes: 152885
[MultiQuadEnv] Steps 380001-400000 | pickups=0 | deliveries=0 | total_pickups=0 | total_deliveries=0
Eval @2162688 | stage_step= 800768 | sr=0.00% | reward=-21.95 +/- 0.00 | pickups=0.00 deliveries=0.00 delivered_agents=0.00/2
Step 2170880 | stage_step= 808960 | Episodes: 154165
Step 2181120 | stage_step= 819200 | Episodes: 155445
Step 2191360 | stage_step= 829440 | Episodes: 156724
Step 2201600 | stage_step= 839680 | Episodes: 158003
[MultiQuadEnv] Steps 400001-420000 | pickups=0 | deliveries=0 | total_pickups=0 | total_deliveries=0
Eval @2203648 | stage_step= 841728 | sr=0.00% | reward=-21.95 +/- 0.00 | pickups=0.00 deliveries=0.00 delivered_agents=0.00/2
Step 2211840 | stage_step= 849920 | Episodes: 159283
Eval @2213888 | stage_step= 851968 | sr=0.00% | reward=-21.95 +/- 0.00 | pickups=0.00 deliveries=0.00 delivered_agents=0.00/2
Full budget used for s10_pipe_4x4_fixed. Best stage success=0.00%.
No successful checkpoint found for s10_pipe_4x4_fixed; restored pre-stage model.
Final eval | success_rate=100.00% | mean_reward=2217.50 +/- 0.00 | pickups=2.00 deliveries=2.00 | delivered_agents=2.00/2 

### SLOW FIXED SWEEP 4/20: quad_physics_mappo_fixed_v12_slow_sweep_base_seed41 ###

Using device: cpu
Initial Quad MAPPO: agents=2 obs=(36,) grid=(6, 5) starts=[(4, 2), (3, 2)] package=(2, 2) deliveries=[(1, 1), (1, 3)] lanes=6 rand_pkg=False rand_del=False dt=0.05 substeps=8 max_tilt=0.32

=== Stage 1/25: s1_short_t_fixed (fixed positions) ===
Stage: agents=2 obs=(36,) grid=(6, 5) starts=[(4, 2), (3, 2)] package=(2, 2) deliveries=[(1, 1), (1, 3)] lanes=6 rand_pkg=False rand_del=False dt=0.05 substeps=8 max_tilt=0.32
Step   10240 | stage_step=  10240 | Episodes:  1037
Step   20480 | stage_step=  20480 | Episodes:  2061
Eval @  20480 | stage_step=  20480 | sr=0.00% | reward=726.40 +/- 0.00 | pickups=2.00 deliveries=1.00 delivered_agents=1.00/2
Step   30720 | stage_step=  30720 | Episodes:  3114
[MultiQuadEnv] Steps 1-20000 | pickups=2781 | deliveries=361 | total_pickups=2781 | total_deliveries=361
Step   40960 | stage_step=  40960 | Episodes:  4170
Eval @  40960 | stage_step=  40960 | sr=0.00% | reward=777.40 +/- 0.00 | pickups=2.00 deliveries=1.00 delivered_agents=1.00/2
Step   51200 | stage_step=  51200 | Episodes:  5238
Step   61440 | stage_step=  61440 | Episodes:  6306
Eval @  61440 | stage_step=  61440 | sr=0.00% | reward=278.00 +/- 0.00 | pickups=2.00 deliveries=0.00 delivered_agents=0.00/2
Step   71680 | stage_step=  71680 | Episodes:  7372
[MultiQuadEnv] Steps 20001-40000 | pickups=4616 | deliveries=1073 | total_pickups=7397 | total_deliveries=1434
Step   81920 | stage_step=  81920 | Episodes:  8443
Eval @  81920 | stage_step=  81920 | sr=0.00% | reward=778.00 +/- 0.00 | pickups=2.00 deliveries=1.00 delivered_agents=1.00/2
Step   90112 | stage_step=  90112 | Episodes:  9307
Step  100352 | stage_step= 100352 | Episodes: 10390
Eval @ 100352 | stage_step= 100352 | sr=0.00% | reward=778.00 +/- 0.00 | pickups=2.00 deliveries=1.00 delivered_agents=1.00/2
Step  110592 | stage_step= 110592 | Episodes: 11475
[MultiQuadEnv] Steps 40001-60000 | pickups=5267 | deliveries=1367 | total_pickups=12664 | total_deliveries=2801
Step  120832 | stage_step= 120832 | Episodes: 12521
Eval @ 120832 | stage_step= 120832 | sr=0.00% | reward=778.00 +/- 0.00 | pickups=2.00 deliveries=1.00 delivered_agents=1.00/2
Step  131072 | stage_step= 131072 | Episodes: 13544
Step  141312 | stage_step= 141312 | Episodes: 14582
Eval @ 141312 | stage_step= 141312 | sr=0.00% | reward=778.00 +/- 0.00 | pickups=2.00 deliveries=1.00 delivered_agents=1.00/2
Step  151552 | stage_step= 151552 | Episodes: 15571
[MultiQuadEnv] Steps 60001-80000 | pickups=5399 | deliveries=1781 | total_pickups=18063 | total_deliveries=4582
Step  161792 | stage_step= 161792 | Episodes: 16542
Eval @ 161792 | stage_step= 161792 | sr=0.00% | reward=778.00 +/- 0.00 | pickups=2.00 deliveries=1.00 delivered_agents=1.00/2
Step  172032 | stage_step= 172032 | Episodes: 17521
Step  180224 | stage_step= 180224 | Episodes: 18307
Eval @ 180224 | stage_step= 180224 | sr=100.00% | reward=2298.00 +/- 0.00 | pickups=2.00 deliveries=2.00 delivered_agents=2.00/2
Early promotion from s1_short_t_fixed: 100.00% >= 90.00%
Restored best for s1_short_t_fixed: sr=100.00% | reward=2298.00

=== Stage 2/25: s2_wider_t_stem_fixed (fixed positions) ===
Stage: agents=2 obs=(36,) grid=(8, 9) starts=[(6, 4), (5, 4)] package=(3, 4) deliveries=[(2, 4), (1, 4)] lanes=12 rand_pkg=False rand_del=False dt=0.05 substeps=8 max_tilt=0.32
Step  190464 | stage_step=  10240 | Episodes: 19260
Step  200704 | stage_step=  20480 | Episodes: 20097
Eval @ 206848 | stage_step=  26624 | sr=100.00% | reward=2247.60 +/- 0.00 | pickups=2.00 deliveries=2.00 delivered_agents=2.00/2
Step  210944 | stage_step=  30720 | Episodes: 20920
[MultiQuadEnv] Steps 1-20000 | pickups=4315 | deliveries=2430 | total_pickups=4315 | total_deliveries=2430
Step  221184 | stage_step=  40960 | Episodes: 21736
Step  231424 | stage_step=  51200 | Episodes: 22528
Eval @ 231424 | stage_step=  51200 | sr=100.00% | reward=2247.60 +/- 0.00 | pickups=2.00 deliveries=2.00 delivered_agents=2.00/2
Step  241664 | stage_step=  61440 | Episodes: 23323
Step  251904 | stage_step=  71680 | Episodes: 24096
Eval @ 256000 | stage_step=  75776 | sr=100.00% | reward=2247.60 +/- 0.00 | pickups=2.00 deliveries=2.00 delivered_agents=2.00/2
Step  260096 | stage_step=  79872 | Episodes: 24716
[MultiQuadEnv] Steps 20001-40000 | pickups=4947 | deliveries=3753 | total_pickups=9262 | total_deliveries=6183
Step  270336 | stage_step=  90112 | Episodes: 25492
Step  280576 | stage_step= 100352 | Episodes: 26263
Eval @ 280576 | stage_step= 100352 | sr=100.00% | reward=2247.60 +/- 0.00 | pickups=2.00 deliveries=2.00 delivered_agents=2.00/2
Early promotion from s2_wider_t_stem_fixed: 100.00% >= 85.00%
Restored best for s2_wider_t_stem_fixed: sr=100.00% | reward=2247.60

=== Stage 3/25: s3_wider_t_near_branch_fixed (fixed positions) ===
Stage: agents=2 obs=(36,) grid=(8, 9) starts=[(6, 4), (5, 4)] package=(2, 4) deliveries=[(1, 3), (1, 5)] lanes=12 rand_pkg=False rand_del=False dt=0.05 substeps=8 max_tilt=0.32
Step  290816 | stage_step=  10240 | Episodes: 27030
Step  301056 | stage_step=  20480 | Episodes: 27778
Eval @ 307200 | stage_step=  26624 | sr=0.00% | reward=261.20 +/- 0.00 | pickups=2.00 deliveries=0.00 delivered_agents=0.00/2
Step  311296 | stage_step=  30720 | Episodes: 28505
[MultiQuadEnv] Steps 1-20000 | pickups=3757 | deliveries=495 | total_pickups=3757 | total_deliveries=495
Step  321536 | stage_step=  40960 | Episodes: 29226
Step  331776 | stage_step=  51200 | Episodes: 29932
Eval @ 331776 | stage_step=  51200 | sr=0.00% | reward=261.20 +/- 0.00 | pickups=2.00 deliveries=0.00 delivered_agents=0.00/2
Step  342016 | stage_step=  61440 | Episodes: 30626
Step  350208 | stage_step=  69632 | Episodes: 31164
Eval @ 356352 | stage_step=  75776 | sr=0.00% | reward=261.20 +/- 0.00 | pickups=2.00 deliveries=0.00 delivered_agents=0.00/2
Step  360448 | stage_step=  79872 | Episodes: 31840
[MultiQuadEnv] Steps 20001-40000 | pickups=3808 | deliveries=706 | total_pickups=7565 | total_deliveries=1201
Step  370688 | stage_step=  90112 | Episodes: 32484
Step  380928 | stage_step= 100352 | Episodes: 33080
Eval @ 380928 | stage_step= 100352 | sr=0.00% | reward=261.20 +/- 0.00 | pickups=2.00 deliveries=0.00 delivered_agents=0.00/2
Step  391168 | stage_step= 110592 | Episodes: 33652
[MultiQuadEnv] Steps 40001-60000 | pickups=3495 | deliveries=928 | total_pickups=11060 | total_deliveries=2129
Step  401408 | stage_step= 120832 | Episodes: 34218
Eval @ 407552 | stage_step= 126976 | sr=0.00% | reward=-2604.00 +/- 0.00 | pickups=2.00 deliveries=0.00 delivered_agents=0.00/2
Step  411648 | stage_step= 131072 | Episodes: 34787
Step  421888 | stage_step= 141312 | Episodes: 35335
Step  430080 | stage_step= 149504 | Episodes: 35790
Eval @ 432128 | stage_step= 151552 | sr=0.00% | reward=777.00 +/- 0.00 | pickups=2.00 deliveries=1.00 delivered_agents=1.00/2
Step  440320 | stage_step= 159744 | Episodes: 36331
[MultiQuadEnv] Steps 60001-80000 | pickups=3209 | deliveries=1109 | total_pickups=14269 | total_deliveries=3238
Step  450560 | stage_step= 169984 | Episodes: 36865
Eval @ 456704 | stage_step= 176128 | sr=0.00% | reward=759.60 +/- 0.00 | pickups=2.00 deliveries=1.00 delivered_agents=1.00/2
Step  460800 | stage_step= 180224 | Episodes: 37387
Step  471040 | stage_step= 190464 | Episodes: 37921
[MultiQuadEnv] Steps 80001-100000 | pickups=3252 | deliveries=1434 | total_pickups=17521 | total_deliveries=4672
Step  481280 | stage_step= 200704 | Episodes: 38454
Eval @ 481280 | stage_step= 200704 | sr=0.00% | reward=759.40 +/- 0.00 | pickups=2.00 deliveries=1.00 delivered_agents=1.00/2
Step  491520 | stage_step= 210944 | Episodes: 38990
Step  501760 | stage_step= 221184 | Episodes: 39526
Eval @ 505856 | stage_step= 225280 | sr=100.00% | reward=2279.20 +/- 0.00 | pickups=2.00 deliveries=2.00 delivered_agents=2.00/2
Early promotion from s3_wider_t_near_branch_fixed: 100.00% >= 75.00%
Restored best for s3_wider_t_near_branch_fixed: sr=100.00% | reward=2279.20

=== Stage 4/25: s4_wider_t_branch_fixed (fixed positions) ===
Stage: agents=2 obs=(36,) grid=(8, 9) starts=[(6, 4), (5, 4)] package=(3, 4) deliveries=[(1, 1), (1, 7)] lanes=12 rand_pkg=False rand_del=False dt=0.05 substeps=8 max_tilt=0.32
Step  512000 | stage_step=   6144 | Episodes: 40188
Step  520192 | stage_step=  14336 | Episodes: 40774
Step  530432 | stage_step=  24576 | Episodes: 41469
Eval @ 532480 | stage_step=  26624 | sr=0.00% | reward=276.30 +/- 0.00 | pickups=2.00 deliveries=0.00 delivered_agents=0.00/2
Step  540672 | stage_step=  34816 | Episodes: 42161
[MultiQuadEnv] Steps 1-20000 | pickups=4763 | deliveries=6 | total_pickups=4763 | total_deliveries=6
Step  550912 | stage_step=  45056 | Episodes: 42876
Eval @ 557056 | stage_step=  51200 | sr=0.00% | reward=276.85 +/- 0.00 | pickups=2.00 deliveries=0.00 delivered_agents=0.00/2
Step  561152 | stage_step=  55296 | Episodes: 43588
Step  571392 | stage_step=  65536 | Episodes: 44296
Step  581632 | stage_step=  75776 | Episodes: 45029
Eval @ 581632 | stage_step=  75776 | sr=0.00% | reward=276.85 +/- 0.00 | pickups=2.00 deliveries=0.00 delivered_agents=0.00/2
[MultiQuadEnv] Steps 20001-40000 | pickups=5480 | deliveries=0 | total_pickups=10243 | total_deliveries=6
Step  591872 | stage_step=  86016 | Episodes: 45770
Step  600064 | stage_step=  94208 | Episodes: 46370
Eval @ 606208 | stage_step= 100352 | sr=0.00% | reward=277.25 +/- 0.00 | pickups=2.00 deliveries=0.00 delivered_agents=0.00/2
Step  610304 | stage_step= 104448 | Episodes: 47109
Step  620544 | stage_step= 114688 | Episodes: 47848
[MultiQuadEnv] Steps 40001-60000 | pickups=5734 | deliveries=1 | total_pickups=15977 | total_deliveries=7
Step  630784 | stage_step= 124928 | Episodes: 48592
Eval @ 632832 | stage_step= 126976 | sr=0.00% | reward=277.25 +/- 0.00 | pickups=2.00 deliveries=0.00 delivered_agents=0.00/2
Step  641024 | stage_step= 135168 | Episodes: 49343
Step  651264 | stage_step= 145408 | Episodes: 50098
Eval @ 657408 | stage_step= 151552 | sr=0.00% | reward=277.25 +/- 0.00 | pickups=2.00 deliveries=0.00 delivered_agents=0.00/2
Step  661504 | stage_step= 155648 | Episodes: 50842
[MultiQuadEnv] Steps 60001-80000 | pickups=5782 | deliveries=1 | total_pickups=21759 | total_deliveries=8
Step  671744 | stage_step= 165888 | Episodes: 51557
Step  681984 | stage_step= 176128 | Episodes: 52262
Eval @ 681984 | stage_step= 176128 | sr=0.00% | reward=276.30 +/- 0.00 | pickups=2.00 deliveries=0.00 delivered_agents=0.00/2
Step  690176 | stage_step= 184320 | Episodes: 52845
Step  700416 | stage_step= 194560 | Episodes: 53582
[MultiQuadEnv] Steps 80001-100000 | pickups=5642 | deliveries=4 | total_pickups=27401 | total_deliveries=12
Eval @ 706560 | stage_step= 200704 | sr=0.00% | reward=277.25 +/- 0.00 | pickups=2.00 deliveries=0.00 delivered_agents=0.00/2
Step  710656 | stage_step= 204800 | Episodes: 54340
Step  720896 | stage_step= 215040 | Episodes: 55093
Step  731136 | stage_step= 225280 | Episodes: 55845
Eval @ 731136 | stage_step= 225280 | sr=0.00% | reward=277.25 +/- 0.00 | pickups=2.00 deliveries=0.00 delivered_agents=0.00/2
Step  741376 | stage_step= 235520 | Episodes: 56634
[MultiQuadEnv] Steps 100001-120000 | pickups=5953 | deliveries=2 | total_pickups=33354 | total_deliveries=14
Step  751616 | stage_step= 245760 | Episodes: 57426
Eval @ 757760 | stage_step= 251904 | sr=0.00% | reward=277.25 +/- 0.00 | pickups=2.00 deliveries=0.00 delivered_agents=0.00/2
Step  761856 | stage_step= 256000 | Episodes: 58223
Step  770048 | stage_step= 264192 | Episodes: 58867
Step  780288 | stage_step= 274432 | Episodes: 59635
Eval @ 782336 | stage_step= 276480 | sr=0.00% | reward=277.25 +/- 0.00 | pickups=2.00 deliveries=0.00 delivered_agents=0.00/2
[MultiQuadEnv] Steps 120001-140000 | pickups=6125 | deliveries=0 | total_pickups=39479 | total_deliveries=14
Step  790528 | stage_step= 284672 | Episodes: 60402
Step  800768 | stage_step= 294912 | Episodes: 61161
Eval @ 806912 | stage_step= 301056 | sr=0.00% | reward=277.25 +/- 0.00 | pickups=2.00 deliveries=0.00 delivered_agents=0.00/2
Step  811008 | stage_step= 305152 | Episodes: 61938
Step  821248 | stage_step= 315392 | Episodes: 62735
[MultiQuadEnv] Steps 140001-160000 | pickups=6051 | deliveries=0 | total_pickups=45530 | total_deliveries=14
Step  831488 | stage_step= 325632 | Episodes: 63501
Eval @ 831488 | stage_step= 325632 | sr=0.00% | reward=277.25 +/- 0.00 | pickups=2.00 deliveries=0.00 delivered_agents=0.00/2
Step  841728 | stage_step= 335872 | Episodes: 64261
Step  851968 | stage_step= 346112 | Episodes: 65037
Eval @ 856064 | stage_step= 350208 | sr=0.00% | reward=277.25 +/- 0.00 | pickups=2.00 deliveries=0.00 delivered_agents=0.00/2
Step  860160 | stage_step= 354304 | Episodes: 65666
[MultiQuadEnv] Steps 160001-180000 | pickups=6012 | deliveries=2 | total_pickups=51542 | total_deliveries=16
Step  870400 | stage_step= 364544 | Episodes: 66429
Step  880640 | stage_step= 374784 | Episodes: 67216
Eval @ 882688 | stage_step= 376832 | sr=0.00% | reward=277.25 +/- 0.00 | pickups=2.00 deliveries=0.00 delivered_agents=0.00/2
Step  890880 | stage_step= 385024 | Episodes: 68004
Step  901120 | stage_step= 395264 | Episodes: 68793
[MultiQuadEnv] Steps 180001-200000 | pickups=6123 | deliveries=1 | total_pickups=57665 | total_deliveries=17
Eval @ 907264 | stage_step= 401408 | sr=0.00% | reward=277.25 +/- 0.00 | pickups=2.00 deliveries=0.00 delivered_agents=0.00/2
Step  911360 | stage_step= 405504 | Episodes: 69583
Step  921600 | stage_step= 415744 | Episodes: 70366
Step  931840 | stage_step= 425984 | Episodes: 71149
Eval @ 931840 | stage_step= 425984 | sr=0.00% | reward=277.25 +/- 0.00 | pickups=2.00 deliveries=0.00 delivered_agents=0.00/2
Step  940032 | stage_step= 434176 | Episodes: 71786
[MultiQuadEnv] Steps 200001-220000 | pickups=6137 | deliveries=0 | total_pickups=63802 | total_deliveries=17
Step  950272 | stage_step= 444416 | Episodes: 72575
Eval @ 956416 | stage_step= 450560 | sr=0.00% | reward=277.25 +/- 0.00 | pickups=2.00 deliveries=0.00 delivered_agents=0.00/2
Step  960512 | stage_step= 454656 | Episodes: 73374
Step  970752 | stage_step= 464896 | Episodes: 74175
Step  980992 | stage_step= 475136 | Episodes: 74978
Eval @ 980992 | stage_step= 475136 | sr=0.00% | reward=277.25 +/- 0.00 | pickups=2.00 deliveries=0.00 delivered_agents=0.00/2
[MultiQuadEnv] Steps 220001-240000 | pickups=6244 | deliveries=0 | total_pickups=70046 | total_deliveries=17
Step  991232 | stage_step= 485376 | Episodes: 75779
Step 1001472 | stage_step= 495616 | Episodes: 76598
Eval @1007616 | stage_step= 501760 | sr=0.00% | reward=277.25 +/- 0.00 | pickups=2.00 deliveries=0.00 delivered_agents=0.00/2
Step 1011712 | stage_step= 505856 | Episodes: 77417
Step 1021952 | stage_step= 516096 | Episodes: 78248
[MultiQuadEnv] Steps 240001-260000 | pickups=6412 | deliveries=0 | total_pickups=76458 | total_deliveries=17
Step 1030144 | stage_step= 524288 | Episodes: 78909
Eval @1032192 | stage_step= 526336 | sr=0.00% | reward=277.25 +/- 0.00 | pickups=2.00 deliveries=0.00 delivered_agents=0.00/2
Step 1040384 | stage_step= 534528 | Episodes: 79739
Step 1050624 | stage_step= 544768 | Episodes: 80568
Eval @1056768 | stage_step= 550912 | sr=0.00% | reward=277.25 +/- 0.00 | pickups=2.00 deliveries=0.00 delivered_agents=0.00/2
Step 1060864 | stage_step= 555008 | Episodes: 81399
[MultiQuadEnv] Steps 260001-280000 | pickups=6478 | deliveries=0 | total_pickups=82936 | total_deliveries=17
Step 1071104 | stage_step= 565248 | Episodes: 82224
Step 1081344 | stage_step= 575488 | Episodes: 83042
Eval @1081344 | stage_step= 575488 | sr=0.00% | reward=277.25 +/- 0.00 | pickups=2.00 deliveries=0.00 delivered_agents=0.00/2
Step 1091584 | stage_step= 585728 | Episodes: 83862
Step 1101824 | stage_step= 595968 | Episodes: 84694
[MultiQuadEnv] Steps 280001-300000 | pickups=6429 | deliveries=0 | total_pickups=89365 | total_deliveries=17
Eval @1105920 | stage_step= 600064 | sr=0.00% | reward=277.25 +/- 0.00 | pickups=2.00 deliveries=0.00 delivered_agents=0.00/2
Step 1110016 | stage_step= 604160 | Episodes: 85359
Step 1120256 | stage_step= 614400 | Episodes: 86182
Step 1130496 | stage_step= 624640 | Episodes: 87013
Eval @1132544 | stage_step= 626688 | sr=0.00% | reward=277.25 +/- 0.00 | pickups=2.00 deliveries=0.00 delivered_agents=0.00/2
Step 1140736 | stage_step= 634880 | Episodes: 87835
[MultiQuadEnv] Steps 300001-320000 | pickups=6421 | deliveries=0 | total_pickups=95786 | total_deliveries=17
Step 1150976 | stage_step= 645120 | Episodes: 88651
Eval @1157120 | stage_step= 651264 | sr=0.00% | reward=277.25 +/- 0.00 | pickups=2.00 deliveries=0.00 delivered_agents=0.00/2
Step 1161216 | stage_step= 655360 | Episodes: 89467
Step 1171456 | stage_step= 665600 | Episodes: 90273
Step 1181696 | stage_step= 675840 | Episodes: 91067
Eval @1181696 | stage_step= 675840 | sr=0.00% | reward=277.25 +/- 0.00 | pickups=2.00 deliveries=0.00 delivered_agents=0.00/2
[MultiQuadEnv] Steps 320001-340000 | pickups=6282 | deliveries=0 | total_pickups=102068 | total_deliveries=17
Step 1191936 | stage_step= 686080 | Episodes: 91857
Step 1200128 | stage_step= 694272 | Episodes: 92501
Eval @1206272 | stage_step= 700416 | sr=0.00% | reward=277.25 +/- 0.00 | pickups=2.00 deliveries=0.00 delivered_agents=0.00/2
Step 1210368 | stage_step= 704512 | Episodes: 93308
Step 1220608 | stage_step= 714752 | Episodes: 94113
[MultiQuadEnv] Steps 340001-360000 | pickups=6279 | deliveries=0 | total_pickups=108347 | total_deliveries=17
Step 1230848 | stage_step= 724992 | Episodes: 94917
Eval @1232896 | stage_step= 727040 | sr=0.00% | reward=277.25 +/- 0.00 | pickups=2.00 deliveries=0.00 delivered_agents=0.00/2
Step 1241088 | stage_step= 735232 | Episodes: 95745
Step 1251328 | stage_step= 745472 | Episodes: 96586
Eval @1257472 | stage_step= 751616 | sr=0.00% | reward=277.25 +/- 0.00 | pickups=2.00 deliveries=0.00 delivered_agents=0.00/2
Step 1261568 | stage_step= 755712 | Episodes: 97426
[MultiQuadEnv] Steps 360001-380000 | pickups=6518 | deliveries=0 | total_pickups=114865 | total_deliveries=17
Step 1271808 | stage_step= 765952 | Episodes: 98268
Step 1280000 | stage_step= 774144 | Episodes: 98942
Eval @1282048 | stage_step= 776192 | sr=0.00% | reward=277.25 +/- 0.00 | pickups=2.00 deliveries=0.00 delivered_agents=0.00/2
Step 1290240 | stage_step= 784384 | Episodes: 99790
Step 1300480 | stage_step= 794624 | Episodes: 100637
[MultiQuadEnv] Steps 380001-400000 | pickups=6607 | deliveries=0 | total_pickups=121472 | total_deliveries=17
Eval @1306624 | stage_step= 800768 | sr=0.00% | reward=277.25 +/- 0.00 | pickups=2.00 deliveries=0.00 delivered_agents=0.00/2
Step 1310720 | stage_step= 804864 | Episodes: 101484
Step 1320960 | stage_step= 815104 | Episodes: 102332
Step 1331200 | stage_step= 825344 | Episodes: 103182
Eval @1331200 | stage_step= 825344 | sr=0.00% | reward=277.25 +/- 0.00 | pickups=2.00 deliveries=0.00 delivered_agents=0.00/2
Step 1341440 | stage_step= 835584 | Episodes: 104032
[MultiQuadEnv] Steps 400001-420000 | pickups=6631 | deliveries=0 | total_pickups=128103 | total_deliveries=17
Step 1351680 | stage_step= 845824 | Episodes: 104883
Eval @1357824 | stage_step= 851968 | sr=0.00% | reward=277.25 +/- 0.00 | pickups=2.00 deliveries=0.00 delivered_agents=0.00/2
Step 1361920 | stage_step= 856064 | Episodes: 105733
Step 1370112 | stage_step= 864256 | Episodes: 106411
Step 1380352 | stage_step= 874496 | Episodes: 107262
Eval @1382400 | stage_step= 876544 | sr=0.00% | reward=277.25 +/- 0.00 | pickups=2.00 deliveries=0.00 delivered_agents=0.00/2
[MultiQuadEnv] Steps 420001-440000 | pickups=6640 | deliveries=0 | total_pickups=134743 | total_deliveries=17
Step 1390592 | stage_step= 884736 | Episodes: 108112
Step 1400832 | stage_step= 894976 | Episodes: 108962
Eval @1406976 | stage_step= 901120 | sr=0.00% | reward=277.25 +/- 0.00 | pickups=2.00 deliveries=0.00 delivered_agents=0.00/2
Step 1411072 | stage_step= 905216 | Episodes: 109812
Step 1421312 | stage_step= 915456 | Episodes: 110662
[MultiQuadEnv] Steps 440001-460000 | pickups=6643 | deliveries=0 | total_pickups=141386 | total_deliveries=17
Step 1431552 | stage_step= 925696 | Episodes: 111512
Eval @1431552 | stage_step= 925696 | sr=0.00% | reward=277.25 +/- 0.00 | pickups=2.00 deliveries=0.00 delivered_agents=0.00/2
Step 1441792 | stage_step= 935936 | Episodes: 112362
Step 1452032 | stage_step= 946176 | Episodes: 113212
Eval @1456128 | stage_step= 950272 | sr=0.00% | reward=277.25 +/- 0.00 | pickups=2.00 deliveries=0.00 delivered_agents=0.00/2
Step 1460224 | stage_step= 954368 | Episodes: 113892
[MultiQuadEnv] Steps 460001-480000 | pickups=6645 | deliveries=0 | total_pickups=148031 | total_deliveries=17
Step 1470464 | stage_step= 964608 | Episodes: 114742
Step 1480704 | stage_step= 974848 | Episodes: 115592
Eval @1482752 | stage_step= 976896 | sr=0.00% | reward=277.25 +/- 0.00 | pickups=2.00 deliveries=0.00 delivered_agents=0.00/2
Step 1490944 | stage_step= 985088 | Episodes: 116441
Step 1501184 | stage_step= 995328 | Episodes: 117290
[MultiQuadEnv] Steps 480001-500000 | pickups=6642 | deliveries=0 | total_pickups=154673 | total_deliveries=17
Eval @1507328 | stage_step=1001472 | sr=0.00% | reward=277.25 +/- 0.00 | pickups=2.00 deliveries=0.00 delivered_agents=0.00/2
Full budget used for s4_wider_t_branch_fixed. Best stage success=0.00%.
No successful checkpoint found for s4_wider_t_branch_fixed; restored pre-stage model.
Final eval | success_rate=100.00% | mean_reward=2279.20 +/- 0.00 | pickups=2.00 deliveries=2.00 | delivered_agents=2.00/2 

### SLOW FIXED SWEEP 5/20: quad_physics_mappo_fixed_v12_slow_sweep_explore_seed7 ###

Using device: cpu
Initial Quad MAPPO: agents=2 obs=(36,) grid=(6, 5) starts=[(4, 2), (3, 2)] package=(2, 2) deliveries=[(1, 1), (1, 3)] lanes=6 rand_pkg=False rand_del=False dt=0.05 substeps=8 max_tilt=0.32

=== Stage 1/25: s1_short_t_fixed (fixed positions) ===
Stage: agents=2 obs=(36,) grid=(6, 5) starts=[(4, 2), (3, 2)] package=(2, 2) deliveries=[(1, 1), (1, 3)] lanes=6 rand_pkg=False rand_del=False dt=0.05 substeps=8 max_tilt=0.32
Step   10240 | stage_step=  10240 | Episodes:   979
Step   20480 | stage_step=  20480 | Episodes:  2078
Eval @  20480 | stage_step=  20480 | sr=0.00% | reward=127.20 +/- 0.00 | pickups=1.00 deliveries=0.00 delivered_agents=0.00/2
Step   30720 | stage_step=  30720 | Episodes:  3125
[MultiQuadEnv] Steps 1-20000 | pickups=2445 | deliveries=303 | total_pickups=2445 | total_deliveries=303
Step   40960 | stage_step=  40960 | Episodes:  4174
Eval @  40960 | stage_step=  40960 | sr=0.00% | reward=128.00 +/- 0.00 | pickups=1.00 deliveries=0.00 delivered_agents=0.00/2
Step   51200 | stage_step=  51200 | Episodes:  5258
Step   61440 | stage_step=  61440 | Episodes:  6319
Eval @  61440 | stage_step=  61440 | sr=0.00% | reward=278.00 +/- 0.00 | pickups=2.00 deliveries=0.00 delivered_agents=0.00/2
Step   71680 | stage_step=  71680 | Episodes:  7412
[MultiQuadEnv] Steps 20001-40000 | pickups=4639 | deliveries=1054 | total_pickups=7084 | total_deliveries=1357
Step   81920 | stage_step=  81920 | Episodes:  8479
Eval @  81920 | stage_step=  81920 | sr=0.00% | reward=778.00 +/- 0.00 | pickups=2.00 deliveries=1.00 delivered_agents=1.00/2
Step   90112 | stage_step=  90112 | Episodes:  9368
Step  100352 | stage_step= 100352 | Episodes: 10489
Eval @ 100352 | stage_step= 100352 | sr=0.00% | reward=778.00 +/- 0.00 | pickups=2.00 deliveries=1.00 delivered_agents=1.00/2
Step  110592 | stage_step= 110592 | Episodes: 11606
[MultiQuadEnv] Steps 40001-60000 | pickups=5333 | deliveries=1499 | total_pickups=12417 | total_deliveries=2856
Step  120832 | stage_step= 120832 | Episodes: 12745
Eval @ 120832 | stage_step= 120832 | sr=0.00% | reward=778.00 +/- 0.00 | pickups=2.00 deliveries=1.00 delivered_agents=1.00/2
Step  131072 | stage_step= 131072 | Episodes: 13878
Step  141312 | stage_step= 141312 | Episodes: 14987
Eval @ 141312 | stage_step= 141312 | sr=0.00% | reward=778.00 +/- 0.00 | pickups=2.00 deliveries=1.00 delivered_agents=1.00/2
Step  151552 | stage_step= 151552 | Episodes: 16103
[MultiQuadEnv] Steps 60001-80000 | pickups=5541 | deliveries=1762 | total_pickups=17958 | total_deliveries=4618
Step  161792 | stage_step= 161792 | Episodes: 17215
Eval @ 161792 | stage_step= 161792 | sr=0.00% | reward=778.00 +/- 0.00 | pickups=2.00 deliveries=1.00 delivered_agents=1.00/2
Step  172032 | stage_step= 172032 | Episodes: 18340
Step  180224 | stage_step= 180224 | Episodes: 19259
Eval @ 180224 | stage_step= 180224 | sr=100.00% | reward=2298.20 +/- 0.00 | pickups=2.00 deliveries=2.00 delivered_agents=2.00/2
Early promotion from s1_short_t_fixed: 100.00% >= 90.00%
Restored best for s1_short_t_fixed: sr=100.00% | reward=2298.20

=== Stage 2/25: s2_wider_t_stem_fixed (fixed positions) ===
Stage: agents=2 obs=(36,) grid=(8, 9) starts=[(6, 4), (5, 4)] package=(3, 4) deliveries=[(2, 4), (1, 4)] lanes=12 rand_pkg=False rand_del=False dt=0.05 substeps=8 max_tilt=0.32
Step  190464 | stage_step=  10240 | Episodes: 20321
Step  200704 | stage_step=  20480 | Episodes: 21266
Eval @ 206848 | stage_step=  26624 | sr=0.00% | reward=177.60 +/- 0.00 | pickups=2.00 deliveries=0.00 delivered_agents=0.00/2
Step  210944 | stage_step=  30720 | Episodes: 22167
[MultiQuadEnv] Steps 1-20000 | pickups=4178 | deliveries=1494 | total_pickups=4178 | total_deliveries=1494
Step  221184 | stage_step=  40960 | Episodes: 23047
Step  231424 | stage_step=  51200 | Episodes: 23905
Eval @ 231424 | stage_step=  51200 | sr=0.00% | reward=211.60 +/- 0.00 | pickups=2.00 deliveries=0.00 delivered_agents=0.00/2
Step  241664 | stage_step=  61440 | Episodes: 24757
Step  251904 | stage_step=  71680 | Episodes: 25598
Eval @ 256000 | stage_step=  75776 | sr=0.00% | reward=211.60 +/- 0.00 | pickups=2.00 deliveries=0.00 delivered_agents=0.00/2
Step  260096 | stage_step=  79872 | Episodes: 26259
[MultiQuadEnv] Steps 20001-40000 | pickups=4836 | deliveries=2528 | total_pickups=9014 | total_deliveries=4022
Step  270336 | stage_step=  90112 | Episodes: 27068
Step  280576 | stage_step= 100352 | Episodes: 27845
Eval @ 280576 | stage_step= 100352 | sr=100.00% | reward=2247.60 +/- 0.00 | pickups=2.00 deliveries=2.00 delivered_agents=2.00/2
Early promotion from s2_wider_t_stem_fixed: 100.00% >= 85.00%
Restored best for s2_wider_t_stem_fixed: sr=100.00% | reward=2247.60

=== Stage 3/25: s3_wider_t_near_branch_fixed (fixed positions) ===
Stage: agents=2 obs=(36,) grid=(8, 9) starts=[(6, 4), (5, 4)] package=(2, 4) deliveries=[(1, 3), (1, 5)] lanes=12 rand_pkg=False rand_del=False dt=0.05 substeps=8 max_tilt=0.32
Step  290816 | stage_step=  10240 | Episodes: 28576
Step  301056 | stage_step=  20480 | Episodes: 29283
Eval @ 307200 | stage_step=  26624 | sr=0.00% | reward=257.20 +/- 0.00 | pickups=2.00 deliveries=0.00 delivered_agents=0.00/2
Step  311296 | stage_step=  30720 | Episodes: 29988
[MultiQuadEnv] Steps 1-20000 | pickups=3910 | deliveries=348 | total_pickups=3910 | total_deliveries=348
Step  321536 | stage_step=  40960 | Episodes: 30705
Step  331776 | stage_step=  51200 | Episodes: 31443
Eval @ 331776 | stage_step=  51200 | sr=0.00% | reward=777.20 +/- 0.00 | pickups=2.00 deliveries=1.00 delivered_agents=1.00/2
Step  342016 | stage_step=  61440 | Episodes: 32173
Step  350208 | stage_step=  69632 | Episodes: 32770
Eval @ 356352 | stage_step=  75776 | sr=0.00% | reward=777.20 +/- 0.00 | pickups=2.00 deliveries=1.00 delivered_agents=1.00/2
Step  360448 | stage_step=  79872 | Episodes: 33496
[MultiQuadEnv] Steps 20001-40000 | pickups=4272 | deliveries=630 | total_pickups=8182 | total_deliveries=978
Step  370688 | stage_step=  90112 | Episodes: 34237
Step  380928 | stage_step= 100352 | Episodes: 34987
Eval @ 380928 | stage_step= 100352 | sr=0.00% | reward=777.20 +/- 0.00 | pickups=2.00 deliveries=1.00 delivered_agents=1.00/2
Step  391168 | stage_step= 110592 | Episodes: 35737
[MultiQuadEnv] Steps 40001-60000 | pickups=4521 | deliveries=1031 | total_pickups=12703 | total_deliveries=2009
Step  401408 | stage_step= 120832 | Episodes: 36481
Eval @ 407552 | stage_step= 126976 | sr=0.00% | reward=777.20 +/- 0.00 | pickups=2.00 deliveries=1.00 delivered_agents=1.00/2
Step  411648 | stage_step= 131072 | Episodes: 37230
Step  421888 | stage_step= 141312 | Episodes: 37973
Step  430080 | stage_step= 149504 | Episodes: 38575
Eval @ 432128 | stage_step= 151552 | sr=0.00% | reward=777.20 +/- 0.00 | pickups=2.00 deliveries=1.00 delivered_agents=1.00/2
Step  440320 | stage_step= 159744 | Episodes: 39323
[MultiQuadEnv] Steps 60001-80000 | pickups=4759 | deliveries=1452 | total_pickups=17462 | total_deliveries=3461
Step  450560 | stage_step= 169984 | Episodes: 40069
Eval @ 456704 | stage_step= 176128 | sr=0.00% | reward=777.20 +/- 0.00 | pickups=2.00 deliveries=1.00 delivered_agents=1.00/2
Step  460800 | stage_step= 180224 | Episodes: 40817
Step  471040 | stage_step= 190464 | Episodes: 41570
[MultiQuadEnv] Steps 80001-100000 | pickups=4872 | deliveries=1916 | total_pickups=22334 | total_deliveries=5377
Step  481280 | stage_step= 200704 | Episodes: 42324
Eval @ 481280 | stage_step= 200704 | sr=100.00% | reward=2297.40 +/- 0.00 | pickups=2.00 deliveries=2.00 delivered_agents=2.00/2
Early promotion from s3_wider_t_near_branch_fixed: 100.00% >= 75.00%
Restored best for s3_wider_t_near_branch_fixed: sr=100.00% | reward=2297.40

=== Stage 4/25: s4_wider_t_branch_fixed (fixed positions) ===
Stage: agents=2 obs=(36,) grid=(8, 9) starts=[(6, 4), (5, 4)] package=(3, 4) deliveries=[(1, 1), (1, 7)] lanes=12 rand_pkg=False rand_del=False dt=0.05 substeps=8 max_tilt=0.32
Step  491520 | stage_step=  10240 | Episodes: 43167
Step  501760 | stage_step=  20480 | Episodes: 43959
Eval @ 507904 | stage_step=  26624 | sr=0.00% | reward=277.25 +/- 0.00 | pickups=2.00 deliveries=0.00 delivered_agents=0.00/2
Step  512000 | stage_step=  30720 | Episodes: 44736
Step  520192 | stage_step=  38912 | Episodes: 45346
[MultiQuadEnv] Steps 1-20000 | pickups=5628 | deliveries=0 | total_pickups=5628 | total_deliveries=0
Step  530432 | stage_step=  49152 | Episodes: 46102
Eval @ 532480 | stage_step=  51200 | sr=0.00% | reward=277.25 +/- 0.00 | pickups=2.00 deliveries=0.00 delivered_agents=0.00/2
Step  540672 | stage_step=  59392 | Episodes: 46853
Step  550912 | stage_step=  69632 | Episodes: 47611
Eval @ 557056 | stage_step=  75776 | sr=0.00% | reward=277.25 +/- 0.00 | pickups=2.00 deliveries=0.00 delivered_agents=0.00/2
Step  561152 | stage_step=  79872 | Episodes: 48377
[MultiQuadEnv] Steps 20001-40000 | pickups=5868 | deliveries=0 | total_pickups=11496 | total_deliveries=0
Step  571392 | stage_step=  90112 | Episodes: 49150
Step  581632 | stage_step= 100352 | Episodes: 49939
Eval @ 581632 | stage_step= 100352 | sr=0.00% | reward=277.25 +/- 0.00 | pickups=2.00 deliveries=0.00 delivered_agents=0.00/2
Step  591872 | stage_step= 110592 | Episodes: 50723
Step  600064 | stage_step= 118784 | Episodes: 51348
[MultiQuadEnv] Steps 40001-60000 | pickups=6087 | deliveries=0 | total_pickups=17583 | total_deliveries=0
Eval @ 608256 | stage_step= 126976 | sr=0.00% | reward=277.25 +/- 0.00 | pickups=2.00 deliveries=0.00 delivered_agents=0.00/2
Step  610304 | stage_step= 129024 | Episodes: 52134
Step  620544 | stage_step= 139264 | Episodes: 52924
Step  630784 | stage_step= 149504 | Episodes: 53704
Eval @ 632832 | stage_step= 151552 | sr=0.00% | reward=277.25 +/- 0.00 | pickups=2.00 deliveries=0.00 delivered_agents=0.00/2
Step  641024 | stage_step= 159744 | Episodes: 54487
[MultiQuadEnv] Steps 60001-80000 | pickups=6121 | deliveries=0 | total_pickups=23704 | total_deliveries=0
Step  651264 | stage_step= 169984 | Episodes: 55274
Eval @ 657408 | stage_step= 176128 | sr=0.00% | reward=277.25 +/- 0.00 | pickups=2.00 deliveries=0.00 delivered_agents=0.00/2
Step  661504 | stage_step= 180224 | Episodes: 56081
Step  671744 | stage_step= 190464 | Episodes: 56886
[MultiQuadEnv] Steps 80001-100000 | pickups=6291 | deliveries=0 | total_pickups=29995 | total_deliveries=0
Step  681984 | stage_step= 200704 | Episodes: 57707
Eval @ 681984 | stage_step= 200704 | sr=0.00% | reward=277.25 +/- 0.00 | pickups=2.00 deliveries=0.00 delivered_agents=0.00/2
Step  690176 | stage_step= 208896 | Episodes: 58354
Step  700416 | stage_step= 219136 | Episodes: 59147
Eval @ 706560 | stage_step= 225280 | sr=0.00% | reward=277.25 +/- 0.00 | pickups=2.00 deliveries=0.00 delivered_agents=0.00/2
Step  710656 | stage_step= 229376 | Episodes: 59954
Step  720896 | stage_step= 239616 | Episodes: 60772
[MultiQuadEnv] Steps 100001-120000 | pickups=6292 | deliveries=0 | total_pickups=36287 | total_deliveries=0
Step  731136 | stage_step= 249856 | Episodes: 61587
Eval @ 733184 | stage_step= 251904 | sr=0.00% | reward=277.25 +/- 0.00 | pickups=2.00 deliveries=0.00 delivered_agents=0.00/2
Step  741376 | stage_step= 260096 | Episodes: 62397
Step  751616 | stage_step= 270336 | Episodes: 63220
Eval @ 757760 | stage_step= 276480 | sr=0.00% | reward=277.25 +/- 0.00 | pickups=2.00 deliveries=0.00 delivered_agents=0.00/2
[MultiQuadEnv] Steps 120001-140000 | pickups=6399 | deliveries=0 | total_pickups=42686 | total_deliveries=0
Step  761856 | stage_step= 280576 | Episodes: 64043
Step  770048 | stage_step= 288768 | Episodes: 64702
Step  780288 | stage_step= 299008 | Episodes: 65519
Eval @ 782336 | stage_step= 301056 | sr=0.00% | reward=277.25 +/- 0.00 | pickups=2.00 deliveries=0.00 delivered_agents=0.00/2
Step  790528 | stage_step= 309248 | Episodes: 66335
Step  800768 | stage_step= 319488 | Episodes: 67148
[MultiQuadEnv] Steps 140001-160000 | pickups=6381 | deliveries=0 | total_pickups=49067 | total_deliveries=0
Eval @ 806912 | stage_step= 325632 | sr=0.00% | reward=277.25 +/- 0.00 | pickups=2.00 deliveries=0.00 delivered_agents=0.00/2
Step  811008 | stage_step= 329728 | Episodes: 67966
Step  821248 | stage_step= 339968 | Episodes: 68784
Step  831488 | stage_step= 350208 | Episodes: 69604
Eval @ 831488 | stage_step= 350208 | sr=0.00% | reward=277.25 +/- 0.00 | pickups=2.00 deliveries=0.00 delivered_agents=0.00/2
[MultiQuadEnv] Steps 160001-180000 | pickups=6419 | deliveries=0 | total_pickups=55486 | total_deliveries=0
Step  841728 | stage_step= 360448 | Episodes: 70432
Step  851968 | stage_step= 370688 | Episodes: 71260
Eval @ 858112 | stage_step= 376832 | sr=0.00% | reward=277.25 +/- 0.00 | pickups=2.00 deliveries=0.00 delivered_agents=0.00/2
Step  860160 | stage_step= 378880 | Episodes: 71914
Step  870400 | stage_step= 389120 | Episodes: 72743
Step  880640 | stage_step= 399360 | Episodes: 73575
[MultiQuadEnv] Steps 180001-200000 | pickups=6461 | deliveries=0 | total_pickups=61947 | total_deliveries=0
Eval @ 882688 | stage_step= 401408 | sr=0.00% | reward=277.25 +/- 0.00 | pickups=2.00 deliveries=0.00 delivered_agents=0.00/2
Step  890880 | stage_step= 409600 | Episodes: 74410
Step  901120 | stage_step= 419840 | Episodes: 75249
Eval @ 907264 | stage_step= 425984 | sr=0.00% | reward=277.25 +/- 0.00 | pickups=2.00 deliveries=0.00 delivered_agents=0.00/2
Step  911360 | stage_step= 430080 | Episodes: 76088
[MultiQuadEnv] Steps 200001-220000 | pickups=6558 | deliveries=0 | total_pickups=68505 | total_deliveries=0
Step  921600 | stage_step= 440320 | Episodes: 76930
Step  931840 | stage_step= 450560 | Episodes: 77776
Eval @ 931840 | stage_step= 450560 | sr=0.00% | reward=277.25 +/- 0.00 | pickups=2.00 deliveries=0.00 delivered_agents=0.00/2
Step  940032 | stage_step= 458752 | Episodes: 78450
Step  950272 | stage_step= 468992 | Episodes: 79294
Eval @ 956416 | stage_step= 475136 | sr=0.00% | reward=277.25 +/- 0.00 | pickups=2.00 deliveries=0.00 delivered_agents=0.00/2
Step  960512 | stage_step= 479232 | Episodes: 80137
[MultiQuadEnv] Steps 220001-240000 | pickups=6592 | deliveries=0 | total_pickups=75097 | total_deliveries=0
Step  970752 | stage_step= 489472 | Episodes: 80981
Step  980992 | stage_step= 499712 | Episodes: 81826
Eval @ 983040 | stage_step= 501760 | sr=0.00% | reward=277.25 +/- 0.00 | pickups=2.00 deliveries=0.00 delivered_agents=0.00/2
Step  991232 | stage_step= 509952 | Episodes: 82670
[MultiQuadEnv] Steps 240001-260000 | pickups=6600 | deliveries=0 | total_pickups=81697 | total_deliveries=0
Step 1001472 | stage_step= 520192 | Episodes: 83514
Eval @1007616 | stage_step= 526336 | sr=0.00% | reward=277.25 +/- 0.00 | pickups=2.00 deliveries=0.00 delivered_agents=0.00/2
Step 1011712 | stage_step= 530432 | Episodes: 84354
Step 1021952 | stage_step= 540672 | Episodes: 85198
Step 1030144 | stage_step= 548864 | Episodes: 85877
Eval @1032192 | stage_step= 550912 | sr=0.00% | reward=277.25 +/- 0.00 | pickups=2.00 deliveries=0.00 delivered_agents=0.00/2
Step 1040384 | stage_step= 559104 | Episodes: 86720
[MultiQuadEnv] Steps 260001-280000 | pickups=6590 | deliveries=0 | total_pickups=88287 | total_deliveries=0
Step 1050624 | stage_step= 569344 | Episodes: 87561
Eval @1056768 | stage_step= 575488 | sr=0.00% | reward=277.25 +/- 0.00 | pickups=2.00 deliveries=0.00 delivered_agents=0.00/2
Step 1060864 | stage_step= 579584 | Episodes: 88403
Step 1071104 | stage_step= 589824 | Episodes: 89246
[MultiQuadEnv] Steps 280001-300000 | pickups=6591 | deliveries=0 | total_pickups=94878 | total_deliveries=0
Step 1081344 | stage_step= 600064 | Episodes: 90092
Eval @1081344 | stage_step= 600064 | sr=0.00% | reward=277.25 +/- 0.00 | pickups=2.00 deliveries=0.00 delivered_agents=0.00/2
Step 1091584 | stage_step= 610304 | Episodes: 90938
Step 1101824 | stage_step= 620544 | Episodes: 91786
Eval @1107968 | stage_step= 626688 | sr=0.00% | reward=277.25 +/- 0.00 | pickups=2.00 deliveries=0.00 delivered_agents=0.00/2
Step 1110016 | stage_step= 628736 | Episodes: 92465
Step 1120256 | stage_step= 638976 | Episodes: 93313
[MultiQuadEnv] Steps 300001-320000 | pickups=6623 | deliveries=0 | total_pickups=101501 | total_deliveries=0
Step 1130496 | stage_step= 649216 | Episodes: 94158
Eval @1132544 | stage_step= 651264 | sr=0.00% | reward=277.25 +/- 0.00 | pickups=2.00 deliveries=0.00 delivered_agents=0.00/2
Step 1140736 | stage_step= 659456 | Episodes: 95006
Step 1150976 | stage_step= 669696 | Episodes: 95852
Eval @1157120 | stage_step= 675840 | sr=0.00% | reward=277.25 +/- 0.00 | pickups=2.00 deliveries=0.00 delivered_agents=0.00/2
Step 1161216 | stage_step= 679936 | Episodes: 96698
[MultiQuadEnv] Steps 320001-340000 | pickups=6624 | deliveries=0 | total_pickups=108125 | total_deliveries=0
Step 1171456 | stage_step= 690176 | Episodes: 97544
Step 1181696 | stage_step= 700416 | Episodes: 98390
Eval @1181696 | stage_step= 700416 | sr=0.00% | reward=277.25 +/- 0.00 | pickups=2.00 deliveries=0.00 delivered_agents=0.00/2
Step 1191936 | stage_step= 710656 | Episodes: 99238
Step 1200128 | stage_step= 718848 | Episodes: 99918
[MultiQuadEnv] Steps 340001-360000 | pickups=6630 | deliveries=0 | total_pickups=114755 | total_deliveries=0
Eval @1208320 | stage_step= 727040 | sr=0.00% | reward=277.25 +/- 0.00 | pickups=2.00 deliveries=0.00 delivered_agents=0.00/2
Step 1210368 | stage_step= 729088 | Episodes: 100768
Step 1220608 | stage_step= 739328 | Episodes: 101617
Step 1230848 | stage_step= 749568 | Episodes: 102467
Eval @1232896 | stage_step= 751616 | sr=0.00% | reward=277.25 +/- 0.00 | pickups=2.00 deliveries=0.00 delivered_agents=0.00/2
Step 1241088 | stage_step= 759808 | Episodes: 103315
[MultiQuadEnv] Steps 360001-380000 | pickups=6631 | deliveries=0 | total_pickups=121386 | total_deliveries=0
Step 1251328 | stage_step= 770048 | Episodes: 104164
Eval @1257472 | stage_step= 776192 | sr=0.00% | reward=277.25 +/- 0.00 | pickups=2.00 deliveries=0.00 delivered_agents=0.00/2
Step 1261568 | stage_step= 780288 | Episodes: 105012
Step 1271808 | stage_step= 790528 | Episodes: 105859
Step 1280000 | stage_step= 798720 | Episodes: 106536
[MultiQuadEnv] Steps 380001-400000 | pickups=6631 | deliveries=0 | total_pickups=128017 | total_deliveries=0
Eval @1282048 | stage_step= 800768 | sr=0.00% | reward=277.25 +/- 0.00 | pickups=2.00 deliveries=0.00 delivered_agents=0.00/2
Step 1290240 | stage_step= 808960 | Episodes: 107381
Step 1300480 | stage_step= 819200 | Episodes: 108229
Eval @1306624 | stage_step= 825344 | sr=0.00% | reward=277.25 +/- 0.00 | pickups=2.00 deliveries=0.00 delivered_agents=0.00/2
Step 1310720 | stage_step= 829440 | Episodes: 109076
Step 1320960 | stage_step= 839680 | Episodes: 109925
[MultiQuadEnv] Steps 400001-420000 | pickups=6631 | deliveries=0 | total_pickups=134648 | total_deliveries=0
Step 1331200 | stage_step= 849920 | Episodes: 110772
Eval @1333248 | stage_step= 851968 | sr=0.00% | reward=277.25 +/- 0.00 | pickups=2.00 deliveries=0.00 delivered_agents=0.00/2
Step 1341440 | stage_step= 860160 | Episodes: 111620
Step 1351680 | stage_step= 870400 | Episodes: 112470
Eval @1357824 | stage_step= 876544 | sr=0.00% | reward=277.25 +/- 0.00 | pickups=2.00 deliveries=0.00 delivered_agents=0.00/2
[MultiQuadEnv] Steps 420001-440000 | pickups=6637 | deliveries=0 | total_pickups=141285 | total_deliveries=0
Step 1361920 | stage_step= 880640 | Episodes: 113320
Step 1370112 | stage_step= 888832 | Episodes: 113997
Step 1380352 | stage_step= 899072 | Episodes: 114846
Eval @1382400 | stage_step= 901120 | sr=0.00% | reward=277.25 +/- 0.00 | pickups=2.00 deliveries=0.00 delivered_agents=0.00/2
Step 1390592 | stage_step= 909312 | Episodes: 115696
Step 1400832 | stage_step= 919552 | Episodes: 116546
[MultiQuadEnv] Steps 440001-460000 | pickups=6639 | deliveries=0 | total_pickups=147924 | total_deliveries=0
Eval @1406976 | stage_step= 925696 | sr=0.00% | reward=277.25 +/- 0.00 | pickups=2.00 deliveries=0.00 delivered_agents=0.00/2
Step 1411072 | stage_step= 929792 | Episodes: 117396
Step 1421312 | stage_step= 940032 | Episodes: 118246
Step 1431552 | stage_step= 950272 | Episodes: 119096
Eval @1431552 | stage_step= 950272 | sr=0.00% | reward=277.25 +/- 0.00 | pickups=2.00 deliveries=0.00 delivered_agents=0.00/2
[MultiQuadEnv] Steps 460001-480000 | pickups=6647 | deliveries=0 | total_pickups=154571 | total_deliveries=0
Step 1441792 | stage_step= 960512 | Episodes: 119946
Step 1452032 | stage_step= 970752 | Episodes: 120796
Eval @1458176 | stage_step= 976896 | sr=0.00% | reward=277.25 +/- 0.00 | pickups=2.00 deliveries=0.00 delivered_agents=0.00/2
Step 1460224 | stage_step= 978944 | Episodes: 121476
Step 1470464 | stage_step= 989184 | Episodes: 122326
Step 1480704 | stage_step= 999424 | Episodes: 123176
[MultiQuadEnv] Steps 480001-500000 | pickups=6649 | deliveries=0 | total_pickups=161220 | total_deliveries=0
Eval @1482752 | stage_step=1001472 | sr=0.00% | reward=277.25 +/- 0.00 | pickups=2.00 deliveries=0.00 delivered_agents=0.00/2
Full budget used for s4_wider_t_branch_fixed. Best stage success=0.00%.
No successful checkpoint found for s4_wider_t_branch_fixed; restored pre-stage model.
Final eval | success_rate=100.00% | mean_reward=2297.40 +/- 0.00 | pickups=2.00 deliveries=2.00 | delivered_agents=2.00/2 

### SLOW FIXED SWEEP 6/20: quad_physics_mappo_fixed_v12_slow_sweep_explore_seed11 ###

Using device: cpu
Initial Quad MAPPO: agents=2 obs=(36,) grid=(6, 5) starts=[(4, 2), (3, 2)] package=(2, 2) deliveries=[(1, 1), (1, 3)] lanes=6 rand_pkg=False rand_del=False dt=0.05 substeps=8 max_tilt=0.32

=== Stage 1/25: s1_short_t_fixed (fixed positions) ===
Stage: agents=2 obs=(36,) grid=(6, 5) starts=[(4, 2), (3, 2)] package=(2, 2) deliveries=[(1, 1), (1, 3)] lanes=6 rand_pkg=False rand_del=False dt=0.05 substeps=8 max_tilt=0.32
Step   10240 | stage_step=  10240 | Episodes:   997
Step   20480 | stage_step=  20480 | Episodes:  2048
Eval @  20480 | stage_step=  20480 | sr=0.00% | reward=127.20 +/- 0.00 | pickups=1.00 deliveries=0.00 delivered_agents=0.00/2
Step   30720 | stage_step=  30720 | Episodes:  3070
[MultiQuadEnv] Steps 1-20000 | pickups=2625 | deliveries=317 | total_pickups=2625 | total_deliveries=317
Step   40960 | stage_step=  40960 | Episodes:  4095
Eval @  40960 | stage_step=  40960 | sr=0.00% | reward=128.00 +/- 0.00 | pickups=1.00 deliveries=0.00 delivered_agents=0.00/2
Step   51200 | stage_step=  51200 | Episodes:  5154
Step   61440 | stage_step=  61440 | Episodes:  6176
Eval @  61440 | stage_step=  61440 | sr=0.00% | reward=278.00 +/- 0.00 | pickups=2.00 deliveries=0.00 delivered_agents=0.00/2
Step   71680 | stage_step=  71680 | Episodes:  7226
[MultiQuadEnv] Steps 20001-40000 | pickups=4487 | deliveries=1061 | total_pickups=7112 | total_deliveries=1378
Step   81920 | stage_step=  81920 | Episodes:  8294
Eval @  81920 | stage_step=  81920 | sr=0.00% | reward=777.80 +/- 0.00 | pickups=2.00 deliveries=1.00 delivered_agents=1.00/2
Step   90112 | stage_step=  90112 | Episodes:  9138
Step  100352 | stage_step= 100352 | Episodes: 10211
Eval @ 100352 | stage_step= 100352 | sr=100.00% | reward=2298.00 +/- 0.00 | pickups=2.00 deliveries=2.00 delivered_agents=2.00/2
Early promotion from s1_short_t_fixed: 100.00% >= 90.00%
Restored best for s1_short_t_fixed: sr=100.00% | reward=2298.00

=== Stage 2/25: s2_wider_t_stem_fixed (fixed positions) ===
Stage: agents=2 obs=(36,) grid=(8, 9) starts=[(6, 4), (5, 4)] package=(3, 4) deliveries=[(2, 4), (1, 4)] lanes=12 rand_pkg=False rand_del=False dt=0.05 substeps=8 max_tilt=0.32
Step  110592 | stage_step=  10240 | Episodes: 11231
Step  120832 | stage_step=  20480 | Episodes: 12173
Eval @ 126976 | stage_step=  26624 | sr=100.00% | reward=2247.60 +/- 0.00 | pickups=2.00 deliveries=2.00 delivered_agents=2.00/2
Step  131072 | stage_step=  30720 | Episodes: 13058
[MultiQuadEnv] Steps 1-20000 | pickups=3791 | deliveries=1880 | total_pickups=3791 | total_deliveries=1880
Step  141312 | stage_step=  40960 | Episodes: 13907
Step  151552 | stage_step=  51200 | Episodes: 14711
Eval @ 151552 | stage_step=  51200 | sr=100.00% | reward=2247.60 +/- 0.00 | pickups=2.00 deliveries=2.00 delivered_agents=2.00/2
Step  161792 | stage_step=  61440 | Episodes: 15477
Step  172032 | stage_step=  71680 | Episodes: 16218
Eval @ 176128 | stage_step=  75776 | sr=100.00% | reward=2247.40 +/- 0.00 | pickups=2.00 deliveries=2.00 delivered_agents=2.00/2
Step  180224 | stage_step=  79872 | Episodes: 16782
[MultiQuadEnv] Steps 20001-40000 | pickups=4582 | deliveries=3444 | total_pickups=8373 | total_deliveries=5324
Step  190464 | stage_step=  90112 | Episodes: 17487
Step  200704 | stage_step= 100352 | Episodes: 18183
Eval @ 200704 | stage_step= 100352 | sr=100.00% | reward=2247.60 +/- 0.00 | pickups=2.00 deliveries=2.00 delivered_agents=2.00/2
Early promotion from s2_wider_t_stem_fixed: 100.00% >= 85.00%
Restored best for s2_wider_t_stem_fixed: sr=100.00% | reward=2247.60

=== Stage 3/25: s3_wider_t_near_branch_fixed (fixed positions) ===
Stage: agents=2 obs=(36,) grid=(8, 9) starts=[(6, 4), (5, 4)] package=(2, 4) deliveries=[(1, 3), (1, 5)] lanes=12 rand_pkg=False rand_del=False dt=0.05 substeps=8 max_tilt=0.32
Step  210944 | stage_step=  10240 | Episodes: 19023
Step  221184 | stage_step=  20480 | Episodes: 19808
Eval @ 227328 | stage_step=  26624 | sr=0.00% | reward=261.20 +/- 0.00 | pickups=2.00 deliveries=0.00 delivered_agents=0.00/2
Step  231424 | stage_step=  30720 | Episodes: 20550
[MultiQuadEnv] Steps 1-20000 | pickups=3385 | deliveries=417 | total_pickups=3385 | total_deliveries=417
Step  241664 | stage_step=  40960 | Episodes: 21263
Step  251904 | stage_step=  51200 | Episodes: 21964
Eval @ 251904 | stage_step=  51200 | sr=0.00% | reward=261.20 +/- 0.00 | pickups=2.00 deliveries=0.00 delivered_agents=0.00/2
Step  260096 | stage_step=  59392 | Episodes: 22530
Step  270336 | stage_step=  69632 | Episodes: 23212
Eval @ 276480 | stage_step=  75776 | sr=0.00% | reward=777.20 +/- 0.00 | pickups=2.00 deliveries=1.00 delivered_agents=1.00/2
Step  280576 | stage_step=  79872 | Episodes: 23875
[MultiQuadEnv] Steps 20001-40000 | pickups=3822 | deliveries=686 | total_pickups=7207 | total_deliveries=1103
Step  290816 | stage_step=  90112 | Episodes: 24528
Step  301056 | stage_step= 100352 | Episodes: 25167
Eval @ 301056 | stage_step= 100352 | sr=0.00% | reward=777.00 +/- 0.00 | pickups=2.00 deliveries=1.00 delivered_agents=1.00/2
Step  311296 | stage_step= 110592 | Episodes: 25804
[MultiQuadEnv] Steps 40001-60000 | pickups=3597 | deliveries=987 | total_pickups=10804 | total_deliveries=2090
Step  321536 | stage_step= 120832 | Episodes: 26456
Eval @ 327680 | stage_step= 126976 | sr=100.00% | reward=2296.60 +/- 0.00 | pickups=2.00 deliveries=2.00 delivered_agents=2.00/2
Early promotion from s3_wider_t_near_branch_fixed: 100.00% >= 75.00%
Restored best for s3_wider_t_near_branch_fixed: sr=100.00% | reward=2296.60

=== Stage 4/25: s4_wider_t_branch_fixed (fixed positions) ===
Stage: agents=2 obs=(36,) grid=(8, 9) starts=[(6, 4), (5, 4)] package=(3, 4) deliveries=[(1, 1), (1, 7)] lanes=12 rand_pkg=False rand_del=False dt=0.05 substeps=8 max_tilt=0.32
Step  331776 | stage_step=   4096 | Episodes: 27167
Step  342016 | stage_step=  14336 | Episodes: 27910
Step  350208 | stage_step=  22528 | Episodes: 28459
Eval @ 354304 | stage_step=  26624 | sr=0.00% | reward=276.80 +/- 0.00 | pickups=2.00 deliveries=0.00 delivered_agents=0.00/2
Step  360448 | stage_step=  32768 | Episodes: 29146
[MultiQuadEnv] Steps 1-20000 | pickups=4825 | deliveries=9 | total_pickups=4825 | total_deliveries=9
Step  370688 | stage_step=  43008 | Episodes: 29819
Eval @ 378880 | stage_step=  51200 | sr=0.00% | reward=276.80 +/- 0.00 | pickups=2.00 deliveries=0.00 delivered_agents=0.00/2
Step  380928 | stage_step=  53248 | Episodes: 30477
Step  391168 | stage_step=  63488 | Episodes: 31106
Step  401408 | stage_step=  73728 | Episodes: 31639
Eval @ 403456 | stage_step=  75776 | sr=0.00% | reward=275.75 +/- 0.00 | pickups=2.00 deliveries=0.00 delivered_agents=0.00/2
[MultiQuadEnv] Steps 20001-40000 | pickups=4479 | deliveries=253 | total_pickups=9304 | total_deliveries=262
Step  411648 | stage_step=  83968 | Episodes: 32064
Step  421888 | stage_step=  94208 | Episodes: 32420
Eval @ 428032 | stage_step= 100352 | sr=0.00% | reward=26.80 +/- 0.00 | pickups=2.00 deliveries=1.00 delivered_agents=1.00/2
Step  430080 | stage_step= 102400 | Episodes: 32670
Step  440320 | stage_step= 112640 | Episodes: 32913
[MultiQuadEnv] Steps 40001-60000 | pickups=2209 | deliveries=662 | total_pickups=11513 | total_deliveries=924
Step  450560 | stage_step= 122880 | Episodes: 33073
Eval @ 454656 | stage_step= 126976 | sr=0.00% | reward=32.55 +/- 0.00 | pickups=2.00 deliveries=1.00 delivered_agents=1.00/2
Step  460800 | stage_step= 133120 | Episodes: 33187
Step  471040 | stage_step= 143360 | Episodes: 33324
Eval @ 479232 | stage_step= 151552 | sr=0.00% | reward=26.75 +/- 0.00 | pickups=2.00 deliveries=1.00 delivered_agents=1.00/2
Step  481280 | stage_step= 153600 | Episodes: 33477
[MultiQuadEnv] Steps 60001-80000 | pickups=1095 | deliveries=395 | total_pickups=12608 | total_deliveries=1319
Step  491520 | stage_step= 163840 | Episodes: 33630
Step  501760 | stage_step= 174080 | Episodes: 33800
Eval @ 503808 | stage_step= 176128 | sr=0.00% | reward=770.75 +/- 0.00 | pickups=2.00 deliveries=1.00 delivered_agents=1.00/2
Step  512000 | stage_step= 184320 | Episodes: 33952
Step  520192 | stage_step= 192512 | Episodes: 34092
[MultiQuadEnv] Steps 80001-100000 | pickups=1343 | deliveries=550 | total_pickups=13951 | total_deliveries=1869
Eval @ 528384 | stage_step= 200704 | sr=0.00% | reward=770.80 +/- 0.00 | pickups=2.00 deliveries=1.00 delivered_agents=1.00/2
Step  530432 | stage_step= 202752 | Episodes: 34307
Step  540672 | stage_step= 212992 | Episodes: 34521
Step  550912 | stage_step= 223232 | Episodes: 34738
Eval @ 552960 | stage_step= 225280 | sr=0.00% | reward=24.15 +/- 0.00 | pickups=2.00 deliveries=1.00 delivered_agents=1.00/2
Step  561152 | stage_step= 233472 | Episodes: 34950
[MultiQuadEnv] Steps 100001-120000 | pickups=1684 | deliveries=686 | total_pickups=15635 | total_deliveries=2555
Step  571392 | stage_step= 243712 | Episodes: 35185
Eval @ 579584 | stage_step= 251904 | sr=0.00% | reward=27.00 +/- 0.00 | pickups=2.00 deliveries=1.00 delivered_agents=1.00/2
Step  581632 | stage_step= 253952 | Episodes: 35410
Step  591872 | stage_step= 264192 | Episodes: 35641
Step  600064 | stage_step= 272384 | Episodes: 35835
Eval @ 604160 | stage_step= 276480 | sr=0.00% | reward=28.30 +/- 0.00 | pickups=2.00 deliveries=1.00 delivered_agents=1.00/2
[MultiQuadEnv] Steps 120001-140000 | pickups=1792 | deliveries=779 | total_pickups=17427 | total_deliveries=3334
Step  610304 | stage_step= 282624 | Episodes: 36054
Step  620544 | stage_step= 292864 | Episodes: 36266
Eval @ 628736 | stage_step= 301056 | sr=0.00% | reward=28.30 +/- 0.00 | pickups=2.00 deliveries=1.00 delivered_agents=1.00/2
Step  630784 | stage_step= 303104 | Episodes: 36482
Step  641024 | stage_step= 313344 | Episodes: 36695
[MultiQuadEnv] Steps 140001-160000 | pickups=1682 | deliveries=735 | total_pickups=19109 | total_deliveries=4069
Step  651264 | stage_step= 323584 | Episodes: 36910
Eval @ 653312 | stage_step= 325632 | sr=0.00% | reward=30.95 +/- 0.00 | pickups=2.00 deliveries=1.00 delivered_agents=1.00/2
Step  661504 | stage_step= 333824 | Episodes: 37140
Step  671744 | stage_step= 344064 | Episodes: 37347
Eval @ 677888 | stage_step= 350208 | sr=0.00% | reward=25.65 +/- 0.00 | pickups=2.00 deliveries=1.00 delivered_agents=1.00/2
Step  681984 | stage_step= 354304 | Episodes: 37565
[MultiQuadEnv] Steps 160001-180000 | pickups=1709 | deliveries=739 | total_pickups=20818 | total_deliveries=4808
Step  690176 | stage_step= 362496 | Episodes: 37733
Step  700416 | stage_step= 372736 | Episodes: 37966
Eval @ 704512 | stage_step= 376832 | sr=0.00% | reward=25.65 +/- 0.00 | pickups=2.00 deliveries=1.00 delivered_agents=1.00/2
Step  710656 | stage_step= 382976 | Episodes: 38192
Step  720896 | stage_step= 393216 | Episodes: 38432
[MultiQuadEnv] Steps 180001-200000 | pickups=1859 | deliveries=830 | total_pickups=22677 | total_deliveries=5638
Eval @ 729088 | stage_step= 401408 | sr=0.00% | reward=772.65 +/- 0.00 | pickups=2.00 deliveries=1.00 delivered_agents=1.00/2
Step  731136 | stage_step= 403456 | Episodes: 38680
Step  741376 | stage_step= 413696 | Episodes: 38926
Step  751616 | stage_step= 423936 | Episodes: 39198
Eval @ 753664 | stage_step= 425984 | sr=0.00% | reward=25.65 +/- 0.00 | pickups=2.00 deliveries=1.00 delivered_agents=1.00/2
Step  761856 | stage_step= 434176 | Episodes: 39438
[MultiQuadEnv] Steps 200001-220000 | pickups=1956 | deliveries=847 | total_pickups=24633 | total_deliveries=6485
Step  770048 | stage_step= 442368 | Episodes: 39644
Eval @ 778240 | stage_step= 450560 | sr=0.00% | reward=774.20 +/- 0.00 | pickups=2.00 deliveries=1.00 delivered_agents=1.00/2
Step  780288 | stage_step= 452608 | Episodes: 39907
Step  790528 | stage_step= 462848 | Episodes: 40168
Step  800768 | stage_step= 473088 | Episodes: 40439
Eval @ 802816 | stage_step= 475136 | sr=0.00% | reward=774.45 +/- 0.00 | pickups=2.00 deliveries=1.00 delivered_agents=1.00/2
[MultiQuadEnv] Steps 220001-240000 | pickups=2105 | deliveries=923 | total_pickups=26738 | total_deliveries=7408
Step  811008 | stage_step= 483328 | Episodes: 40719
Step  821248 | stage_step= 493568 | Episodes: 40974
Eval @ 829440 | stage_step= 501760 | sr=0.00% | reward=773.95 +/- 0.00 | pickups=2.00 deliveries=1.00 delivered_agents=1.00/2
Step  831488 | stage_step= 503808 | Episodes: 41310
Step  841728 | stage_step= 514048 | Episodes: 41624
[MultiQuadEnv] Steps 240001-260000 | pickups=2307 | deliveries=1056 | total_pickups=29045 | total_deliveries=8464
Step  851968 | stage_step= 524288 | Episodes: 41947
Eval @ 854016 | stage_step= 526336 | sr=0.00% | reward=774.70 +/- 0.00 | pickups=2.00 deliveries=1.00 delivered_agents=1.00/2
Step  860160 | stage_step= 532480 | Episodes: 42195
Step  870400 | stage_step= 542720 | Episodes: 42522
Eval @ 878592 | stage_step= 550912 | sr=0.00% | reward=775.10 +/- 0.00 | pickups=2.00 deliveries=1.00 delivered_agents=1.00/2
Step  880640 | stage_step= 552960 | Episodes: 42836
[MultiQuadEnv] Steps 260001-280000 | pickups=2485 | deliveries=1147 | total_pickups=31530 | total_deliveries=9611
Step  890880 | stage_step= 563200 | Episodes: 43167
Step  901120 | stage_step= 573440 | Episodes: 43534
Eval @ 903168 | stage_step= 575488 | sr=0.00% | reward=775.45 +/- 0.00 | pickups=2.00 deliveries=1.00 delivered_agents=1.00/2
Step  911360 | stage_step= 583680 | Episodes: 43884
Step  921600 | stage_step= 593920 | Episodes: 44252
[MultiQuadEnv] Steps 280001-300000 | pickups=2802 | deliveries=1303 | total_pickups=34332 | total_deliveries=10914
Eval @ 927744 | stage_step= 600064 | sr=0.00% | reward=775.35 +/- 0.00 | pickups=2.00 deliveries=1.00 delivered_agents=1.00/2
Step  931840 | stage_step= 604160 | Episodes: 44618
Step  940032 | stage_step= 612352 | Episodes: 44911
Step  950272 | stage_step= 622592 | Episodes: 45280
Eval @ 954368 | stage_step= 626688 | sr=0.00% | reward=775.05 +/- 0.00 | pickups=2.00 deliveries=1.00 delivered_agents=1.00/2
Step  960512 | stage_step= 632832 | Episodes: 45647
[MultiQuadEnv] Steps 300001-320000 | pickups=2904 | deliveries=1342 | total_pickups=37236 | total_deliveries=12256
Step  970752 | stage_step= 643072 | Episodes: 46047
Eval @ 978944 | stage_step= 651264 | sr=0.00% | reward=774.70 +/- 0.00 | pickups=2.00 deliveries=1.00 delivered_agents=1.00/2
Step  980992 | stage_step= 653312 | Episodes: 46416
Step  991232 | stage_step= 663552 | Episodes: 46805
Step 1001472 | stage_step= 673792 | Episodes: 47142
Eval @1003520 | stage_step= 675840 | sr=0.00% | reward=774.70 +/- 0.00 | pickups=2.00 deliveries=1.00 delivered_agents=1.00/2
[MultiQuadEnv] Steps 320001-340000 | pickups=2856 | deliveries=1350 | total_pickups=40092 | total_deliveries=13606
Step 1011712 | stage_step= 684032 | Episodes: 47489
Step 1021952 | stage_step= 694272 | Episodes: 47857
Eval @1028096 | stage_step= 700416 | sr=0.00% | reward=774.65 +/- 0.00 | pickups=2.00 deliveries=1.00 delivered_agents=1.00/2
Step 1030144 | stage_step= 702464 | Episodes: 48131
Step 1040384 | stage_step= 712704 | Episodes: 48453
[MultiQuadEnv] Steps 340001-360000 | pickups=2657 | deliveries=1266 | total_pickups=42749 | total_deliveries=14872
Step 1050624 | stage_step= 722944 | Episodes: 48777
Eval @1054720 | stage_step= 727040 | sr=0.00% | reward=775.25 +/- 0.00 | pickups=2.00 deliveries=1.00 delivered_agents=1.00/2
Step 1060864 | stage_step= 733184 | Episodes: 49142
Step 1071104 | stage_step= 743424 | Episodes: 49535
Eval @1079296 | stage_step= 751616 | sr=0.00% | reward=775.25 +/- 0.00 | pickups=2.00 deliveries=1.00 delivered_agents=1.00/2
Step 1081344 | stage_step= 753664 | Episodes: 49919
[MultiQuadEnv] Steps 360001-380000 | pickups=2966 | deliveries=1384 | total_pickups=45715 | total_deliveries=16256
Step 1091584 | stage_step= 763904 | Episodes: 50308
Step 1101824 | stage_step= 774144 | Episodes: 50680
Eval @1103872 | stage_step= 776192 | sr=0.00% | reward=775.55 +/- 0.00 | pickups=2.00 deliveries=1.00 delivered_agents=1.00/2
Step 1110016 | stage_step= 782336 | Episodes: 50962
Step 1120256 | stage_step= 792576 | Episodes: 51334
[MultiQuadEnv] Steps 380001-400000 | pickups=2912 | deliveries=1365 | total_pickups=48627 | total_deliveries=17621
Eval @1128448 | stage_step= 800768 | sr=0.00% | reward=775.55 +/- 0.00 | pickups=2.00 deliveries=1.00 delivered_agents=1.00/2
Step 1130496 | stage_step= 802816 | Episodes: 51729
Step 1140736 | stage_step= 813056 | Episodes: 52109
Step 1150976 | stage_step= 823296 | Episodes: 52483
Eval @1153024 | stage_step= 825344 | sr=0.00% | reward=775.55 +/- 0.00 | pickups=2.00 deliveries=1.00 delivered_agents=1.00/2
Step 1161216 | stage_step= 833536 | Episodes: 52845
[MultiQuadEnv] Steps 400001-420000 | pickups=2940 | deliveries=1259 | total_pickups=51567 | total_deliveries=18880
Step 1171456 | stage_step= 843776 | Episodes: 53219
Eval @1179648 | stage_step= 851968 | sr=0.00% | reward=774.90 +/- 0.00 | pickups=2.00 deliveries=1.00 delivered_agents=1.00/2
Step 1181696 | stage_step= 854016 | Episodes: 53611
Step 1191936 | stage_step= 864256 | Episodes: 53995
Step 1200128 | stage_step= 872448 | Episodes: 54281
Eval @1204224 | stage_step= 876544 | sr=0.00% | reward=774.90 +/- 0.00 | pickups=2.00 deliveries=1.00 delivered_agents=1.00/2
[MultiQuadEnv] Steps 420001-440000 | pickups=2866 | deliveries=957 | total_pickups=54433 | total_deliveries=19837
Step 1210368 | stage_step= 882688 | Episodes: 54617
Step 1220608 | stage_step= 892928 | Episodes: 54958
Eval @1228800 | stage_step= 901120 | sr=0.00% | reward=775.30 +/- 0.00 | pickups=2.00 deliveries=1.00 delivered_agents=1.00/2
Step 1230848 | stage_step= 903168 | Episodes: 55319
Step 1241088 | stage_step= 913408 | Episodes: 55660
[MultiQuadEnv] Steps 440001-460000 | pickups=2678 | deliveries=1133 | total_pickups=57111 | total_deliveries=20970
Step 1251328 | stage_step= 923648 | Episodes: 55994
Eval @1253376 | stage_step= 925696 | sr=0.00% | reward=774.90 +/- 0.00 | pickups=2.00 deliveries=1.00 delivered_agents=1.00/2
Step 1261568 | stage_step= 933888 | Episodes: 56339
Step 1271808 | stage_step= 944128 | Episodes: 56695
Eval @1277952 | stage_step= 950272 | sr=0.00% | reward=774.90 +/- 0.00 | pickups=2.00 deliveries=1.00 delivered_agents=1.00/2
Step 1280000 | stage_step= 952320 | Episodes: 56973
[MultiQuadEnv] Steps 460001-480000 | pickups=2696 | deliveries=1227 | total_pickups=59807 | total_deliveries=22197
Step 1290240 | stage_step= 962560 | Episodes: 57315
Step 1300480 | stage_step= 972800 | Episodes: 57679
Eval @1304576 | stage_step= 976896 | sr=0.00% | reward=775.65 +/- 0.00 | pickups=2.00 deliveries=1.00 delivered_agents=1.00/2
Step 1310720 | stage_step= 983040 | Episodes: 58020
Step 1320960 | stage_step= 993280 | Episodes: 58392
[MultiQuadEnv] Steps 480001-500000 | pickups=2720 | deliveries=1288 | total_pickups=62527 | total_deliveries=23485
Eval @1329152 | stage_step=1001472 | sr=0.00% | reward=775.30 +/- 0.00 | pickups=2.00 deliveries=1.00 delivered_agents=1.00/2
Full budget used for s4_wider_t_branch_fixed. Best stage success=0.00%.
No successful checkpoint found for s4_wider_t_branch_fixed; restored pre-stage model.
Final eval | success_rate=100.00% | mean_reward=2296.60 +/- 0.00 | pickups=2.00 deliveries=2.00 | delivered_agents=2.00/2 

### SLOW FIXED SWEEP 7/20: quad_physics_mappo_fixed_v12_slow_sweep_explore_seed23 ###

Using device: cpu
Initial Quad MAPPO: agents=2 obs=(36,) grid=(6, 5) starts=[(4, 2), (3, 2)] package=(2, 2) deliveries=[(1, 1), (1, 3)] lanes=6 rand_pkg=False rand_del=False dt=0.05 substeps=8 max_tilt=0.32

=== Stage 1/25: s1_short_t_fixed (fixed positions) ===
Stage: agents=2 obs=(36,) grid=(6, 5) starts=[(4, 2), (3, 2)] package=(2, 2) deliveries=[(1, 1), (1, 3)] lanes=6 rand_pkg=False rand_del=False dt=0.05 substeps=8 max_tilt=0.32
Step   10240 | stage_step=  10240 | Episodes:   938
Step   20480 | stage_step=  20480 | Episodes:  1939
Eval @  20480 | stage_step=  20480 | sr=0.00% | reward=625.00 +/- 0.00 | pickups=1.00 deliveries=1.00 delivered_agents=1.00/2
Step   30720 | stage_step=  30720 | Episodes:  2907
[MultiQuadEnv] Steps 1-20000 | pickups=2443 | deliveries=401 | total_pickups=2443 | total_deliveries=401
Step   40960 | stage_step=  40960 | Episodes:  3810
Eval @  40960 | stage_step=  40960 | sr=0.00% | reward=777.00 +/- 0.00 | pickups=2.00 deliveries=1.00 delivered_agents=1.00/2
Step   51200 | stage_step=  51200 | Episodes:  4711
Step   61440 | stage_step=  61440 | Episodes:  5563
Eval @  61440 | stage_step=  61440 | sr=0.00% | reward=777.20 +/- 0.00 | pickups=2.00 deliveries=1.00 delivered_agents=1.00/2
Step   71680 | stage_step=  71680 | Episodes:  6344
[MultiQuadEnv] Steps 20001-40000 | pickups=4158 | deliveries=1553 | total_pickups=6601 | total_deliveries=1954
Step   81920 | stage_step=  81920 | Episodes:  7091
Eval @  81920 | stage_step=  81920 | sr=100.00% | reward=2297.20 +/- 0.00 | pickups=2.00 deliveries=2.00 delivered_agents=2.00/2
Early promotion from s1_short_t_fixed: 100.00% >= 90.00%
Restored best for s1_short_t_fixed: sr=100.00% | reward=2297.20

=== Stage 2/25: s2_wider_t_stem_fixed (fixed positions) ===
Stage: agents=2 obs=(36,) grid=(8, 9) starts=[(6, 4), (5, 4)] package=(3, 4) deliveries=[(2, 4), (1, 4)] lanes=12 rand_pkg=False rand_del=False dt=0.05 substeps=8 max_tilt=0.32
Step   90112 | stage_step=   8192 | Episodes:  7770
Step  100352 | stage_step=  18432 | Episodes:  8565
Eval @ 108544 | stage_step=  26624 | sr=100.00% | reward=2247.40 +/- 0.00 | pickups=2.00 deliveries=2.00 delivered_agents=2.00/2
Step  110592 | stage_step=  28672 | Episodes:  9365
Step  120832 | stage_step=  38912 | Episodes: 10158
[MultiQuadEnv] Steps 1-20000 | pickups=3863 | deliveries=2191 | total_pickups=3863 | total_deliveries=2191
Step  131072 | stage_step=  49152 | Episodes: 10939
Eval @ 133120 | stage_step=  51200 | sr=100.00% | reward=2247.40 +/- 0.00 | pickups=2.00 deliveries=2.00 delivered_agents=2.00/2
Step  141312 | stage_step=  59392 | Episodes: 11735
Step  151552 | stage_step=  69632 | Episodes: 12536
Eval @ 157696 | stage_step=  75776 | sr=100.00% | reward=2247.40 +/- 0.00 | pickups=2.00 deliveries=2.00 delivered_agents=2.00/2
Step  161792 | stage_step=  79872 | Episodes: 13317
[MultiQuadEnv] Steps 20001-40000 | pickups=4574 | deliveries=3376 | total_pickups=8437 | total_deliveries=5567
Step  172032 | stage_step=  90112 | Episodes: 14082
Step  180224 | stage_step=  98304 | Episodes: 14688
Eval @ 182272 | stage_step= 100352 | sr=100.00% | reward=2247.40 +/- 0.00 | pickups=2.00 deliveries=2.00 delivered_agents=2.00/2
Early promotion from s2_wider_t_stem_fixed: 100.00% >= 85.00%
Restored best for s2_wider_t_stem_fixed: sr=100.00% | reward=2247.40

=== Stage 3/25: s3_wider_t_near_branch_fixed (fixed positions) ===
Stage: agents=2 obs=(36,) grid=(8, 9) starts=[(6, 4), (5, 4)] package=(2, 4) deliveries=[(1, 3), (1, 5)] lanes=12 rand_pkg=False rand_del=False dt=0.05 substeps=8 max_tilt=0.32
Step  190464 | stage_step=   8192 | Episodes: 15415
Step  200704 | stage_step=  18432 | Episodes: 16104
Eval @ 208896 | stage_step=  26624 | sr=0.00% | reward=777.00 +/- 0.00 | pickups=2.00 deliveries=1.00 delivered_agents=1.00/2
Step  210944 | stage_step=  28672 | Episodes: 16757
Step  221184 | stage_step=  38912 | Episodes: 17373
[MultiQuadEnv] Steps 1-20000 | pickups=3622 | deliveries=822 | total_pickups=3622 | total_deliveries=822
Step  231424 | stage_step=  49152 | Episodes: 17998
Eval @ 233472 | stage_step=  51200 | sr=100.00% | reward=2296.60 +/- 0.00 | pickups=2.00 deliveries=2.00 delivered_agents=2.00/2
Step  241664 | stage_step=  59392 | Episodes: 18580
Step  251904 | stage_step=  69632 | Episodes: 19167
Eval @ 258048 | stage_step=  75776 | sr=100.00% | reward=2296.60 +/- 0.00 | pickups=2.00 deliveries=2.00 delivered_agents=2.00/2
Step  260096 | stage_step=  77824 | Episodes: 19636
[MultiQuadEnv] Steps 20001-40000 | pickups=3221 | deliveries=1623 | total_pickups=6843 | total_deliveries=2445
Step  270336 | stage_step=  88064 | Episodes: 20203
Step  280576 | stage_step=  98304 | Episodes: 20773
Eval @ 282624 | stage_step= 100352 | sr=100.00% | reward=2296.60 +/- 0.00 | pickups=2.00 deliveries=2.00 delivered_agents=2.00/2
Early promotion from s3_wider_t_near_branch_fixed: 100.00% >= 75.00%
Restored best for s3_wider_t_near_branch_fixed: sr=100.00% | reward=2296.60

=== Stage 4/25: s4_wider_t_branch_fixed (fixed positions) ===
Stage: agents=2 obs=(36,) grid=(8, 9) starts=[(6, 4), (5, 4)] package=(3, 4) deliveries=[(1, 1), (1, 7)] lanes=12 rand_pkg=False rand_del=False dt=0.05 substeps=8 max_tilt=0.32
Step  290816 | stage_step=   8192 | Episodes: 21456
Step  301056 | stage_step=  18432 | Episodes: 22090
Eval @ 309248 | stage_step=  26624 | sr=0.00% | reward=276.25 +/- 0.00 | pickups=2.00 deliveries=0.00 delivered_agents=0.00/2
Step  311296 | stage_step=  28672 | Episodes: 22676
Step  321536 | stage_step=  38912 | Episodes: 23237
[MultiQuadEnv] Steps 1-20000 | pickups=4311 | deliveries=150 | total_pickups=4311 | total_deliveries=150
Step  331776 | stage_step=  49152 | Episodes: 23774
Eval @ 333824 | stage_step=  51200 | sr=0.00% | reward=774.70 +/- 0.00 | pickups=2.00 deliveries=1.00 delivered_agents=1.00/2
Step  342016 | stage_step=  59392 | Episodes: 24287
Step  350208 | stage_step=  67584 | Episodes: 24669
Eval @ 358400 | stage_step=  75776 | sr=0.00% | reward=774.60 +/- 0.00 | pickups=2.00 deliveries=1.00 delivered_agents=1.00/2
Step  360448 | stage_step=  77824 | Episodes: 25124
[MultiQuadEnv] Steps 20001-40000 | pickups=3684 | deliveries=728 | total_pickups=7995 | total_deliveries=878
Step  370688 | stage_step=  88064 | Episodes: 25555
Step  380928 | stage_step=  98304 | Episodes: 25964
Eval @ 382976 | stage_step= 100352 | sr=0.00% | reward=774.50 +/- 0.00 | pickups=2.00 deliveries=1.00 delivered_agents=1.00/2
Step  391168 | stage_step= 108544 | Episodes: 26369
Step  401408 | stage_step= 118784 | Episodes: 26766
[MultiQuadEnv] Steps 40001-60000 | pickups=3138 | deliveries=1145 | total_pickups=11133 | total_deliveries=2023
Eval @ 409600 | stage_step= 126976 | sr=0.00% | reward=774.50 +/- 0.00 | pickups=2.00 deliveries=1.00 delivered_agents=1.00/2
Step  411648 | stage_step= 129024 | Episodes: 27171
Step  421888 | stage_step= 139264 | Episodes: 27574
Step  430080 | stage_step= 147456 | Episodes: 27891
Eval @ 434176 | stage_step= 151552 | sr=0.00% | reward=774.20 +/- 0.00 | pickups=2.00 deliveries=1.00 delivered_agents=1.00/2
Step  440320 | stage_step= 157696 | Episodes: 28296
[MultiQuadEnv] Steps 60001-80000 | pickups=3124 | deliveries=1337 | total_pickups=14257 | total_deliveries=3360
Step  450560 | stage_step= 167936 | Episodes: 28710
Eval @ 458752 | stage_step= 176128 | sr=100.00% | reward=2294.60 +/- 0.00 | pickups=2.00 deliveries=2.00 delivered_agents=2.00/2
Early promotion from s4_wider_t_branch_fixed: 100.00% >= 80.00%
Restored best for s4_wider_t_branch_fixed: sr=100.00% | reward=2294.60
Set actor_log_std=-0.35 for stage exploration

=== Stage 5/25: s5_tiny_pipe_line_fixed (fixed positions) ===
Stage: agents=2 obs=(36,) grid=(12, 12) starts=[(2, 3), (2, 4)] package=(2, 5) deliveries=[(2, 6), (2, 7)] lanes=47 rand_pkg=False rand_del=False dt=0.05 substeps=8 max_tilt=0.32
Step  460800 | stage_step=   2048 | Episodes: 29355
Step  471040 | stage_step=  12288 | Episodes: 30748
Step  481280 | stage_step=  22528 | Episodes: 31413
Eval @ 485376 | stage_step=  26624 | sr=0.00% | reward=71.00 +/- 0.00 | pickups=1.00 deliveries=0.00 delivered_agents=0.00/2
Step  491520 | stage_step=  32768 | Episodes: 31800
[MultiQuadEnv] Steps 1-20000 | pickups=1372 | deliveries=462 | total_pickups=1372 | total_deliveries=462
Step  501760 | stage_step=  43008 | Episodes: 32167
Eval @ 509952 | stage_step=  51200 | sr=100.00% | reward=2244.80 +/- 0.00 | pickups=2.00 deliveries=2.00 delivered_agents=2.00/2
Step  512000 | stage_step=  53248 | Episodes: 32519
Step  520192 | stage_step=  61440 | Episodes: 32835
Step  530432 | stage_step=  71680 | Episodes: 33258
Eval @ 534528 | stage_step=  75776 | sr=100.00% | reward=2246.20 +/- 0.00 | pickups=2.00 deliveries=2.00 delivered_agents=2.00/2
[MultiQuadEnv] Steps 20001-40000 | pickups=2324 | deliveries=1738 | total_pickups=3696 | total_deliveries=2200
Step  540672 | stage_step=  81920 | Episodes: 33684
Step  550912 | stage_step=  92160 | Episodes: 34163
Eval @ 559104 | stage_step= 100352 | sr=100.00% | reward=2246.40 +/- 0.00 | pickups=2.00 deliveries=2.00 delivered_agents=2.00/2
Early promotion from s5_tiny_pipe_line_fixed: 100.00% >= 80.00%
Restored best for s5_tiny_pipe_line_fixed: sr=100.00% | reward=2246.40
Set actor_log_std=-0.35 for stage exploration

=== Stage 6/25: s6_small_pipe_line_fixed (fixed positions) ===
Stage: agents=2 obs=(36,) grid=(18, 18) starts=[(2, 3), (2, 4)] package=(2, 6) deliveries=[(2, 8), (2, 9)] lanes=104 rand_pkg=False rand_del=False dt=0.05 substeps=8 max_tilt=0.32
Step  561152 | stage_step=   2048 | Episodes: 34627
Step  571392 | stage_step=  12288 | Episodes: 35019
Step  581632 | stage_step=  22528 | Episodes: 35404
Eval @ 585728 | stage_step=  26624 | sr=100.00% | reward=2246.20 +/- 0.00 | pickups=2.00 deliveries=2.00 delivered_agents=2.00/2
Step  591872 | stage_step=  32768 | Episodes: 35793
[MultiQuadEnv] Steps 1-20000 | pickups=2317 | deliveries=1681 | total_pickups=2317 | total_deliveries=1681
Step  600064 | stage_step=  40960 | Episodes: 36070
Step  610304 | stage_step=  51200 | Episodes: 36456
Eval @ 610304 | stage_step=  51200 | sr=100.00% | reward=2246.60 +/- 0.00 | pickups=2.00 deliveries=2.00 delivered_agents=2.00/2
Step  620544 | stage_step=  61440 | Episodes: 36882
Step  630784 | stage_step=  71680 | Episodes: 37298
Eval @ 634880 | stage_step=  75776 | sr=100.00% | reward=2246.60 +/- 0.00 | pickups=2.00 deliveries=2.00 delivered_agents=2.00/2
[MultiQuadEnv] Steps 20001-40000 | pickups=2658 | deliveries=2168 | total_pickups=4975 | total_deliveries=3849
Step  641024 | stage_step=  81920 | Episodes: 37719
Step  651264 | stage_step=  92160 | Episodes: 38137
Eval @ 659456 | stage_step= 100352 | sr=100.00% | reward=2246.60 +/- 0.00 | pickups=2.00 deliveries=2.00 delivered_agents=2.00/2
Early promotion from s6_small_pipe_line_fixed: 100.00% >= 80.00%
Restored best for s6_small_pipe_line_fixed: sr=100.00% | reward=2246.60
Set actor_log_std=-0.35 for stage exploration

=== Stage 7/25: s7_small_pipe_vertical_fixed (fixed positions) ===
Stage: agents=2 obs=(36,) grid=(18, 18) starts=[(2, 8), (3, 8)] package=(4, 8) deliveries=[(5, 8), (6, 8)] lanes=104 rand_pkg=False rand_del=False dt=0.05 substeps=8 max_tilt=0.32
Step  661504 | stage_step=   2048 | Episodes: 38577
Step  671744 | stage_step=  12288 | Episodes: 39063
Step  681984 | stage_step=  22528 | Episodes: 39413
Eval @ 686080 | stage_step=  26624 | sr=0.00% | reward=-29.20 +/- 0.00 | pickups=0.00 deliveries=0.00 delivered_agents=0.00/2
Step  690176 | stage_step=  30720 | Episodes: 39657
[MultiQuadEnv] Steps 1-20000 | pickups=61 | deliveries=4 | total_pickups=61 | total_deliveries=4
Step  700416 | stage_step=  40960 | Episodes: 39968
Step  710656 | stage_step=  51200 | Episodes: 40284
Eval @ 710656 | stage_step=  51200 | sr=0.00% | reward=124.40 +/- 0.00 | pickups=1.00 deliveries=0.00 delivered_agents=0.00/2
Step  720896 | stage_step=  61440 | Episodes: 40549
Step  731136 | stage_step=  71680 | Episodes: 40828
Eval @ 735232 | stage_step=  75776 | sr=0.00% | reward=524.80 +/- 0.00 | pickups=1.00 deliveries=1.00 delivered_agents=1.00/2
[MultiQuadEnv] Steps 20001-40000 | pickups=516 | deliveries=88 | total_pickups=577 | total_deliveries=92
Step  741376 | stage_step=  81920 | Episodes: 41098
Step  751616 | stage_step=  92160 | Episodes: 41398
Eval @ 759808 | stage_step= 100352 | sr=0.00% | reward=525.60 +/- 0.00 | pickups=1.00 deliveries=1.00 delivered_agents=1.00/2
Step  761856 | stage_step= 102400 | Episodes: 41657
Step  770048 | stage_step= 110592 | Episodes: 41864
[MultiQuadEnv] Steps 40001-60000 | pickups=724 | deliveries=184 | total_pickups=1301 | total_deliveries=276
Step  780288 | stage_step= 120832 | Episodes: 42118
Eval @ 786432 | stage_step= 126976 | sr=0.00% | reward=525.80 +/- 0.00 | pickups=1.00 deliveries=1.00 delivered_agents=1.00/2
Step  790528 | stage_step= 131072 | Episodes: 42364
Step  800768 | stage_step= 141312 | Episodes: 42574
Step  811008 | stage_step= 151552 | Episodes: 42785
Eval @ 811008 | stage_step= 151552 | sr=0.00% | reward=525.00 +/- 0.00 | pickups=1.00 deliveries=1.00 delivered_agents=1.00/2
[MultiQuadEnv] Steps 60001-80000 | pickups=696 | deliveries=264 | total_pickups=1997 | total_deliveries=540
Step  821248 | stage_step= 161792 | Episodes: 43044
Step  831488 | stage_step= 172032 | Episodes: 43288
Eval @ 835584 | stage_step= 176128 | sr=0.00% | reward=126.40 +/- 0.00 | pickups=1.00 deliveries=0.00 delivered_agents=0.00/2
Step  841728 | stage_step= 182272 | Episodes: 43561
Step  851968 | stage_step= 192512 | Episodes: 43787
[MultiQuadEnv] Steps 80001-100000 | pickups=818 | deliveries=337 | total_pickups=2815 | total_deliveries=877
Step  860160 | stage_step= 200704 | Episodes: 43971
Eval @ 860160 | stage_step= 200704 | sr=0.00% | reward=526.20 +/- 0.00 | pickups=1.00 deliveries=1.00 delivered_agents=1.00/2
Step  870400 | stage_step= 210944 | Episodes: 44242
Step  880640 | stage_step= 221184 | Episodes: 44551
Eval @ 884736 | stage_step= 225280 | sr=0.00% | reward=526.40 +/- 0.00 | pickups=1.00 deliveries=1.00 delivered_agents=1.00/2
Step  890880 | stage_step= 231424 | Episodes: 44826
[MultiQuadEnv] Steps 100001-120000 | pickups=951 | deliveries=399 | total_pickups=3766 | total_deliveries=1276
Step  901120 | stage_step= 241664 | Episodes: 45114
Step  911360 | stage_step= 251904 | Episodes: 45375
Eval @ 911360 | stage_step= 251904 | sr=0.00% | reward=526.40 +/- 0.00 | pickups=1.00 deliveries=1.00 delivered_agents=1.00/2
Step  921600 | stage_step= 262144 | Episodes: 45636
Step  931840 | stage_step= 272384 | Episodes: 45943
Eval @ 935936 | stage_step= 276480 | sr=0.00% | reward=526.40 +/- 0.00 | pickups=1.00 deliveries=1.00 delivered_agents=1.00/2
[MultiQuadEnv] Steps 120001-140000 | pickups=1033 | deliveries=476 | total_pickups=4799 | total_deliveries=1752
Step  940032 | stage_step= 280576 | Episodes: 46179
Step  950272 | stage_step= 290816 | Episodes: 46503
Step  960512 | stage_step= 301056 | Episodes: 46856
Eval @ 960512 | stage_step= 301056 | sr=0.00% | reward=526.60 +/- 0.00 | pickups=1.00 deliveries=1.00 delivered_agents=1.00/2
Step  970752 | stage_step= 311296 | Episodes: 47185
[MultiQuadEnv] Steps 140001-160000 | pickups=1291 | deliveries=653 | total_pickups=6090 | total_deliveries=2405
Step  980992 | stage_step= 321536 | Episodes: 47529
Eval @ 985088 | stage_step= 325632 | sr=100.00% | reward=2245.40 +/- 0.00 | pickups=2.00 deliveries=2.00 delivered_agents=2.00/2
Early promotion from s7_small_pipe_vertical_fixed: 100.00% >= 80.00%
Restored best for s7_small_pipe_vertical_fixed: sr=100.00% | reward=2245.40
Set actor_log_std=-0.35 for stage exploration

=== Stage 8/25: s8_small_pipe_turn_fixed (fixed positions) ===
Stage: agents=2 obs=(36,) grid=(18, 18) starts=[(2, 6), (2, 7)] package=(2, 8) deliveries=[(4, 8), (5, 8)] lanes=104 rand_pkg=False rand_del=False dt=0.05 substeps=8 max_tilt=0.32
Step  991232 | stage_step=   6144 | Episodes: 47895
Step 1001472 | stage_step=  16384 | Episodes: 48198
Step 1011712 | stage_step=  26624 | Episodes: 48451
Eval @1011712 | stage_step=  26624 | sr=0.00% | reward=506.40 +/- 0.00 | pickups=1.00 deliveries=1.00 delivered_agents=1.00/2
Step 1021952 | stage_step=  36864 | Episodes: 48640
[MultiQuadEnv] Steps 1-20000 | pickups=902 | deliveries=231 | total_pickups=902 | total_deliveries=231
Step 1030144 | stage_step=  45056 | Episodes: 48811
Eval @1036288 | stage_step=  51200 | sr=0.00% | reward=506.00 +/- 0.00 | pickups=1.00 deliveries=1.00 delivered_agents=1.00/2
Step 1040384 | stage_step=  55296 | Episodes: 49015
Step 1050624 | stage_step=  65536 | Episodes: 49199
Step 1060864 | stage_step=  75776 | Episodes: 49392
Eval @1060864 | stage_step=  75776 | sr=0.00% | reward=506.00 +/- 0.00 | pickups=1.00 deliveries=1.00 delivered_agents=1.00/2
[MultiQuadEnv] Steps 20001-40000 | pickups=948 | deliveries=482 | total_pickups=1850 | total_deliveries=713
Step 1071104 | stage_step=  86016 | Episodes: 49615
Step 1081344 | stage_step=  96256 | Episodes: 49824
Eval @1085440 | stage_step= 100352 | sr=100.00% | reward=2244.00 +/- 0.00 | pickups=2.00 deliveries=2.00 delivered_agents=2.00/2
Early promotion from s8_small_pipe_turn_fixed: 100.00% >= 75.00%
Restored best for s8_small_pipe_turn_fixed: sr=100.00% | reward=2244.00
Set actor_log_std=-0.35 for stage exploration

=== Stage 9/25: s9_small_pipe_fixed (fixed positions) ===
Stage: agents=2 obs=(36,) grid=(18, 18) starts=[(2, 3), (2, 4)] package=(4, 8) deliveries=[(8, 13), (9, 12)] lanes=104 rand_pkg=False rand_del=False dt=0.05 substeps=8 max_tilt=0.32
Step 1091584 | stage_step=   6144 | Episodes: 50021
Step 1101824 | stage_step=  16384 | Episodes: 50194
Step 1110016 | stage_step=  24576 | Episodes: 50363
Eval @1112064 | stage_step=  26624 | sr=0.00% | reward=-1641.35 +/- 0.00 | pickups=0.00 deliveries=0.00 delivered_agents=0.00/2
Step 1120256 | stage_step=  34816 | Episodes: 50627
[MultiQuadEnv] Steps 1-20000 | pickups=147 | deliveries=1 | total_pickups=147 | total_deliveries=1
Step 1130496 | stage_step=  45056 | Episodes: 50847
Eval @1136640 | stage_step=  51200 | sr=0.00% | reward=-33.15 +/- 0.00 | pickups=0.00 deliveries=0.00 delivered_agents=0.00/2
Step 1140736 | stage_step=  55296 | Episodes: 51099
Step 1150976 | stage_step=  65536 | Episodes: 51336
Step 1161216 | stage_step=  75776 | Episodes: 51572
Eval @1161216 | stage_step=  75776 | sr=0.00% | reward=-31.40 +/- 0.00 | pickups=0.00 deliveries=0.00 delivered_agents=0.00/2
[MultiQuadEnv] Steps 20001-40000 | pickups=390 | deliveries=2 | total_pickups=537 | total_deliveries=3
Step 1171456 | stage_step=  86016 | Episodes: 51779
Step 1181696 | stage_step=  96256 | Episodes: 51998
Eval @1185792 | stage_step= 100352 | sr=0.00% | reward=268.00 +/- 0.00 | pickups=2.00 deliveries=0.00 delivered_agents=0.00/2
Step 1191936 | stage_step= 106496 | Episodes: 52214
Step 1200128 | stage_step= 114688 | Episodes: 52358
[MultiQuadEnv] Steps 40001-60000 | pickups=576 | deliveries=7 | total_pickups=1113 | total_deliveries=10
Step 1210368 | stage_step= 124928 | Episodes: 52567
Eval @1212416 | stage_step= 126976 | sr=0.00% | reward=-1823.00 +/- 0.00 | pickups=1.00 deliveries=0.00 delivered_agents=0.00/2
Step 1220608 | stage_step= 135168 | Episodes: 52735
Step 1230848 | stage_step= 145408 | Episodes: 52918
Eval @1236992 | stage_step= 151552 | sr=0.00% | reward=265.95 +/- 0.00 | pickups=2.00 deliveries=0.00 delivered_agents=0.00/2
Step 1241088 | stage_step= 155648 | Episodes: 53095
[MultiQuadEnv] Steps 60001-80000 | pickups=579 | deliveries=44 | total_pickups=1692 | total_deliveries=54
Step 1251328 | stage_step= 165888 | Episodes: 53273
Step 1261568 | stage_step= 176128 | Episodes: 53451
Eval @1261568 | stage_step= 176128 | sr=0.00% | reward=118.00 +/- 0.00 | pickups=1.00 deliveries=0.00 delivered_agents=0.00/2
Step 1271808 | stage_step= 186368 | Episodes: 53630
Step 1280000 | stage_step= 194560 | Episodes: 53759
[MultiQuadEnv] Steps 80001-100000 | pickups=665 | deliveries=87 | total_pickups=2357 | total_deliveries=141
Eval @1286144 | stage_step= 200704 | sr=0.00% | reward=660.80 +/- 0.00 | pickups=2.00 deliveries=1.00 delivered_agents=1.00/2
Step 1290240 | stage_step= 204800 | Episodes: 53939
Step 1300480 | stage_step= 215040 | Episodes: 54112
Step 1310720 | stage_step= 225280 | Episodes: 54274
Eval @1310720 | stage_step= 225280 | sr=0.00% | reward=-295.90 +/- 0.00 | pickups=2.00 deliveries=1.00 delivered_agents=1.00/2
Step 1320960 | stage_step= 235520 | Episodes: 54430
[MultiQuadEnv] Steps 100001-120000 | pickups=649 | deliveries=99 | total_pickups=3006 | total_deliveries=240
Step 1331200 | stage_step= 245760 | Episodes: 54598
Eval @1337344 | stage_step= 251904 | sr=0.00% | reward=259.45 +/- 0.00 | pickups=2.00 deliveries=0.00 delivered_agents=0.00/2
Step 1341440 | stage_step= 256000 | Episodes: 54779
Step 1351680 | stage_step= 266240 | Episodes: 54951
Step 1361920 | stage_step= 276480 | Episodes: 55121
Eval @1361920 | stage_step= 276480 | sr=100.00% | reward=2217.50 +/- 0.00 | pickups=2.00 deliveries=2.00 delivered_agents=2.00/2
Early promotion from s9_small_pipe_fixed: 100.00% >= 75.00%
Restored best for s9_small_pipe_fixed: sr=100.00% | reward=2217.50

=== Stage 10/25: s10_pipe_4x4_fixed (fixed positions) ===
Stage: agents=2 obs=(36,) grid=(24, 24) starts=[(2, 3), (2, 4)] package=(14, 3) deliveries=[(18, 15), (19, 14)] lanes=205 rand_pkg=False rand_del=False dt=0.05 substeps=8 max_tilt=0.32
Step 1370112 | stage_step=   8192 | Episodes: 55810
Step 1380352 | stage_step=  18432 | Episodes: 56753
Step 1390592 | stage_step=  28672 | Episodes: 57853
Step 1400832 | stage_step=  38912 | Episodes: 59002
[MultiQuadEnv] Steps 1-20000 | pickups=0 | deliveries=0 | total_pickups=0 | total_deliveries=0
Eval @1402880 | stage_step=  40960 | sr=0.00% | reward=-22.00 +/- 0.00 | pickups=0.00 deliveries=0.00 delivered_agents=0.00/2
Step 1411072 | stage_step=  49152 | Episodes: 60177
Step 1421312 | stage_step=  59392 | Episodes: 61359
Step 1431552 | stage_step=  69632 | Episodes: 62561
Step 1441792 | stage_step=  79872 | Episodes: 63767
[MultiQuadEnv] Steps 20001-40000 | pickups=0 | deliveries=0 | total_pickups=0 | total_deliveries=0
Eval @1443840 | stage_step=  81920 | sr=0.00% | reward=-21.95 +/- 0.00 | pickups=0.00 deliveries=0.00 delivered_agents=0.00/2
Step 1452032 | stage_step=  90112 | Episodes: 64977
Step 1460224 | stage_step=  98304 | Episodes: 65959
Step 1470464 | stage_step= 108544 | Episodes: 67194
Step 1480704 | stage_step= 118784 | Episodes: 68429
[MultiQuadEnv] Steps 40001-60000 | pickups=0 | deliveries=0 | total_pickups=0 | total_deliveries=0
Eval @1482752 | stage_step= 120832 | sr=0.00% | reward=-21.95 +/- 0.00 | pickups=0.00 deliveries=0.00 delivered_agents=0.00/2
Step 1490944 | stage_step= 129024 | Episodes: 69667
Step 1501184 | stage_step= 139264 | Episodes: 70910
Step 1511424 | stage_step= 149504 | Episodes: 72154
Step 1521664 | stage_step= 159744 | Episodes: 73398
[MultiQuadEnv] Steps 60001-80000 | pickups=0 | deliveries=0 | total_pickups=0 | total_deliveries=0
Eval @1523712 | stage_step= 161792 | sr=0.00% | reward=-21.95 +/- 0.00 | pickups=0.00 deliveries=0.00 delivered_agents=0.00/2
Step 1531904 | stage_step= 169984 | Episodes: 74650
Step 1540096 | stage_step= 178176 | Episodes: 75650
Step 1550336 | stage_step= 188416 | Episodes: 76910
Step 1560576 | stage_step= 198656 | Episodes: 78171
[MultiQuadEnv] Steps 80001-100000 | pickups=0 | deliveries=0 | total_pickups=0 | total_deliveries=0
Eval @1562624 | stage_step= 200704 | sr=0.00% | reward=-21.95 +/- 0.00 | pickups=0.00 deliveries=0.00 delivered_agents=0.00/2
Step 1570816 | stage_step= 208896 | Episodes: 79427
Step 1581056 | stage_step= 219136 | Episodes: 80691
Step 1591296 | stage_step= 229376 | Episodes: 81956
Step 1601536 | stage_step= 239616 | Episodes: 83220
[MultiQuadEnv] Steps 100001-120000 | pickups=0 | deliveries=0 | total_pickups=0 | total_deliveries=0
Eval @1603584 | stage_step= 241664 | sr=0.00% | reward=-21.95 +/- 0.00 | pickups=0.00 deliveries=0.00 delivered_agents=0.00/2
Step 1611776 | stage_step= 249856 | Episodes: 84484
Step 1622016 | stage_step= 260096 | Episodes: 85750
Step 1630208 | stage_step= 268288 | Episodes: 86765
Step 1640448 | stage_step= 278528 | Episodes: 88035
[MultiQuadEnv] Steps 120001-140000 | pickups=0 | deliveries=0 | total_pickups=0 | total_deliveries=0
Eval @1642496 | stage_step= 280576 | sr=0.00% | reward=-21.95 +/- 0.00 | pickups=0.00 deliveries=0.00 delivered_agents=0.00/2
Step 1650688 | stage_step= 288768 | Episodes: 89305
Step 1660928 | stage_step= 299008 | Episodes: 90576
Step 1671168 | stage_step= 309248 | Episodes: 91848
Step 1681408 | stage_step= 319488 | Episodes: 93122
[MultiQuadEnv] Steps 140001-160000 | pickups=0 | deliveries=0 | total_pickups=0 | total_deliveries=0
Eval @1683456 | stage_step= 321536 | sr=0.00% | reward=-21.95 +/- 0.00 | pickups=0.00 deliveries=0.00 delivered_agents=0.00/2
Step 1691648 | stage_step= 329728 | Episodes: 94394
Step 1701888 | stage_step= 339968 | Episodes: 95669
Step 1710080 | stage_step= 348160 | Episodes: 96688
Step 1720320 | stage_step= 358400 | Episodes: 97963
[MultiQuadEnv] Steps 160001-180000 | pickups=0 | deliveries=0 | total_pickups=0 | total_deliveries=0
Eval @1722368 | stage_step= 360448 | sr=0.00% | reward=-21.95 +/- 0.00 | pickups=0.00 deliveries=0.00 delivered_agents=0.00/2
Step 1730560 | stage_step= 368640 | Episodes: 99237
Step 1740800 | stage_step= 378880 | Episodes: 100512
Step 1751040 | stage_step= 389120 | Episodes: 101787
Step 1761280 | stage_step= 399360 | Episodes: 103062
[MultiQuadEnv] Steps 180001-200000 | pickups=0 | deliveries=0 | total_pickups=0 | total_deliveries=0
Eval @1763328 | stage_step= 401408 | sr=0.00% | reward=-21.95 +/- 0.00 | pickups=0.00 deliveries=0.00 delivered_agents=0.00/2
Step 1771520 | stage_step= 409600 | Episodes: 104337
Step 1781760 | stage_step= 419840 | Episodes: 105612
Step 1792000 | stage_step= 430080 | Episodes: 106888
Step 1800192 | stage_step= 438272 | Episodes: 107908
[MultiQuadEnv] Steps 200001-220000 | pickups=0 | deliveries=0 | total_pickups=0 | total_deliveries=0
Eval @1802240 | stage_step= 440320 | sr=0.00% | reward=-21.95 +/- 0.00 | pickups=0.00 deliveries=0.00 delivered_agents=0.00/2
Step 1810432 | stage_step= 448512 | Episodes: 109182
Step 1820672 | stage_step= 458752 | Episodes: 110458
Step 1830912 | stage_step= 468992 | Episodes: 111735
Step 1841152 | stage_step= 479232 | Episodes: 113013
[MultiQuadEnv] Steps 220001-240000 | pickups=0 | deliveries=0 | total_pickups=0 | total_deliveries=0
Eval @1843200 | stage_step= 481280 | sr=0.00% | reward=-21.95 +/- 0.00 | pickups=0.00 deliveries=0.00 delivered_agents=0.00/2
Step 1851392 | stage_step= 489472 | Episodes: 114291
Step 1861632 | stage_step= 499712 | Episodes: 115567
Step 1871872 | stage_step= 509952 | Episodes: 116844
Step 1880064 | stage_step= 518144 | Episodes: 117865
[MultiQuadEnv] Steps 240001-260000 | pickups=0 | deliveries=0 | total_pickups=0 | total_deliveries=0
Eval @1882112 | stage_step= 520192 | sr=0.00% | reward=-21.95 +/- 0.00 | pickups=0.00 deliveries=0.00 delivered_agents=0.00/2
Step 1890304 | stage_step= 528384 | Episodes: 119142
Step 1900544 | stage_step= 538624 | Episodes: 120419
Step 1910784 | stage_step= 548864 | Episodes: 121696
Step 1921024 | stage_step= 559104 | Episodes: 122976
[MultiQuadEnv] Steps 260001-280000 | pickups=0 | deliveries=0 | total_pickups=0 | total_deliveries=0
Eval @1923072 | stage_step= 561152 | sr=0.00% | reward=-21.95 +/- 0.00 | pickups=0.00 deliveries=0.00 delivered_agents=0.00/2
Step 1931264 | stage_step= 569344 | Episodes: 124253
Step 1941504 | stage_step= 579584 | Episodes: 125529
Step 1951744 | stage_step= 589824 | Episodes: 126806
[MultiQuadEnv] Steps 280001-300000 | pickups=0 | deliveries=0 | total_pickups=0 | total_deliveries=0
Step 1961984 | stage_step= 600064 | Episodes: 128084
Eval @1961984 | stage_step= 600064 | sr=0.00% | reward=-21.95 +/- 0.00 | pickups=0.00 deliveries=0.00 delivered_agents=0.00/2
Step 1970176 | stage_step= 608256 | Episodes: 129106
Step 1980416 | stage_step= 618496 | Episodes: 130382
Step 1990656 | stage_step= 628736 | Episodes: 131659
Step 2000896 | stage_step= 638976 | Episodes: 132938
[MultiQuadEnv] Steps 300001-320000 | pickups=0 | deliveries=0 | total_pickups=0 | total_deliveries=0
Eval @2002944 | stage_step= 641024 | sr=0.00% | reward=-21.95 +/- 0.00 | pickups=0.00 deliveries=0.00 delivered_agents=0.00/2
Step 2011136 | stage_step= 649216 | Episodes: 134217
Step 2021376 | stage_step= 659456 | Episodes: 135496
Step 2031616 | stage_step= 669696 | Episodes: 136773
Step 2041856 | stage_step= 679936 | Episodes: 138052
[MultiQuadEnv] Steps 320001-340000 | pickups=0 | deliveries=0 | total_pickups=0 | total_deliveries=0
Eval @2043904 | stage_step= 681984 | sr=0.00% | reward=-21.95 +/- 0.00 | pickups=0.00 deliveries=0.00 delivered_agents=0.00/2
Step 2050048 | stage_step= 688128 | Episodes: 139074
Step 2060288 | stage_step= 698368 | Episodes: 140353
Step 2070528 | stage_step= 708608 | Episodes: 141632
Step 2080768 | stage_step= 718848 | Episodes: 142910
[MultiQuadEnv] Steps 340001-360000 | pickups=0 | deliveries=0 | total_pickups=0 | total_deliveries=0
Eval @2082816 | stage_step= 720896 | sr=0.00% | reward=-21.95 +/- 0.00 | pickups=0.00 deliveries=0.00 delivered_agents=0.00/2
Step 2091008 | stage_step= 729088 | Episodes: 144189
Step 2101248 | stage_step= 739328 | Episodes: 145467
Step 2111488 | stage_step= 749568 | Episodes: 146747
Step 2121728 | stage_step= 759808 | Episodes: 148026
[MultiQuadEnv] Steps 360001-380000 | pickups=0 | deliveries=0 | total_pickups=0 | total_deliveries=0
Eval @2123776 | stage_step= 761856 | sr=0.00% | reward=-21.95 +/- 0.00 | pickups=0.00 deliveries=0.00 delivered_agents=0.00/2
Step 2131968 | stage_step= 770048 | Episodes: 149305
Step 2140160 | stage_step= 778240 | Episodes: 150328
Step 2150400 | stage_step= 788480 | Episodes: 151605
Step 2160640 | stage_step= 798720 | Episodes: 152885
[MultiQuadEnv] Steps 380001-400000 | pickups=0 | deliveries=0 | total_pickups=0 | total_deliveries=0
Eval @2162688 | stage_step= 800768 | sr=0.00% | reward=-21.95 +/- 0.00 | pickups=0.00 deliveries=0.00 delivered_agents=0.00/2
Step 2170880 | stage_step= 808960 | Episodes: 154165
Step 2181120 | stage_step= 819200 | Episodes: 155445
Step 2191360 | stage_step= 829440 | Episodes: 156724
Step 2201600 | stage_step= 839680 | Episodes: 158003
[MultiQuadEnv] Steps 400001-420000 | pickups=0 | deliveries=0 | total_pickups=0 | total_deliveries=0
Eval @2203648 | stage_step= 841728 | sr=0.00% | reward=-21.95 +/- 0.00 | pickups=0.00 deliveries=0.00 delivered_agents=0.00/2
Step 2211840 | stage_step= 849920 | Episodes: 159283
Eval @2213888 | stage_step= 851968 | sr=0.00% | reward=-21.95 +/- 0.00 | pickups=0.00 deliveries=0.00 delivered_agents=0.00/2
Full budget used for s10_pipe_4x4_fixed. Best stage success=0.00%.
No successful checkpoint found for s10_pipe_4x4_fixed; restored pre-stage model.
Final eval | success_rate=100.00% | mean_reward=2217.50 +/- 0.00 | pickups=2.00 deliveries=2.00 | delivered_agents=2.00/2 

### SLOW FIXED SWEEP 8/20: quad_physics_mappo_fixed_v12_slow_sweep_explore_seed41 ###

Using device: cpu
Initial Quad MAPPO: agents=2 obs=(36,) grid=(6, 5) starts=[(4, 2), (3, 2)] package=(2, 2) deliveries=[(1, 1), (1, 3)] lanes=6 rand_pkg=False rand_del=False dt=0.05 substeps=8 max_tilt=0.32

=== Stage 1/25: s1_short_t_fixed (fixed positions) ===
Stage: agents=2 obs=(36,) grid=(6, 5) starts=[(4, 2), (3, 2)] package=(2, 2) deliveries=[(1, 1), (1, 3)] lanes=6 rand_pkg=False rand_del=False dt=0.05 substeps=8 max_tilt=0.32
Step   10240 | stage_step=  10240 | Episodes:  1037
Step   20480 | stage_step=  20480 | Episodes:  2061
Eval @  20480 | stage_step=  20480 | sr=0.00% | reward=726.40 +/- 0.00 | pickups=2.00 deliveries=1.00 delivered_agents=1.00/2
Step   30720 | stage_step=  30720 | Episodes:  3114
[MultiQuadEnv] Steps 1-20000 | pickups=2781 | deliveries=361 | total_pickups=2781 | total_deliveries=361
Step   40960 | stage_step=  40960 | Episodes:  4170
Eval @  40960 | stage_step=  40960 | sr=0.00% | reward=777.40 +/- 0.00 | pickups=2.00 deliveries=1.00 delivered_agents=1.00/2
Step   51200 | stage_step=  51200 | Episodes:  5238
Step   61440 | stage_step=  61440 | Episodes:  6306
Eval @  61440 | stage_step=  61440 | sr=0.00% | reward=278.00 +/- 0.00 | pickups=2.00 deliveries=0.00 delivered_agents=0.00/2
Step   71680 | stage_step=  71680 | Episodes:  7372
[MultiQuadEnv] Steps 20001-40000 | pickups=4616 | deliveries=1073 | total_pickups=7397 | total_deliveries=1434
Step   81920 | stage_step=  81920 | Episodes:  8443
Eval @  81920 | stage_step=  81920 | sr=0.00% | reward=778.00 +/- 0.00 | pickups=2.00 deliveries=1.00 delivered_agents=1.00/2
Step   90112 | stage_step=  90112 | Episodes:  9307
Step  100352 | stage_step= 100352 | Episodes: 10390
Eval @ 100352 | stage_step= 100352 | sr=0.00% | reward=778.00 +/- 0.00 | pickups=2.00 deliveries=1.00 delivered_agents=1.00/2
Step  110592 | stage_step= 110592 | Episodes: 11475
[MultiQuadEnv] Steps 40001-60000 | pickups=5267 | deliveries=1367 | total_pickups=12664 | total_deliveries=2801
Step  120832 | stage_step= 120832 | Episodes: 12521
Eval @ 120832 | stage_step= 120832 | sr=0.00% | reward=778.00 +/- 0.00 | pickups=2.00 deliveries=1.00 delivered_agents=1.00/2
Step  131072 | stage_step= 131072 | Episodes: 13544
Step  141312 | stage_step= 141312 | Episodes: 14582
Eval @ 141312 | stage_step= 141312 | sr=0.00% | reward=778.00 +/- 0.00 | pickups=2.00 deliveries=1.00 delivered_agents=1.00/2
Step  151552 | stage_step= 151552 | Episodes: 15571
[MultiQuadEnv] Steps 60001-80000 | pickups=5399 | deliveries=1781 | total_pickups=18063 | total_deliveries=4582
Step  161792 | stage_step= 161792 | Episodes: 16542
Eval @ 161792 | stage_step= 161792 | sr=0.00% | reward=778.00 +/- 0.00 | pickups=2.00 deliveries=1.00 delivered_agents=1.00/2
Step  172032 | stage_step= 172032 | Episodes: 17521
Step  180224 | stage_step= 180224 | Episodes: 18307
Eval @ 180224 | stage_step= 180224 | sr=100.00% | reward=2298.00 +/- 0.00 | pickups=2.00 deliveries=2.00 delivered_agents=2.00/2
Early promotion from s1_short_t_fixed: 100.00% >= 90.00%
Restored best for s1_short_t_fixed: sr=100.00% | reward=2298.00

=== Stage 2/25: s2_wider_t_stem_fixed (fixed positions) ===
Stage: agents=2 obs=(36,) grid=(8, 9) starts=[(6, 4), (5, 4)] package=(3, 4) deliveries=[(2, 4), (1, 4)] lanes=12 rand_pkg=False rand_del=False dt=0.05 substeps=8 max_tilt=0.32
Step  190464 | stage_step=  10240 | Episodes: 19260
Step  200704 | stage_step=  20480 | Episodes: 20097
Eval @ 206848 | stage_step=  26624 | sr=100.00% | reward=2247.60 +/- 0.00 | pickups=2.00 deliveries=2.00 delivered_agents=2.00/2
Step  210944 | stage_step=  30720 | Episodes: 20920
[MultiQuadEnv] Steps 1-20000 | pickups=4315 | deliveries=2430 | total_pickups=4315 | total_deliveries=2430
Step  221184 | stage_step=  40960 | Episodes: 21736
Step  231424 | stage_step=  51200 | Episodes: 22528
Eval @ 231424 | stage_step=  51200 | sr=100.00% | reward=2247.60 +/- 0.00 | pickups=2.00 deliveries=2.00 delivered_agents=2.00/2
Step  241664 | stage_step=  61440 | Episodes: 23323
Step  251904 | stage_step=  71680 | Episodes: 24096
Eval @ 256000 | stage_step=  75776 | sr=100.00% | reward=2247.60 +/- 0.00 | pickups=2.00 deliveries=2.00 delivered_agents=2.00/2
Step  260096 | stage_step=  79872 | Episodes: 24716
[MultiQuadEnv] Steps 20001-40000 | pickups=4947 | deliveries=3753 | total_pickups=9262 | total_deliveries=6183
Step  270336 | stage_step=  90112 | Episodes: 25492
Step  280576 | stage_step= 100352 | Episodes: 26263
Eval @ 280576 | stage_step= 100352 | sr=100.00% | reward=2247.60 +/- 0.00 | pickups=2.00 deliveries=2.00 delivered_agents=2.00/2
Early promotion from s2_wider_t_stem_fixed: 100.00% >= 85.00%
Restored best for s2_wider_t_stem_fixed: sr=100.00% | reward=2247.60

=== Stage 3/25: s3_wider_t_near_branch_fixed (fixed positions) ===
Stage: agents=2 obs=(36,) grid=(8, 9) starts=[(6, 4), (5, 4)] package=(2, 4) deliveries=[(1, 3), (1, 5)] lanes=12 rand_pkg=False rand_del=False dt=0.05 substeps=8 max_tilt=0.32
Step  290816 | stage_step=  10240 | Episodes: 27030
Step  301056 | stage_step=  20480 | Episodes: 27778
Eval @ 307200 | stage_step=  26624 | sr=0.00% | reward=261.20 +/- 0.00 | pickups=2.00 deliveries=0.00 delivered_agents=0.00/2
Step  311296 | stage_step=  30720 | Episodes: 28505
[MultiQuadEnv] Steps 1-20000 | pickups=3757 | deliveries=495 | total_pickups=3757 | total_deliveries=495
Step  321536 | stage_step=  40960 | Episodes: 29226
Step  331776 | stage_step=  51200 | Episodes: 29932
Eval @ 331776 | stage_step=  51200 | sr=0.00% | reward=261.20 +/- 0.00 | pickups=2.00 deliveries=0.00 delivered_agents=0.00/2
Step  342016 | stage_step=  61440 | Episodes: 30626
Step  350208 | stage_step=  69632 | Episodes: 31164
Eval @ 356352 | stage_step=  75776 | sr=0.00% | reward=261.20 +/- 0.00 | pickups=2.00 deliveries=0.00 delivered_agents=0.00/2
Step  360448 | stage_step=  79872 | Episodes: 31840
[MultiQuadEnv] Steps 20001-40000 | pickups=3808 | deliveries=706 | total_pickups=7565 | total_deliveries=1201
Step  370688 | stage_step=  90112 | Episodes: 32484
Step  380928 | stage_step= 100352 | Episodes: 33080
Eval @ 380928 | stage_step= 100352 | sr=0.00% | reward=261.20 +/- 0.00 | pickups=2.00 deliveries=0.00 delivered_agents=0.00/2
Step  391168 | stage_step= 110592 | Episodes: 33652
[MultiQuadEnv] Steps 40001-60000 | pickups=3495 | deliveries=928 | total_pickups=11060 | total_deliveries=2129
Step  401408 | stage_step= 120832 | Episodes: 34218
Eval @ 407552 | stage_step= 126976 | sr=0.00% | reward=-2604.00 +/- 0.00 | pickups=2.00 deliveries=0.00 delivered_agents=0.00/2
Step  411648 | stage_step= 131072 | Episodes: 34787
Step  421888 | stage_step= 141312 | Episodes: 35335
Step  430080 | stage_step= 149504 | Episodes: 35790
Eval @ 432128 | stage_step= 151552 | sr=0.00% | reward=777.00 +/- 0.00 | pickups=2.00 deliveries=1.00 delivered_agents=1.00/2
Step  440320 | stage_step= 159744 | Episodes: 36331
[MultiQuadEnv] Steps 60001-80000 | pickups=3209 | deliveries=1109 | total_pickups=14269 | total_deliveries=3238
Step  450560 | stage_step= 169984 | Episodes: 36865
Eval @ 456704 | stage_step= 176128 | sr=0.00% | reward=759.60 +/- 0.00 | pickups=2.00 deliveries=1.00 delivered_agents=1.00/2
Step  460800 | stage_step= 180224 | Episodes: 37387
Step  471040 | stage_step= 190464 | Episodes: 37921
[MultiQuadEnv] Steps 80001-100000 | pickups=3252 | deliveries=1434 | total_pickups=17521 | total_deliveries=4672
Step  481280 | stage_step= 200704 | Episodes: 38454
Eval @ 481280 | stage_step= 200704 | sr=0.00% | reward=759.40 +/- 0.00 | pickups=2.00 deliveries=1.00 delivered_agents=1.00/2
Step  491520 | stage_step= 210944 | Episodes: 38990
Step  501760 | stage_step= 221184 | Episodes: 39526
Eval @ 505856 | stage_step= 225280 | sr=100.00% | reward=2279.20 +/- 0.00 | pickups=2.00 deliveries=2.00 delivered_agents=2.00/2
Early promotion from s3_wider_t_near_branch_fixed: 100.00% >= 75.00%
Restored best for s3_wider_t_near_branch_fixed: sr=100.00% | reward=2279.20

=== Stage 4/25: s4_wider_t_branch_fixed (fixed positions) ===
Stage: agents=2 obs=(36,) grid=(8, 9) starts=[(6, 4), (5, 4)] package=(3, 4) deliveries=[(1, 1), (1, 7)] lanes=12 rand_pkg=False rand_del=False dt=0.05 substeps=8 max_tilt=0.32
Step  512000 | stage_step=   6144 | Episodes: 40188
Step  520192 | stage_step=  14336 | Episodes: 40774
Step  530432 | stage_step=  24576 | Episodes: 41469
Eval @ 532480 | stage_step=  26624 | sr=0.00% | reward=276.30 +/- 0.00 | pickups=2.00 deliveries=0.00 delivered_agents=0.00/2
Step  540672 | stage_step=  34816 | Episodes: 42161
[MultiQuadEnv] Steps 1-20000 | pickups=4763 | deliveries=6 | total_pickups=4763 | total_deliveries=6
Step  550912 | stage_step=  45056 | Episodes: 42876
Eval @ 557056 | stage_step=  51200 | sr=0.00% | reward=276.85 +/- 0.00 | pickups=2.00 deliveries=0.00 delivered_agents=0.00/2
Step  561152 | stage_step=  55296 | Episodes: 43588
Step  571392 | stage_step=  65536 | Episodes: 44296
Step  581632 | stage_step=  75776 | Episodes: 45029
Eval @ 581632 | stage_step=  75776 | sr=0.00% | reward=276.85 +/- 0.00 | pickups=2.00 deliveries=0.00 delivered_agents=0.00/2
[MultiQuadEnv] Steps 20001-40000 | pickups=5480 | deliveries=0 | total_pickups=10243 | total_deliveries=6
Step  591872 | stage_step=  86016 | Episodes: 45770
Step  600064 | stage_step=  94208 | Episodes: 46370
Eval @ 606208 | stage_step= 100352 | sr=0.00% | reward=277.25 +/- 0.00 | pickups=2.00 deliveries=0.00 delivered_agents=0.00/2
Step  610304 | stage_step= 104448 | Episodes: 47109
Step  620544 | stage_step= 114688 | Episodes: 47848
[MultiQuadEnv] Steps 40001-60000 | pickups=5734 | deliveries=1 | total_pickups=15977 | total_deliveries=7
Step  630784 | stage_step= 124928 | Episodes: 48592
Eval @ 632832 | stage_step= 126976 | sr=0.00% | reward=277.25 +/- 0.00 | pickups=2.00 deliveries=0.00 delivered_agents=0.00/2
Step  641024 | stage_step= 135168 | Episodes: 49343
Step  651264 | stage_step= 145408 | Episodes: 50098
Eval @ 657408 | stage_step= 151552 | sr=0.00% | reward=277.25 +/- 0.00 | pickups=2.00 deliveries=0.00 delivered_agents=0.00/2
Step  661504 | stage_step= 155648 | Episodes: 50842
[MultiQuadEnv] Steps 60001-80000 | pickups=5782 | deliveries=1 | total_pickups=21759 | total_deliveries=8
Step  671744 | stage_step= 165888 | Episodes: 51557
Step  681984 | stage_step= 176128 | Episodes: 52262
Eval @ 681984 | stage_step= 176128 | sr=0.00% | reward=276.30 +/- 0.00 | pickups=2.00 deliveries=0.00 delivered_agents=0.00/2
Step  690176 | stage_step= 184320 | Episodes: 52845
Step  700416 | stage_step= 194560 | Episodes: 53582
[MultiQuadEnv] Steps 80001-100000 | pickups=5642 | deliveries=4 | total_pickups=27401 | total_deliveries=12
Eval @ 706560 | stage_step= 200704 | sr=0.00% | reward=277.25 +/- 0.00 | pickups=2.00 deliveries=0.00 delivered_agents=0.00/2
Step  710656 | stage_step= 204800 | Episodes: 54340
Step  720896 | stage_step= 215040 | Episodes: 55093
Step  731136 | stage_step= 225280 | Episodes: 55845
Eval @ 731136 | stage_step= 225280 | sr=0.00% | reward=277.25 +/- 0.00 | pickups=2.00 deliveries=0.00 delivered_agents=0.00/2
Step  741376 | stage_step= 235520 | Episodes: 56634
[MultiQuadEnv] Steps 100001-120000 | pickups=5953 | deliveries=2 | total_pickups=33354 | total_deliveries=14
Step  751616 | stage_step= 245760 | Episodes: 57426
Eval @ 757760 | stage_step= 251904 | sr=0.00% | reward=277.25 +/- 0.00 | pickups=2.00 deliveries=0.00 delivered_agents=0.00/2
Step  761856 | stage_step= 256000 | Episodes: 58223
Step  770048 | stage_step= 264192 | Episodes: 58867
Step  780288 | stage_step= 274432 | Episodes: 59635
Eval @ 782336 | stage_step= 276480 | sr=0.00% | reward=277.25 +/- 0.00 | pickups=2.00 deliveries=0.00 delivered_agents=0.00/2
[MultiQuadEnv] Steps 120001-140000 | pickups=6125 | deliveries=0 | total_pickups=39479 | total_deliveries=14
Step  790528 | stage_step= 284672 | Episodes: 60402
Step  800768 | stage_step= 294912 | Episodes: 61161
Eval @ 806912 | stage_step= 301056 | sr=0.00% | reward=277.25 +/- 0.00 | pickups=2.00 deliveries=0.00 delivered_agents=0.00/2
Step  811008 | stage_step= 305152 | Episodes: 61938
Step  821248 | stage_step= 315392 | Episodes: 62735
[MultiQuadEnv] Steps 140001-160000 | pickups=6051 | deliveries=0 | total_pickups=45530 | total_deliveries=14
Step  831488 | stage_step= 325632 | Episodes: 63501
Eval @ 831488 | stage_step= 325632 | sr=0.00% | reward=277.25 +/- 0.00 | pickups=2.00 deliveries=0.00 delivered_agents=0.00/2
Step  841728 | stage_step= 335872 | Episodes: 64261
Step  851968 | stage_step= 346112 | Episodes: 65037
Eval @ 856064 | stage_step= 350208 | sr=0.00% | reward=277.25 +/- 0.00 | pickups=2.00 deliveries=0.00 delivered_agents=0.00/2
Step  860160 | stage_step= 354304 | Episodes: 65666
[MultiQuadEnv] Steps 160001-180000 | pickups=6012 | deliveries=2 | total_pickups=51542 | total_deliveries=16
Step  870400 | stage_step= 364544 | Episodes: 66429
Step  880640 | stage_step= 374784 | Episodes: 67216
Eval @ 882688 | stage_step= 376832 | sr=0.00% | reward=277.25 +/- 0.00 | pickups=2.00 deliveries=0.00 delivered_agents=0.00/2
Step  890880 | stage_step= 385024 | Episodes: 68004
Step  901120 | stage_step= 395264 | Episodes: 68793
[MultiQuadEnv] Steps 180001-200000 | pickups=6123 | deliveries=1 | total_pickups=57665 | total_deliveries=17
Eval @ 907264 | stage_step= 401408 | sr=0.00% | reward=277.25 +/- 0.00 | pickups=2.00 deliveries=0.00 delivered_agents=0.00/2
Step  911360 | stage_step= 405504 | Episodes: 69583
Step  921600 | stage_step= 415744 | Episodes: 70366
Step  931840 | stage_step= 425984 | Episodes: 71149
Eval @ 931840 | stage_step= 425984 | sr=0.00% | reward=277.25 +/- 0.00 | pickups=2.00 deliveries=0.00 delivered_agents=0.00/2
Step  940032 | stage_step= 434176 | Episodes: 71786
[MultiQuadEnv] Steps 200001-220000 | pickups=6137 | deliveries=0 | total_pickups=63802 | total_deliveries=17
Step  950272 | stage_step= 444416 | Episodes: 72575
Eval @ 956416 | stage_step= 450560 | sr=0.00% | reward=277.25 +/- 0.00 | pickups=2.00 deliveries=0.00 delivered_agents=0.00/2
Step  960512 | stage_step= 454656 | Episodes: 73374
Step  970752 | stage_step= 464896 | Episodes: 74175
Step  980992 | stage_step= 475136 | Episodes: 74978
Eval @ 980992 | stage_step= 475136 | sr=0.00% | reward=277.25 +/- 0.00 | pickups=2.00 deliveries=0.00 delivered_agents=0.00/2
[MultiQuadEnv] Steps 220001-240000 | pickups=6244 | deliveries=0 | total_pickups=70046 | total_deliveries=17
Step  991232 | stage_step= 485376 | Episodes: 75779
Step 1001472 | stage_step= 495616 | Episodes: 76598
Eval @1007616 | stage_step= 501760 | sr=0.00% | reward=277.25 +/- 0.00 | pickups=2.00 deliveries=0.00 delivered_agents=0.00/2
Step 1011712 | stage_step= 505856 | Episodes: 77417
Step 1021952 | stage_step= 516096 | Episodes: 78248
[MultiQuadEnv] Steps 240001-260000 | pickups=6412 | deliveries=0 | total_pickups=76458 | total_deliveries=17
Step 1030144 | stage_step= 524288 | Episodes: 78909
Eval @1032192 | stage_step= 526336 | sr=0.00% | reward=277.25 +/- 0.00 | pickups=2.00 deliveries=0.00 delivered_agents=0.00/2
Step 1040384 | stage_step= 534528 | Episodes: 79739
Step 1050624 | stage_step= 544768 | Episodes: 80568
Eval @1056768 | stage_step= 550912 | sr=0.00% | reward=277.25 +/- 0.00 | pickups=2.00 deliveries=0.00 delivered_agents=0.00/2
Step 1060864 | stage_step= 555008 | Episodes: 81399
[MultiQuadEnv] Steps 260001-280000 | pickups=6478 | deliveries=0 | total_pickups=82936 | total_deliveries=17
Step 1071104 | stage_step= 565248 | Episodes: 82224
Step 1081344 | stage_step= 575488 | Episodes: 83042
Eval @1081344 | stage_step= 575488 | sr=0.00% | reward=277.25 +/- 0.00 | pickups=2.00 deliveries=0.00 delivered_agents=0.00/2
Step 1091584 | stage_step= 585728 | Episodes: 83862
Step 1101824 | stage_step= 595968 | Episodes: 84694
[MultiQuadEnv] Steps 280001-300000 | pickups=6429 | deliveries=0 | total_pickups=89365 | total_deliveries=17
Eval @1105920 | stage_step= 600064 | sr=0.00% | reward=277.25 +/- 0.00 | pickups=2.00 deliveries=0.00 delivered_agents=0.00/2
Step 1110016 | stage_step= 604160 | Episodes: 85359
Step 1120256 | stage_step= 614400 | Episodes: 86182
Step 1130496 | stage_step= 624640 | Episodes: 87013
Eval @1132544 | stage_step= 626688 | sr=0.00% | reward=277.25 +/- 0.00 | pickups=2.00 deliveries=0.00 delivered_agents=0.00/2
Step 1140736 | stage_step= 634880 | Episodes: 87835
[MultiQuadEnv] Steps 300001-320000 | pickups=6421 | deliveries=0 | total_pickups=95786 | total_deliveries=17
Step 1150976 | stage_step= 645120 | Episodes: 88651
Eval @1157120 | stage_step= 651264 | sr=0.00% | reward=277.25 +/- 0.00 | pickups=2.00 deliveries=0.00 delivered_agents=0.00/2
Step 1161216 | stage_step= 655360 | Episodes: 89467
Step 1171456 | stage_step= 665600 | Episodes: 90273
Step 1181696 | stage_step= 675840 | Episodes: 91067
Eval @1181696 | stage_step= 675840 | sr=0.00% | reward=277.25 +/- 0.00 | pickups=2.00 deliveries=0.00 delivered_agents=0.00/2
[MultiQuadEnv] Steps 320001-340000 | pickups=6282 | deliveries=0 | total_pickups=102068 | total_deliveries=17
Step 1191936 | stage_step= 686080 | Episodes: 91857
Step 1200128 | stage_step= 694272 | Episodes: 92501
Eval @1206272 | stage_step= 700416 | sr=0.00% | reward=277.25 +/- 0.00 | pickups=2.00 deliveries=0.00 delivered_agents=0.00/2
Step 1210368 | stage_step= 704512 | Episodes: 93308
Step 1220608 | stage_step= 714752 | Episodes: 94113
[MultiQuadEnv] Steps 340001-360000 | pickups=6279 | deliveries=0 | total_pickups=108347 | total_deliveries=17
Step 1230848 | stage_step= 724992 | Episodes: 94917
Eval @1232896 | stage_step= 727040 | sr=0.00% | reward=277.25 +/- 0.00 | pickups=2.00 deliveries=0.00 delivered_agents=0.00/2
Step 1241088 | stage_step= 735232 | Episodes: 95745
Step 1251328 | stage_step= 745472 | Episodes: 96586
Eval @1257472 | stage_step= 751616 | sr=0.00% | reward=277.25 +/- 0.00 | pickups=2.00 deliveries=0.00 delivered_agents=0.00/2
Step 1261568 | stage_step= 755712 | Episodes: 97426
[MultiQuadEnv] Steps 360001-380000 | pickups=6518 | deliveries=0 | total_pickups=114865 | total_deliveries=17
Step 1271808 | stage_step= 765952 | Episodes: 98268
Step 1280000 | stage_step= 774144 | Episodes: 98942
Eval @1282048 | stage_step= 776192 | sr=0.00% | reward=277.25 +/- 0.00 | pickups=2.00 deliveries=0.00 delivered_agents=0.00/2
Step 1290240 | stage_step= 784384 | Episodes: 99790
Step 1300480 | stage_step= 794624 | Episodes: 100637
[MultiQuadEnv] Steps 380001-400000 | pickups=6607 | deliveries=0 | total_pickups=121472 | total_deliveries=17
Eval @1306624 | stage_step= 800768 | sr=0.00% | reward=277.25 +/- 0.00 | pickups=2.00 deliveries=0.00 delivered_agents=0.00/2
Step 1310720 | stage_step= 804864 | Episodes: 101484
Step 1320960 | stage_step= 815104 | Episodes: 102332
Step 1331200 | stage_step= 825344 | Episodes: 103182
Eval @1331200 | stage_step= 825344 | sr=0.00% | reward=277.25 +/- 0.00 | pickups=2.00 deliveries=0.00 delivered_agents=0.00/2
Step 1341440 | stage_step= 835584 | Episodes: 104032
[MultiQuadEnv] Steps 400001-420000 | pickups=6631 | deliveries=0 | total_pickups=128103 | total_deliveries=17
Step 1351680 | stage_step= 845824 | Episodes: 104883
Eval @1357824 | stage_step= 851968 | sr=0.00% | reward=277.25 +/- 0.00 | pickups=2.00 deliveries=0.00 delivered_agents=0.00/2
Step 1361920 | stage_step= 856064 | Episodes: 105733
Step 1370112 | stage_step= 864256 | Episodes: 106411
Step 1380352 | stage_step= 874496 | Episodes: 107262
Eval @1382400 | stage_step= 876544 | sr=0.00% | reward=277.25 +/- 0.00 | pickups=2.00 deliveries=0.00 delivered_agents=0.00/2
[MultiQuadEnv] Steps 420001-440000 | pickups=6640 | deliveries=0 | total_pickups=134743 | total_deliveries=17
Step 1390592 | stage_step= 884736 | Episodes: 108112
Step 1400832 | stage_step= 894976 | Episodes: 108962
Eval @1406976 | stage_step= 901120 | sr=0.00% | reward=277.25 +/- 0.00 | pickups=2.00 deliveries=0.00 delivered_agents=0.00/2
Step 1411072 | stage_step= 905216 | Episodes: 109812
Step 1421312 | stage_step= 915456 | Episodes: 110662
[MultiQuadEnv] Steps 440001-460000 | pickups=6643 | deliveries=0 | total_pickups=141386 | total_deliveries=17
Step 1431552 | stage_step= 925696 | Episodes: 111512
Eval @1431552 | stage_step= 925696 | sr=0.00% | reward=277.25 +/- 0.00 | pickups=2.00 deliveries=0.00 delivered_agents=0.00/2
Step 1441792 | stage_step= 935936 | Episodes: 112362
Step 1452032 | stage_step= 946176 | Episodes: 113212
Eval @1456128 | stage_step= 950272 | sr=0.00% | reward=277.25 +/- 0.00 | pickups=2.00 deliveries=0.00 delivered_agents=0.00/2
Step 1460224 | stage_step= 954368 | Episodes: 113892
[MultiQuadEnv] Steps 460001-480000 | pickups=6645 | deliveries=0 | total_pickups=148031 | total_deliveries=17
Step 1470464 | stage_step= 964608 | Episodes: 114742
Step 1480704 | stage_step= 974848 | Episodes: 115592
Eval @1482752 | stage_step= 976896 | sr=0.00% | reward=277.25 +/- 0.00 | pickups=2.00 deliveries=0.00 delivered_agents=0.00/2
Step 1490944 | stage_step= 985088 | Episodes: 116441
Step 1501184 | stage_step= 995328 | Episodes: 117290
[MultiQuadEnv] Steps 480001-500000 | pickups=6642 | deliveries=0 | total_pickups=154673 | total_deliveries=17
Eval @1507328 | stage_step=1001472 | sr=0.00% | reward=277.25 +/- 0.00 | pickups=2.00 deliveries=0.00 delivered_agents=0.00/2
Full budget used for s4_wider_t_branch_fixed. Best stage success=0.00%.
No successful checkpoint found for s4_wider_t_branch_fixed; restored pre-stage model.
Final eval | success_rate=100.00% | mean_reward=2279.20 +/- 0.00 | pickups=2.00 deliveries=2.00 | delivered_agents=2.00/2 

### SLOW FIXED SWEEP 9/20: quad_physics_mappo_fixed_v12_slow_sweep_stable_seed7 ###

Using device: cpu
Initial Quad MAPPO: agents=2 obs=(36,) grid=(6, 5) starts=[(4, 2), (3, 2)] package=(2, 2) deliveries=[(1, 1), (1, 3)] lanes=6 rand_pkg=False rand_del=False dt=0.05 substeps=8 max_tilt=0.32

=== Stage 1/25: s1_short_t_fixed (fixed positions) ===
Stage: agents=2 obs=(36,) grid=(6, 5) starts=[(4, 2), (3, 2)] package=(2, 2) deliveries=[(1, 1), (1, 3)] lanes=6 rand_pkg=False rand_del=False dt=0.05 substeps=8 max_tilt=0.32
Step   10240 | stage_step=  10240 | Episodes:   979
Step   20480 | stage_step=  20480 | Episodes:  2078
Eval @  20480 | stage_step=  20480 | sr=0.00% | reward=127.20 +/- 0.00 | pickups=1.00 deliveries=0.00 delivered_agents=0.00/2
Step   30720 | stage_step=  30720 | Episodes:  3125
[MultiQuadEnv] Steps 1-20000 | pickups=2445 | deliveries=303 | total_pickups=2445 | total_deliveries=303
Step   40960 | stage_step=  40960 | Episodes:  4174
Eval @  40960 | stage_step=  40960 | sr=0.00% | reward=128.00 +/- 0.00 | pickups=1.00 deliveries=0.00 delivered_agents=0.00/2
Step   51200 | stage_step=  51200 | Episodes:  5258
Step   61440 | stage_step=  61440 | Episodes:  6319
Eval @  61440 | stage_step=  61440 | sr=0.00% | reward=278.00 +/- 0.00 | pickups=2.00 deliveries=0.00 delivered_agents=0.00/2
Step   71680 | stage_step=  71680 | Episodes:  7412
[MultiQuadEnv] Steps 20001-40000 | pickups=4639 | deliveries=1054 | total_pickups=7084 | total_deliveries=1357
Step   81920 | stage_step=  81920 | Episodes:  8479
Eval @  81920 | stage_step=  81920 | sr=0.00% | reward=778.00 +/- 0.00 | pickups=2.00 deliveries=1.00 delivered_agents=1.00/2
Step   90112 | stage_step=  90112 | Episodes:  9368
Step  100352 | stage_step= 100352 | Episodes: 10489
Eval @ 100352 | stage_step= 100352 | sr=0.00% | reward=778.00 +/- 0.00 | pickups=2.00 deliveries=1.00 delivered_agents=1.00/2
Step  110592 | stage_step= 110592 | Episodes: 11606
[MultiQuadEnv] Steps 40001-60000 | pickups=5333 | deliveries=1499 | total_pickups=12417 | total_deliveries=2856
Step  120832 | stage_step= 120832 | Episodes: 12745
Eval @ 120832 | stage_step= 120832 | sr=0.00% | reward=778.00 +/- 0.00 | pickups=2.00 deliveries=1.00 delivered_agents=1.00/2
Step  131072 | stage_step= 131072 | Episodes: 13878
Step  141312 | stage_step= 141312 | Episodes: 14987
Eval @ 141312 | stage_step= 141312 | sr=0.00% | reward=778.00 +/- 0.00 | pickups=2.00 deliveries=1.00 delivered_agents=1.00/2
Step  151552 | stage_step= 151552 | Episodes: 16103
[MultiQuadEnv] Steps 60001-80000 | pickups=5541 | deliveries=1762 | total_pickups=17958 | total_deliveries=4618
Step  161792 | stage_step= 161792 | Episodes: 17215
Eval @ 161792 | stage_step= 161792 | sr=0.00% | reward=778.00 +/- 0.00 | pickups=2.00 deliveries=1.00 delivered_agents=1.00/2
Step  172032 | stage_step= 172032 | Episodes: 18340
Step  180224 | stage_step= 180224 | Episodes: 19259
Eval @ 180224 | stage_step= 180224 | sr=100.00% | reward=2298.20 +/- 0.00 | pickups=2.00 deliveries=2.00 delivered_agents=2.00/2
Early promotion from s1_short_t_fixed: 100.00% >= 90.00%
Restored best for s1_short_t_fixed: sr=100.00% | reward=2298.20

=== Stage 2/25: s2_wider_t_stem_fixed (fixed positions) ===
Stage: agents=2 obs=(36,) grid=(8, 9) starts=[(6, 4), (5, 4)] package=(3, 4) deliveries=[(2, 4), (1, 4)] lanes=12 rand_pkg=False rand_del=False dt=0.05 substeps=8 max_tilt=0.32
Step  190464 | stage_step=  10240 | Episodes: 20321
Step  200704 | stage_step=  20480 | Episodes: 21266
Eval @ 206848 | stage_step=  26624 | sr=0.00% | reward=177.60 +/- 0.00 | pickups=2.00 deliveries=0.00 delivered_agents=0.00/2
Step  210944 | stage_step=  30720 | Episodes: 22167
[MultiQuadEnv] Steps 1-20000 | pickups=4178 | deliveries=1494 | total_pickups=4178 | total_deliveries=1494
Step  221184 | stage_step=  40960 | Episodes: 23047
Step  231424 | stage_step=  51200 | Episodes: 23905
Eval @ 231424 | stage_step=  51200 | sr=0.00% | reward=211.60 +/- 0.00 | pickups=2.00 deliveries=0.00 delivered_agents=0.00/2
Step  241664 | stage_step=  61440 | Episodes: 24757
Step  251904 | stage_step=  71680 | Episodes: 25598
Eval @ 256000 | stage_step=  75776 | sr=0.00% | reward=211.60 +/- 0.00 | pickups=2.00 deliveries=0.00 delivered_agents=0.00/2
Step  260096 | stage_step=  79872 | Episodes: 26259
[MultiQuadEnv] Steps 20001-40000 | pickups=4836 | deliveries=2528 | total_pickups=9014 | total_deliveries=4022
Step  270336 | stage_step=  90112 | Episodes: 27068
Step  280576 | stage_step= 100352 | Episodes: 27845
Eval @ 280576 | stage_step= 100352 | sr=100.00% | reward=2247.60 +/- 0.00 | pickups=2.00 deliveries=2.00 delivered_agents=2.00/2
Early promotion from s2_wider_t_stem_fixed: 100.00% >= 85.00%
Restored best for s2_wider_t_stem_fixed: sr=100.00% | reward=2247.60

=== Stage 3/25: s3_wider_t_near_branch_fixed (fixed positions) ===
Stage: agents=2 obs=(36,) grid=(8, 9) starts=[(6, 4), (5, 4)] package=(2, 4) deliveries=[(1, 3), (1, 5)] lanes=12 rand_pkg=False rand_del=False dt=0.05 substeps=8 max_tilt=0.32
Step  290816 | stage_step=  10240 | Episodes: 28576
Step  301056 | stage_step=  20480 | Episodes: 29283
Eval @ 307200 | stage_step=  26624 | sr=0.00% | reward=257.20 +/- 0.00 | pickups=2.00 deliveries=0.00 delivered_agents=0.00/2
Step  311296 | stage_step=  30720 | Episodes: 29988
[MultiQuadEnv] Steps 1-20000 | pickups=3910 | deliveries=348 | total_pickups=3910 | total_deliveries=348
Step  321536 | stage_step=  40960 | Episodes: 30705
Step  331776 | stage_step=  51200 | Episodes: 31443
Eval @ 331776 | stage_step=  51200 | sr=0.00% | reward=777.20 +/- 0.00 | pickups=2.00 deliveries=1.00 delivered_agents=1.00/2
Step  342016 | stage_step=  61440 | Episodes: 32173
Step  350208 | stage_step=  69632 | Episodes: 32770
Eval @ 356352 | stage_step=  75776 | sr=0.00% | reward=777.20 +/- 0.00 | pickups=2.00 deliveries=1.00 delivered_agents=1.00/2
Step  360448 | stage_step=  79872 | Episodes: 33496
[MultiQuadEnv] Steps 20001-40000 | pickups=4272 | deliveries=630 | total_pickups=8182 | total_deliveries=978
Step  370688 | stage_step=  90112 | Episodes: 34237
Step  380928 | stage_step= 100352 | Episodes: 34987
Eval @ 380928 | stage_step= 100352 | sr=0.00% | reward=777.20 +/- 0.00 | pickups=2.00 deliveries=1.00 delivered_agents=1.00/2
Step  391168 | stage_step= 110592 | Episodes: 35737
[MultiQuadEnv] Steps 40001-60000 | pickups=4521 | deliveries=1031 | total_pickups=12703 | total_deliveries=2009
Step  401408 | stage_step= 120832 | Episodes: 36481
Eval @ 407552 | stage_step= 126976 | sr=0.00% | reward=777.20 +/- 0.00 | pickups=2.00 deliveries=1.00 delivered_agents=1.00/2
Step  411648 | stage_step= 131072 | Episodes: 37230
Step  421888 | stage_step= 141312 | Episodes: 37973
Step  430080 | stage_step= 149504 | Episodes: 38575
Eval @ 432128 | stage_step= 151552 | sr=0.00% | reward=777.20 +/- 0.00 | pickups=2.00 deliveries=1.00 delivered_agents=1.00/2
Step  440320 | stage_step= 159744 | Episodes: 39323
[MultiQuadEnv] Steps 60001-80000 | pickups=4759 | deliveries=1452 | total_pickups=17462 | total_deliveries=3461
Step  450560 | stage_step= 169984 | Episodes: 40069
Eval @ 456704 | stage_step= 176128 | sr=0.00% | reward=777.20 +/- 0.00 | pickups=2.00 deliveries=1.00 delivered_agents=1.00/2
Step  460800 | stage_step= 180224 | Episodes: 40817
Step  471040 | stage_step= 190464 | Episodes: 41570
[MultiQuadEnv] Steps 80001-100000 | pickups=4872 | deliveries=1916 | total_pickups=22334 | total_deliveries=5377
Step  481280 | stage_step= 200704 | Episodes: 42324
Eval @ 481280 | stage_step= 200704 | sr=100.00% | reward=2297.40 +/- 0.00 | pickups=2.00 deliveries=2.00 delivered_agents=2.00/2
Early promotion from s3_wider_t_near_branch_fixed: 100.00% >= 75.00%
Restored best for s3_wider_t_near_branch_fixed: sr=100.00% | reward=2297.40

=== Stage 4/25: s4_wider_t_branch_fixed (fixed positions) ===
Stage: agents=2 obs=(36,) grid=(8, 9) starts=[(6, 4), (5, 4)] package=(3, 4) deliveries=[(1, 1), (1, 7)] lanes=12 rand_pkg=False rand_del=False dt=0.05 substeps=8 max_tilt=0.32
Step  491520 | stage_step=  10240 | Episodes: 43167
Step  501760 | stage_step=  20480 | Episodes: 43959
Eval @ 507904 | stage_step=  26624 | sr=0.00% | reward=277.25 +/- 0.00 | pickups=2.00 deliveries=0.00 delivered_agents=0.00/2
Step  512000 | stage_step=  30720 | Episodes: 44736
Step  520192 | stage_step=  38912 | Episodes: 45346
[MultiQuadEnv] Steps 1-20000 | pickups=5628 | deliveries=0 | total_pickups=5628 | total_deliveries=0
Step  530432 | stage_step=  49152 | Episodes: 46102
Eval @ 532480 | stage_step=  51200 | sr=0.00% | reward=277.25 +/- 0.00 | pickups=2.00 deliveries=0.00 delivered_agents=0.00/2
Step  540672 | stage_step=  59392 | Episodes: 46853
Step  550912 | stage_step=  69632 | Episodes: 47611
Eval @ 557056 | stage_step=  75776 | sr=0.00% | reward=277.25 +/- 0.00 | pickups=2.00 deliveries=0.00 delivered_agents=0.00/2
Step  561152 | stage_step=  79872 | Episodes: 48377
[MultiQuadEnv] Steps 20001-40000 | pickups=5868 | deliveries=0 | total_pickups=11496 | total_deliveries=0
Step  571392 | stage_step=  90112 | Episodes: 49150
Step  581632 | stage_step= 100352 | Episodes: 49939
Eval @ 581632 | stage_step= 100352 | sr=0.00% | reward=277.25 +/- 0.00 | pickups=2.00 deliveries=0.00 delivered_agents=0.00/2
Step  591872 | stage_step= 110592 | Episodes: 50723
Step  600064 | stage_step= 118784 | Episodes: 51348
[MultiQuadEnv] Steps 40001-60000 | pickups=6087 | deliveries=0 | total_pickups=17583 | total_deliveries=0
Eval @ 608256 | stage_step= 126976 | sr=0.00% | reward=277.25 +/- 0.00 | pickups=2.00 deliveries=0.00 delivered_agents=0.00/2
Step  610304 | stage_step= 129024 | Episodes: 52134
Step  620544 | stage_step= 139264 | Episodes: 52924
Step  630784 | stage_step= 149504 | Episodes: 53704
Eval @ 632832 | stage_step= 151552 | sr=0.00% | reward=277.25 +/- 0.00 | pickups=2.00 deliveries=0.00 delivered_agents=0.00/2
Step  641024 | stage_step= 159744 | Episodes: 54487
[MultiQuadEnv] Steps 60001-80000 | pickups=6121 | deliveries=0 | total_pickups=23704 | total_deliveries=0
Step  651264 | stage_step= 169984 | Episodes: 55274
Eval @ 657408 | stage_step= 176128 | sr=0.00% | reward=277.25 +/- 0.00 | pickups=2.00 deliveries=0.00 delivered_agents=0.00/2
Step  661504 | stage_step= 180224 | Episodes: 56081
Step  671744 | stage_step= 190464 | Episodes: 56886
[MultiQuadEnv] Steps 80001-100000 | pickups=6291 | deliveries=0 | total_pickups=29995 | total_deliveries=0
Step  681984 | stage_step= 200704 | Episodes: 57707
Eval @ 681984 | stage_step= 200704 | sr=0.00% | reward=277.25 +/- 0.00 | pickups=2.00 deliveries=0.00 delivered_agents=0.00/2
Step  690176 | stage_step= 208896 | Episodes: 58354
Step  700416 | stage_step= 219136 | Episodes: 59147
Eval @ 706560 | stage_step= 225280 | sr=0.00% | reward=277.25 +/- 0.00 | pickups=2.00 deliveries=0.00 delivered_agents=0.00/2
Step  710656 | stage_step= 229376 | Episodes: 59954
Step  720896 | stage_step= 239616 | Episodes: 60772
[MultiQuadEnv] Steps 100001-120000 | pickups=6292 | deliveries=0 | total_pickups=36287 | total_deliveries=0
Step  731136 | stage_step= 249856 | Episodes: 61587
Eval @ 733184 | stage_step= 251904 | sr=0.00% | reward=277.25 +/- 0.00 | pickups=2.00 deliveries=0.00 delivered_agents=0.00/2
Step  741376 | stage_step= 260096 | Episodes: 62397
Step  751616 | stage_step= 270336 | Episodes: 63220
Eval @ 757760 | stage_step= 276480 | sr=0.00% | reward=277.25 +/- 0.00 | pickups=2.00 deliveries=0.00 delivered_agents=0.00/2
[MultiQuadEnv] Steps 120001-140000 | pickups=6399 | deliveries=0 | total_pickups=42686 | total_deliveries=0
Step  761856 | stage_step= 280576 | Episodes: 64043
Step  770048 | stage_step= 288768 | Episodes: 64702
Step  780288 | stage_step= 299008 | Episodes: 65519
Eval @ 782336 | stage_step= 301056 | sr=0.00% | reward=277.25 +/- 0.00 | pickups=2.00 deliveries=0.00 delivered_agents=0.00/2
Step  790528 | stage_step= 309248 | Episodes: 66335
Step  800768 | stage_step= 319488 | Episodes: 67148
[MultiQuadEnv] Steps 140001-160000 | pickups=6381 | deliveries=0 | total_pickups=49067 | total_deliveries=0
Eval @ 806912 | stage_step= 325632 | sr=0.00% | reward=277.25 +/- 0.00 | pickups=2.00 deliveries=0.00 delivered_agents=0.00/2
Step  811008 | stage_step= 329728 | Episodes: 67966
Step  821248 | stage_step= 339968 | Episodes: 68784
Step  831488 | stage_step= 350208 | Episodes: 69604
Eval @ 831488 | stage_step= 350208 | sr=0.00% | reward=277.25 +/- 0.00 | pickups=2.00 deliveries=0.00 delivered_agents=0.00/2
[MultiQuadEnv] Steps 160001-180000 | pickups=6419 | deliveries=0 | total_pickups=55486 | total_deliveries=0
Step  841728 | stage_step= 360448 | Episodes: 70432
Step  851968 | stage_step= 370688 | Episodes: 71260
Eval @ 858112 | stage_step= 376832 | sr=0.00% | reward=277.25 +/- 0.00 | pickups=2.00 deliveries=0.00 delivered_agents=0.00/2
Step  860160 | stage_step= 378880 | Episodes: 71914
Step  870400 | stage_step= 389120 | Episodes: 72743
Step  880640 | stage_step= 399360 | Episodes: 73575
[MultiQuadEnv] Steps 180001-200000 | pickups=6461 | deliveries=0 | total_pickups=61947 | total_deliveries=0
Eval @ 882688 | stage_step= 401408 | sr=0.00% | reward=277.25 +/- 0.00 | pickups=2.00 deliveries=0.00 delivered_agents=0.00/2
Step  890880 | stage_step= 409600 | Episodes: 74410
Step  901120 | stage_step= 419840 | Episodes: 75249
Eval @ 907264 | stage_step= 425984 | sr=0.00% | reward=277.25 +/- 0.00 | pickups=2.00 deliveries=0.00 delivered_agents=0.00/2
Step  911360 | stage_step= 430080 | Episodes: 76088
[MultiQuadEnv] Steps 200001-220000 | pickups=6558 | deliveries=0 | total_pickups=68505 | total_deliveries=0
Step  921600 | stage_step= 440320 | Episodes: 76930
Step  931840 | stage_step= 450560 | Episodes: 77776
Eval @ 931840 | stage_step= 450560 | sr=0.00% | reward=277.25 +/- 0.00 | pickups=2.00 deliveries=0.00 delivered_agents=0.00/2
Step  940032 | stage_step= 458752 | Episodes: 78450
Step  950272 | stage_step= 468992 | Episodes: 79294
Eval @ 956416 | stage_step= 475136 | sr=0.00% | reward=277.25 +/- 0.00 | pickups=2.00 deliveries=0.00 delivered_agents=0.00/2
Step  960512 | stage_step= 479232 | Episodes: 80137
[MultiQuadEnv] Steps 220001-240000 | pickups=6592 | deliveries=0 | total_pickups=75097 | total_deliveries=0
Step  970752 | stage_step= 489472 | Episodes: 80981
Step  980992 | stage_step= 499712 | Episodes: 81826
Eval @ 983040 | stage_step= 501760 | sr=0.00% | reward=277.25 +/- 0.00 | pickups=2.00 deliveries=0.00 delivered_agents=0.00/2
Step  991232 | stage_step= 509952 | Episodes: 82670
[MultiQuadEnv] Steps 240001-260000 | pickups=6600 | deliveries=0 | total_pickups=81697 | total_deliveries=0
Step 1001472 | stage_step= 520192 | Episodes: 83514
Eval @1007616 | stage_step= 526336 | sr=0.00% | reward=277.25 +/- 0.00 | pickups=2.00 deliveries=0.00 delivered_agents=0.00/2
Step 1011712 | stage_step= 530432 | Episodes: 84354
Step 1021952 | stage_step= 540672 | Episodes: 85198
Step 1030144 | stage_step= 548864 | Episodes: 85877
Eval @1032192 | stage_step= 550912 | sr=0.00% | reward=277.25 +/- 0.00 | pickups=2.00 deliveries=0.00 delivered_agents=0.00/2
Step 1040384 | stage_step= 559104 | Episodes: 86720
[MultiQuadEnv] Steps 260001-280000 | pickups=6590 | deliveries=0 | total_pickups=88287 | total_deliveries=0
Step 1050624 | stage_step= 569344 | Episodes: 87561
Eval @1056768 | stage_step= 575488 | sr=0.00% | reward=277.25 +/- 0.00 | pickups=2.00 deliveries=0.00 delivered_agents=0.00/2
Step 1060864 | stage_step= 579584 | Episodes: 88403
Step 1071104 | stage_step= 589824 | Episodes: 89246
[MultiQuadEnv] Steps 280001-300000 | pickups=6591 | deliveries=0 | total_pickups=94878 | total_deliveries=0
Step 1081344 | stage_step= 600064 | Episodes: 90092
Eval @1081344 | stage_step= 600064 | sr=0.00% | reward=277.25 +/- 0.00 | pickups=2.00 deliveries=0.00 delivered_agents=0.00/2
Step 1091584 | stage_step= 610304 | Episodes: 90938
Step 1101824 | stage_step= 620544 | Episodes: 91786
Eval @1107968 | stage_step= 626688 | sr=0.00% | reward=277.25 +/- 0.00 | pickups=2.00 deliveries=0.00 delivered_agents=0.00/2
Step 1110016 | stage_step= 628736 | Episodes: 92465
Step 1120256 | stage_step= 638976 | Episodes: 93313
[MultiQuadEnv] Steps 300001-320000 | pickups=6623 | deliveries=0 | total_pickups=101501 | total_deliveries=0
Step 1130496 | stage_step= 649216 | Episodes: 94158
Eval @1132544 | stage_step= 651264 | sr=0.00% | reward=277.25 +/- 0.00 | pickups=2.00 deliveries=0.00 delivered_agents=0.00/2
Step 1140736 | stage_step= 659456 | Episodes: 95006
Step 1150976 | stage_step= 669696 | Episodes: 95852
Eval @1157120 | stage_step= 675840 | sr=0.00% | reward=277.25 +/- 0.00 | pickups=2.00 deliveries=0.00 delivered_agents=0.00/2
Step 1161216 | stage_step= 679936 | Episodes: 96698
[MultiQuadEnv] Steps 320001-340000 | pickups=6624 | deliveries=0 | total_pickups=108125 | total_deliveries=0
Step 1171456 | stage_step= 690176 | Episodes: 97544
Step 1181696 | stage_step= 700416 | Episodes: 98390
Eval @1181696 | stage_step= 700416 | sr=0.00% | reward=277.25 +/- 0.00 | pickups=2.00 deliveries=0.00 delivered_agents=0.00/2
Step 1191936 | stage_step= 710656 | Episodes: 99238
Step 1200128 | stage_step= 718848 | Episodes: 99918
[MultiQuadEnv] Steps 340001-360000 | pickups=6630 | deliveries=0 | total_pickups=114755 | total_deliveries=0
Eval @1208320 | stage_step= 727040 | sr=0.00% | reward=277.25 +/- 0.00 | pickups=2.00 deliveries=0.00 delivered_agents=0.00/2
Step 1210368 | stage_step= 729088 | Episodes: 100768
Step 1220608 | stage_step= 739328 | Episodes: 101617
Step 1230848 | stage_step= 749568 | Episodes: 102467
Eval @1232896 | stage_step= 751616 | sr=0.00% | reward=277.25 +/- 0.00 | pickups=2.00 deliveries=0.00 delivered_agents=0.00/2
Step 1241088 | stage_step= 759808 | Episodes: 103315
[MultiQuadEnv] Steps 360001-380000 | pickups=6631 | deliveries=0 | total_pickups=121386 | total_deliveries=0
Step 1251328 | stage_step= 770048 | Episodes: 104164
Eval @1257472 | stage_step= 776192 | sr=0.00% | reward=277.25 +/- 0.00 | pickups=2.00 deliveries=0.00 delivered_agents=0.00/2
Step 1261568 | stage_step= 780288 | Episodes: 105012
Step 1271808 | stage_step= 790528 | Episodes: 105859
Step 1280000 | stage_step= 798720 | Episodes: 106536
[MultiQuadEnv] Steps 380001-400000 | pickups=6631 | deliveries=0 | total_pickups=128017 | total_deliveries=0
Eval @1282048 | stage_step= 800768 | sr=0.00% | reward=277.25 +/- 0.00 | pickups=2.00 deliveries=0.00 delivered_agents=0.00/2
Step 1290240 | stage_step= 808960 | Episodes: 107381
Step 1300480 | stage_step= 819200 | Episodes: 108229
Eval @1306624 | stage_step= 825344 | sr=0.00% | reward=277.25 +/- 0.00 | pickups=2.00 deliveries=0.00 delivered_agents=0.00/2
Step 1310720 | stage_step= 829440 | Episodes: 109076
Step 1320960 | stage_step= 839680 | Episodes: 109925
[MultiQuadEnv] Steps 400001-420000 | pickups=6631 | deliveries=0 | total_pickups=134648 | total_deliveries=0
Step 1331200 | stage_step= 849920 | Episodes: 110772
Eval @1333248 | stage_step= 851968 | sr=0.00% | reward=277.25 +/- 0.00 | pickups=2.00 deliveries=0.00 delivered_agents=0.00/2
Step 1341440 | stage_step= 860160 | Episodes: 111620
Step 1351680 | stage_step= 870400 | Episodes: 112470
Eval @1357824 | stage_step= 876544 | sr=0.00% | reward=277.25 +/- 0.00 | pickups=2.00 deliveries=0.00 delivered_agents=0.00/2
[MultiQuadEnv] Steps 420001-440000 | pickups=6637 | deliveries=0 | total_pickups=141285 | total_deliveries=0
Step 1361920 | stage_step= 880640 | Episodes: 113320
Step 1370112 | stage_step= 888832 | Episodes: 113997
Step 1380352 | stage_step= 899072 | Episodes: 114846
Eval @1382400 | stage_step= 901120 | sr=0.00% | reward=277.25 +/- 0.00 | pickups=2.00 deliveries=0.00 delivered_agents=0.00/2
Step 1390592 | stage_step= 909312 | Episodes: 115696
Step 1400832 | stage_step= 919552 | Episodes: 116546
[MultiQuadEnv] Steps 440001-460000 | pickups=6639 | deliveries=0 | total_pickups=147924 | total_deliveries=0
Eval @1406976 | stage_step= 925696 | sr=0.00% | reward=277.25 +/- 0.00 | pickups=2.00 deliveries=0.00 delivered_agents=0.00/2
Step 1411072 | stage_step= 929792 | Episodes: 117396
Step 1421312 | stage_step= 940032 | Episodes: 118246
Step 1431552 | stage_step= 950272 | Episodes: 119096
Eval @1431552 | stage_step= 950272 | sr=0.00% | reward=277.25 +/- 0.00 | pickups=2.00 deliveries=0.00 delivered_agents=0.00/2
[MultiQuadEnv] Steps 460001-480000 | pickups=6647 | deliveries=0 | total_pickups=154571 | total_deliveries=0
Step 1441792 | stage_step= 960512 | Episodes: 119946
Step 1452032 | stage_step= 970752 | Episodes: 120796
Eval @1458176 | stage_step= 976896 | sr=0.00% | reward=277.25 +/- 0.00 | pickups=2.00 deliveries=0.00 delivered_agents=0.00/2
Step 1460224 | stage_step= 978944 | Episodes: 121476
Step 1470464 | stage_step= 989184 | Episodes: 122326
Step 1480704 | stage_step= 999424 | Episodes: 123176
[MultiQuadEnv] Steps 480001-500000 | pickups=6649 | deliveries=0 | total_pickups=161220 | total_deliveries=0
Eval @1482752 | stage_step=1001472 | sr=0.00% | reward=277.25 +/- 0.00 | pickups=2.00 deliveries=0.00 delivered_agents=0.00/2
Full budget used for s4_wider_t_branch_fixed. Best stage success=0.00%.
No successful checkpoint found for s4_wider_t_branch_fixed; restored pre-stage model.
Final eval | success_rate=100.00% | mean_reward=2297.40 +/- 0.00 | pickups=2.00 deliveries=2.00 | delivered_agents=2.00/2 

### SLOW FIXED SWEEP 10/20: quad_physics_mappo_fixed_v12_slow_sweep_stable_seed11 ###

Using device: cpu
Initial Quad MAPPO: agents=2 obs=(36,) grid=(6, 5) starts=[(4, 2), (3, 2)] package=(2, 2) deliveries=[(1, 1), (1, 3)] lanes=6 rand_pkg=False rand_del=False dt=0.05 substeps=8 max_tilt=0.32

=== Stage 1/25: s1_short_t_fixed (fixed positions) ===
Stage: agents=2 obs=(36,) grid=(6, 5) starts=[(4, 2), (3, 2)] package=(2, 2) deliveries=[(1, 1), (1, 3)] lanes=6 rand_pkg=False rand_del=False dt=0.05 substeps=8 max_tilt=0.32
Step   10240 | stage_step=  10240 | Episodes:   997
Step   20480 | stage_step=  20480 | Episodes:  2048
Eval @  20480 | stage_step=  20480 | sr=0.00% | reward=127.20 +/- 0.00 | pickups=1.00 deliveries=0.00 delivered_agents=0.00/2
Step   30720 | stage_step=  30720 | Episodes:  3070
[MultiQuadEnv] Steps 1-20000 | pickups=2625 | deliveries=317 | total_pickups=2625 | total_deliveries=317
Step   40960 | stage_step=  40960 | Episodes:  4095
Eval @  40960 | stage_step=  40960 | sr=0.00% | reward=128.00 +/- 0.00 | pickups=1.00 deliveries=0.00 delivered_agents=0.00/2
Step   51200 | stage_step=  51200 | Episodes:  5154
Step   61440 | stage_step=  61440 | Episodes:  6176
Eval @  61440 | stage_step=  61440 | sr=0.00% | reward=278.00 +/- 0.00 | pickups=2.00 deliveries=0.00 delivered_agents=0.00/2
Step   71680 | stage_step=  71680 | Episodes:  7226
[MultiQuadEnv] Steps 20001-40000 | pickups=4487 | deliveries=1061 | total_pickups=7112 | total_deliveries=1378
Step   81920 | stage_step=  81920 | Episodes:  8294
Eval @  81920 | stage_step=  81920 | sr=0.00% | reward=777.80 +/- 0.00 | pickups=2.00 deliveries=1.00 delivered_agents=1.00/2
Step   90112 | stage_step=  90112 | Episodes:  9138
Step  100352 | stage_step= 100352 | Episodes: 10211
Eval @ 100352 | stage_step= 100352 | sr=100.00% | reward=2298.00 +/- 0.00 | pickups=2.00 deliveries=2.00 delivered_agents=2.00/2
Early promotion from s1_short_t_fixed: 100.00% >= 90.00%
Restored best for s1_short_t_fixed: sr=100.00% | reward=2298.00

=== Stage 2/25: s2_wider_t_stem_fixed (fixed positions) ===
Stage: agents=2 obs=(36,) grid=(8, 9) starts=[(6, 4), (5, 4)] package=(3, 4) deliveries=[(2, 4), (1, 4)] lanes=12 rand_pkg=False rand_del=False dt=0.05 substeps=8 max_tilt=0.32
Step  110592 | stage_step=  10240 | Episodes: 11231
Step  120832 | stage_step=  20480 | Episodes: 12173
Eval @ 126976 | stage_step=  26624 | sr=100.00% | reward=2247.60 +/- 0.00 | pickups=2.00 deliveries=2.00 delivered_agents=2.00/2
Step  131072 | stage_step=  30720 | Episodes: 13058
[MultiQuadEnv] Steps 1-20000 | pickups=3791 | deliveries=1880 | total_pickups=3791 | total_deliveries=1880
Step  141312 | stage_step=  40960 | Episodes: 13907
Step  151552 | stage_step=  51200 | Episodes: 14711
Eval @ 151552 | stage_step=  51200 | sr=100.00% | reward=2247.60 +/- 0.00 | pickups=2.00 deliveries=2.00 delivered_agents=2.00/2
Step  161792 | stage_step=  61440 | Episodes: 15477
Step  172032 | stage_step=  71680 | Episodes: 16218
Eval @ 176128 | stage_step=  75776 | sr=100.00% | reward=2247.40 +/- 0.00 | pickups=2.00 deliveries=2.00 delivered_agents=2.00/2
Step  180224 | stage_step=  79872 | Episodes: 16782
[MultiQuadEnv] Steps 20001-40000 | pickups=4582 | deliveries=3444 | total_pickups=8373 | total_deliveries=5324
Step  190464 | stage_step=  90112 | Episodes: 17487
Step  200704 | stage_step= 100352 | Episodes: 18183
Eval @ 200704 | stage_step= 100352 | sr=100.00% | reward=2247.60 +/- 0.00 | pickups=2.00 deliveries=2.00 delivered_agents=2.00/2
Early promotion from s2_wider_t_stem_fixed: 100.00% >= 85.00%
Restored best for s2_wider_t_stem_fixed: sr=100.00% | reward=2247.60

=== Stage 3/25: s3_wider_t_near_branch_fixed (fixed positions) ===
Stage: agents=2 obs=(36,) grid=(8, 9) starts=[(6, 4), (5, 4)] package=(2, 4) deliveries=[(1, 3), (1, 5)] lanes=12 rand_pkg=False rand_del=False dt=0.05 substeps=8 max_tilt=0.32
Step  210944 | stage_step=  10240 | Episodes: 19023
Step  221184 | stage_step=  20480 | Episodes: 19808
Eval @ 227328 | stage_step=  26624 | sr=0.00% | reward=261.20 +/- 0.00 | pickups=2.00 deliveries=0.00 delivered_agents=0.00/2
Step  231424 | stage_step=  30720 | Episodes: 20550
[MultiQuadEnv] Steps 1-20000 | pickups=3385 | deliveries=417 | total_pickups=3385 | total_deliveries=417
Step  241664 | stage_step=  40960 | Episodes: 21263
Step  251904 | stage_step=  51200 | Episodes: 21964
Eval @ 251904 | stage_step=  51200 | sr=0.00% | reward=261.20 +/- 0.00 | pickups=2.00 deliveries=0.00 delivered_agents=0.00/2
Step  260096 | stage_step=  59392 | Episodes: 22530
Step  270336 | stage_step=  69632 | Episodes: 23212
Eval @ 276480 | stage_step=  75776 | sr=0.00% | reward=777.20 +/- 0.00 | pickups=2.00 deliveries=1.00 delivered_agents=1.00/2
Step  280576 | stage_step=  79872 | Episodes: 23875
[MultiQuadEnv] Steps 20001-40000 | pickups=3822 | deliveries=686 | total_pickups=7207 | total_deliveries=1103
Step  290816 | stage_step=  90112 | Episodes: 24528
Step  301056 | stage_step= 100352 | Episodes: 25167
Eval @ 301056 | stage_step= 100352 | sr=0.00% | reward=777.00 +/- 0.00 | pickups=2.00 deliveries=1.00 delivered_agents=1.00/2
Step  311296 | stage_step= 110592 | Episodes: 25804
[MultiQuadEnv] Steps 40001-60000 | pickups=3597 | deliveries=987 | total_pickups=10804 | total_deliveries=2090
Step  321536 | stage_step= 120832 | Episodes: 26456
Eval @ 327680 | stage_step= 126976 | sr=100.00% | reward=2296.60 +/- 0.00 | pickups=2.00 deliveries=2.00 delivered_agents=2.00/2
Early promotion from s3_wider_t_near_branch_fixed: 100.00% >= 75.00%
Restored best for s3_wider_t_near_branch_fixed: sr=100.00% | reward=2296.60

=== Stage 4/25: s4_wider_t_branch_fixed (fixed positions) ===
Stage: agents=2 obs=(36,) grid=(8, 9) starts=[(6, 4), (5, 4)] package=(3, 4) deliveries=[(1, 1), (1, 7)] lanes=12 rand_pkg=False rand_del=False dt=0.05 substeps=8 max_tilt=0.32
Step  331776 | stage_step=   4096 | Episodes: 27167
Step  342016 | stage_step=  14336 | Episodes: 27910
Step  350208 | stage_step=  22528 | Episodes: 28459
Eval @ 354304 | stage_step=  26624 | sr=0.00% | reward=276.80 +/- 0.00 | pickups=2.00 deliveries=0.00 delivered_agents=0.00/2
Step  360448 | stage_step=  32768 | Episodes: 29146
[MultiQuadEnv] Steps 1-20000 | pickups=4825 | deliveries=9 | total_pickups=4825 | total_deliveries=9
Step  370688 | stage_step=  43008 | Episodes: 29819
Eval @ 378880 | stage_step=  51200 | sr=0.00% | reward=276.80 +/- 0.00 | pickups=2.00 deliveries=0.00 delivered_agents=0.00/2
Step  380928 | stage_step=  53248 | Episodes: 30477
Step  391168 | stage_step=  63488 | Episodes: 31106
Step  401408 | stage_step=  73728 | Episodes: 31639
Eval @ 403456 | stage_step=  75776 | sr=0.00% | reward=275.75 +/- 0.00 | pickups=2.00 deliveries=0.00 delivered_agents=0.00/2
[MultiQuadEnv] Steps 20001-40000 | pickups=4479 | deliveries=253 | total_pickups=9304 | total_deliveries=262
Step  411648 | stage_step=  83968 | Episodes: 32064
Step  421888 | stage_step=  94208 | Episodes: 32420
Eval @ 428032 | stage_step= 100352 | sr=0.00% | reward=26.80 +/- 0.00 | pickups=2.00 deliveries=1.00 delivered_agents=1.00/2
Step  430080 | stage_step= 102400 | Episodes: 32670
Step  440320 | stage_step= 112640 | Episodes: 32913
[MultiQuadEnv] Steps 40001-60000 | pickups=2209 | deliveries=662 | total_pickups=11513 | total_deliveries=924
Step  450560 | stage_step= 122880 | Episodes: 33073
Eval @ 454656 | stage_step= 126976 | sr=0.00% | reward=32.55 +/- 0.00 | pickups=2.00 deliveries=1.00 delivered_agents=1.00/2
Step  460800 | stage_step= 133120 | Episodes: 33187
Step  471040 | stage_step= 143360 | Episodes: 33324
Eval @ 479232 | stage_step= 151552 | sr=0.00% | reward=26.75 +/- 0.00 | pickups=2.00 deliveries=1.00 delivered_agents=1.00/2
Step  481280 | stage_step= 153600 | Episodes: 33477
[MultiQuadEnv] Steps 60001-80000 | pickups=1095 | deliveries=395 | total_pickups=12608 | total_deliveries=1319
Step  491520 | stage_step= 163840 | Episodes: 33630
Step  501760 | stage_step= 174080 | Episodes: 33800
Eval @ 503808 | stage_step= 176128 | sr=0.00% | reward=770.75 +/- 0.00 | pickups=2.00 deliveries=1.00 delivered_agents=1.00/2
Step  512000 | stage_step= 184320 | Episodes: 33952
Step  520192 | stage_step= 192512 | Episodes: 34092
[MultiQuadEnv] Steps 80001-100000 | pickups=1343 | deliveries=550 | total_pickups=13951 | total_deliveries=1869
Eval @ 528384 | stage_step= 200704 | sr=0.00% | reward=770.80 +/- 0.00 | pickups=2.00 deliveries=1.00 delivered_agents=1.00/2
Step  530432 | stage_step= 202752 | Episodes: 34307
Step  540672 | stage_step= 212992 | Episodes: 34521
Step  550912 | stage_step= 223232 | Episodes: 34738
Eval @ 552960 | stage_step= 225280 | sr=0.00% | reward=24.15 +/- 0.00 | pickups=2.00 deliveries=1.00 delivered_agents=1.00/2
Step  561152 | stage_step= 233472 | Episodes: 34950
[MultiQuadEnv] Steps 100001-120000 | pickups=1684 | deliveries=686 | total_pickups=15635 | total_deliveries=2555
Step  571392 | stage_step= 243712 | Episodes: 35185
Eval @ 579584 | stage_step= 251904 | sr=0.00% | reward=27.00 +/- 0.00 | pickups=2.00 deliveries=1.00 delivered_agents=1.00/2
Step  581632 | stage_step= 253952 | Episodes: 35410
Step  591872 | stage_step= 264192 | Episodes: 35641
Step  600064 | stage_step= 272384 | Episodes: 35835
Eval @ 604160 | stage_step= 276480 | sr=0.00% | reward=28.30 +/- 0.00 | pickups=2.00 deliveries=1.00 delivered_agents=1.00/2
[MultiQuadEnv] Steps 120001-140000 | pickups=1792 | deliveries=779 | total_pickups=17427 | total_deliveries=3334
Step  610304 | stage_step= 282624 | Episodes: 36054
Step  620544 | stage_step= 292864 | Episodes: 36266
Eval @ 628736 | stage_step= 301056 | sr=0.00% | reward=28.30 +/- 0.00 | pickups=2.00 deliveries=1.00 delivered_agents=1.00/2
Step  630784 | stage_step= 303104 | Episodes: 36482
Step  641024 | stage_step= 313344 | Episodes: 36695
[MultiQuadEnv] Steps 140001-160000 | pickups=1682 | deliveries=735 | total_pickups=19109 | total_deliveries=4069
Step  651264 | stage_step= 323584 | Episodes: 36910
Eval @ 653312 | stage_step= 325632 | sr=0.00% | reward=30.95 +/- 0.00 | pickups=2.00 deliveries=1.00 delivered_agents=1.00/2
Step  661504 | stage_step= 333824 | Episodes: 37140
Step  671744 | stage_step= 344064 | Episodes: 37347
Eval @ 677888 | stage_step= 350208 | sr=0.00% | reward=25.65 +/- 0.00 | pickups=2.00 deliveries=1.00 delivered_agents=1.00/2
Step  681984 | stage_step= 354304 | Episodes: 37565
[MultiQuadEnv] Steps 160001-180000 | pickups=1709 | deliveries=739 | total_pickups=20818 | total_deliveries=4808
Step  690176 | stage_step= 362496 | Episodes: 37733
Step  700416 | stage_step= 372736 | Episodes: 37966
Eval @ 704512 | stage_step= 376832 | sr=0.00% | reward=25.65 +/- 0.00 | pickups=2.00 deliveries=1.00 delivered_agents=1.00/2
Step  710656 | stage_step= 382976 | Episodes: 38192
Step  720896 | stage_step= 393216 | Episodes: 38432
[MultiQuadEnv] Steps 180001-200000 | pickups=1859 | deliveries=830 | total_pickups=22677 | total_deliveries=5638
Eval @ 729088 | stage_step= 401408 | sr=0.00% | reward=772.65 +/- 0.00 | pickups=2.00 deliveries=1.00 delivered_agents=1.00/2
Step  731136 | stage_step= 403456 | Episodes: 38680
Step  741376 | stage_step= 413696 | Episodes: 38926
Step  751616 | stage_step= 423936 | Episodes: 39198
Eval @ 753664 | stage_step= 425984 | sr=0.00% | reward=25.65 +/- 0.00 | pickups=2.00 deliveries=1.00 delivered_agents=1.00/2
Step  761856 | stage_step= 434176 | Episodes: 39438
[MultiQuadEnv] Steps 200001-220000 | pickups=1956 | deliveries=847 | total_pickups=24633 | total_deliveries=6485
Step  770048 | stage_step= 442368 | Episodes: 39644
Eval @ 778240 | stage_step= 450560 | sr=0.00% | reward=774.20 +/- 0.00 | pickups=2.00 deliveries=1.00 delivered_agents=1.00/2
Step  780288 | stage_step= 452608 | Episodes: 39907
Step  790528 | stage_step= 462848 | Episodes: 40168
Step  800768 | stage_step= 473088 | Episodes: 40439
Eval @ 802816 | stage_step= 475136 | sr=0.00% | reward=774.45 +/- 0.00 | pickups=2.00 deliveries=1.00 delivered_agents=1.00/2
[MultiQuadEnv] Steps 220001-240000 | pickups=2105 | deliveries=923 | total_pickups=26738 | total_deliveries=7408
Step  811008 | stage_step= 483328 | Episodes: 40719
Step  821248 | stage_step= 493568 | Episodes: 40974
Eval @ 829440 | stage_step= 501760 | sr=0.00% | reward=773.95 +/- 0.00 | pickups=2.00 deliveries=1.00 delivered_agents=1.00/2
Step  831488 | stage_step= 503808 | Episodes: 41310
Step  841728 | stage_step= 514048 | Episodes: 41624
[MultiQuadEnv] Steps 240001-260000 | pickups=2307 | deliveries=1056 | total_pickups=29045 | total_deliveries=8464
Step  851968 | stage_step= 524288 | Episodes: 41947
Eval @ 854016 | stage_step= 526336 | sr=0.00% | reward=774.70 +/- 0.00 | pickups=2.00 deliveries=1.00 delivered_agents=1.00/2
Step  860160 | stage_step= 532480 | Episodes: 42195
Step  870400 | stage_step= 542720 | Episodes: 42522
Eval @ 878592 | stage_step= 550912 | sr=0.00% | reward=775.10 +/- 0.00 | pickups=2.00 deliveries=1.00 delivered_agents=1.00/2
Step  880640 | stage_step= 552960 | Episodes: 42836
[MultiQuadEnv] Steps 260001-280000 | pickups=2485 | deliveries=1147 | total_pickups=31530 | total_deliveries=9611
Step  890880 | stage_step= 563200 | Episodes: 43167
Step  901120 | stage_step= 573440 | Episodes: 43534
Eval @ 903168 | stage_step= 575488 | sr=0.00% | reward=775.45 +/- 0.00 | pickups=2.00 deliveries=1.00 delivered_agents=1.00/2
Step  911360 | stage_step= 583680 | Episodes: 43884
Step  921600 | stage_step= 593920 | Episodes: 44252
[MultiQuadEnv] Steps 280001-300000 | pickups=2802 | deliveries=1303 | total_pickups=34332 | total_deliveries=10914
Eval @ 927744 | stage_step= 600064 | sr=0.00% | reward=775.35 +/- 0.00 | pickups=2.00 deliveries=1.00 delivered_agents=1.00/2
Step  931840 | stage_step= 604160 | Episodes: 44618
Step  940032 | stage_step= 612352 | Episodes: 44911
Step  950272 | stage_step= 622592 | Episodes: 45280
Eval @ 954368 | stage_step= 626688 | sr=0.00% | reward=775.05 +/- 0.00 | pickups=2.00 deliveries=1.00 delivered_agents=1.00/2
Step  960512 | stage_step= 632832 | Episodes: 45647
[MultiQuadEnv] Steps 300001-320000 | pickups=2904 | deliveries=1342 | total_pickups=37236 | total_deliveries=12256
Step  970752 | stage_step= 643072 | Episodes: 46047
Eval @ 978944 | stage_step= 651264 | sr=0.00% | reward=774.70 +/- 0.00 | pickups=2.00 deliveries=1.00 delivered_agents=1.00/2
Step  980992 | stage_step= 653312 | Episodes: 46416
Step  991232 | stage_step= 663552 | Episodes: 46805
Step 1001472 | stage_step= 673792 | Episodes: 47142
Eval @1003520 | stage_step= 675840 | sr=0.00% | reward=774.70 +/- 0.00 | pickups=2.00 deliveries=1.00 delivered_agents=1.00/2
[MultiQuadEnv] Steps 320001-340000 | pickups=2856 | deliveries=1350 | total_pickups=40092 | total_deliveries=13606
Step 1011712 | stage_step= 684032 | Episodes: 47489
Step 1021952 | stage_step= 694272 | Episodes: 47857
Eval @1028096 | stage_step= 700416 | sr=0.00% | reward=774.65 +/- 0.00 | pickups=2.00 deliveries=1.00 delivered_agents=1.00/2
Step 1030144 | stage_step= 702464 | Episodes: 48131
Step 1040384 | stage_step= 712704 | Episodes: 48453
[MultiQuadEnv] Steps 340001-360000 | pickups=2657 | deliveries=1266 | total_pickups=42749 | total_deliveries=14872
Step 1050624 | stage_step= 722944 | Episodes: 48777
Eval @1054720 | stage_step= 727040 | sr=0.00% | reward=775.25 +/- 0.00 | pickups=2.00 deliveries=1.00 delivered_agents=1.00/2
Step 1060864 | stage_step= 733184 | Episodes: 49142
Step 1071104 | stage_step= 743424 | Episodes: 49535
Eval @1079296 | stage_step= 751616 | sr=0.00% | reward=775.25 +/- 0.00 | pickups=2.00 deliveries=1.00 delivered_agents=1.00/2
Step 1081344 | stage_step= 753664 | Episodes: 49919
[MultiQuadEnv] Steps 360001-380000 | pickups=2966 | deliveries=1384 | total_pickups=45715 | total_deliveries=16256
Step 1091584 | stage_step= 763904 | Episodes: 50308
Step 1101824 | stage_step= 774144 | Episodes: 50680
Eval @1103872 | stage_step= 776192 | sr=0.00% | reward=775.55 +/- 0.00 | pickups=2.00 deliveries=1.00 delivered_agents=1.00/2
Step 1110016 | stage_step= 782336 | Episodes: 50962
Step 1120256 | stage_step= 792576 | Episodes: 51334
[MultiQuadEnv] Steps 380001-400000 | pickups=2912 | deliveries=1365 | total_pickups=48627 | total_deliveries=17621
Eval @1128448 | stage_step= 800768 | sr=0.00% | reward=775.55 +/- 0.00 | pickups=2.00 deliveries=1.00 delivered_agents=1.00/2
Step 1130496 | stage_step= 802816 | Episodes: 51729
Step 1140736 | stage_step= 813056 | Episodes: 52109
Step 1150976 | stage_step= 823296 | Episodes: 52483
Eval @1153024 | stage_step= 825344 | sr=0.00% | reward=775.55 +/- 0.00 | pickups=2.00 deliveries=1.00 delivered_agents=1.00/2
Step 1161216 | stage_step= 833536 | Episodes: 52845
[MultiQuadEnv] Steps 400001-420000 | pickups=2940 | deliveries=1259 | total_pickups=51567 | total_deliveries=18880
Step 1171456 | stage_step= 843776 | Episodes: 53219
Eval @1179648 | stage_step= 851968 | sr=0.00% | reward=774.90 +/- 0.00 | pickups=2.00 deliveries=1.00 delivered_agents=1.00/2
Step 1181696 | stage_step= 854016 | Episodes: 53611
Step 1191936 | stage_step= 864256 | Episodes: 53995
Step 1200128 | stage_step= 872448 | Episodes: 54281
Eval @1204224 | stage_step= 876544 | sr=0.00% | reward=774.90 +/- 0.00 | pickups=2.00 deliveries=1.00 delivered_agents=1.00/2
[MultiQuadEnv] Steps 420001-440000 | pickups=2866 | deliveries=957 | total_pickups=54433 | total_deliveries=19837
Step 1210368 | stage_step= 882688 | Episodes: 54617
Step 1220608 | stage_step= 892928 | Episodes: 54958
Eval @1228800 | stage_step= 901120 | sr=0.00% | reward=775.30 +/- 0.00 | pickups=2.00 deliveries=1.00 delivered_agents=1.00/2
Step 1230848 | stage_step= 903168 | Episodes: 55319
Step 1241088 | stage_step= 913408 | Episodes: 55660
[MultiQuadEnv] Steps 440001-460000 | pickups=2678 | deliveries=1133 | total_pickups=57111 | total_deliveries=20970
Step 1251328 | stage_step= 923648 | Episodes: 55994
Eval @1253376 | stage_step= 925696 | sr=0.00% | reward=774.90 +/- 0.00 | pickups=2.00 deliveries=1.00 delivered_agents=1.00/2
Step 1261568 | stage_step= 933888 | Episodes: 56339
Step 1271808 | stage_step= 944128 | Episodes: 56695
Eval @1277952 | stage_step= 950272 | sr=0.00% | reward=774.90 +/- 0.00 | pickups=2.00 deliveries=1.00 delivered_agents=1.00/2
Step 1280000 | stage_step= 952320 | Episodes: 56973
[MultiQuadEnv] Steps 460001-480000 | pickups=2696 | deliveries=1227 | total_pickups=59807 | total_deliveries=22197
Step 1290240 | stage_step= 962560 | Episodes: 57315
Step 1300480 | stage_step= 972800 | Episodes: 57679
Eval @1304576 | stage_step= 976896 | sr=0.00% | reward=775.65 +/- 0.00 | pickups=2.00 deliveries=1.00 delivered_agents=1.00/2
Step 1310720 | stage_step= 983040 | Episodes: 58020
Step 1320960 | stage_step= 993280 | Episodes: 58392
[MultiQuadEnv] Steps 480001-500000 | pickups=2720 | deliveries=1288 | total_pickups=62527 | total_deliveries=23485
Eval @1329152 | stage_step=1001472 | sr=0.00% | reward=775.30 +/- 0.00 | pickups=2.00 deliveries=1.00 delivered_agents=1.00/2
Full budget used for s4_wider_t_branch_fixed. Best stage success=0.00%.
No successful checkpoint found for s4_wider_t_branch_fixed; restored pre-stage model.
Final eval | success_rate=100.00% | mean_reward=2296.60 +/- 0.00 | pickups=2.00 deliveries=2.00 | delivered_agents=2.00/2 

### SLOW FIXED SWEEP 11/20: quad_physics_mappo_fixed_v12_slow_sweep_stable_seed23 ###

Using device: cpu
Initial Quad MAPPO: agents=2 obs=(36,) grid=(6, 5) starts=[(4, 2), (3, 2)] package=(2, 2) deliveries=[(1, 1), (1, 3)] lanes=6 rand_pkg=False rand_del=False dt=0.05 substeps=8 max_tilt=0.32

=== Stage 1/25: s1_short_t_fixed (fixed positions) ===
Stage: agents=2 obs=(36,) grid=(6, 5) starts=[(4, 2), (3, 2)] package=(2, 2) deliveries=[(1, 1), (1, 3)] lanes=6 rand_pkg=False rand_del=False dt=0.05 substeps=8 max_tilt=0.32
Step   10240 | stage_step=  10240 | Episodes:   938
Step   20480 | stage_step=  20480 | Episodes:  1939
Eval @  20480 | stage_step=  20480 | sr=0.00% | reward=625.00 +/- 0.00 | pickups=1.00 deliveries=1.00 delivered_agents=1.00/2
Step   30720 | stage_step=  30720 | Episodes:  2907
[MultiQuadEnv] Steps 1-20000 | pickups=2443 | deliveries=401 | total_pickups=2443 | total_deliveries=401
Step   40960 | stage_step=  40960 | Episodes:  3810
Eval @  40960 | stage_step=  40960 | sr=0.00% | reward=777.00 +/- 0.00 | pickups=2.00 deliveries=1.00 delivered_agents=1.00/2
Step   51200 | stage_step=  51200 | Episodes:  4711
Step   61440 | stage_step=  61440 | Episodes:  5563
Eval @  61440 | stage_step=  61440 | sr=0.00% | reward=777.20 +/- 0.00 | pickups=2.00 deliveries=1.00 delivered_agents=1.00/2
Step   71680 | stage_step=  71680 | Episodes:  6344
[MultiQuadEnv] Steps 20001-40000 | pickups=4158 | deliveries=1553 | total_pickups=6601 | total_deliveries=1954
Step   81920 | stage_step=  81920 | Episodes:  7091
Eval @  81920 | stage_step=  81920 | sr=100.00% | reward=2297.20 +/- 0.00 | pickups=2.00 deliveries=2.00 delivered_agents=2.00/2
Early promotion from s1_short_t_fixed: 100.00% >= 90.00%
Restored best for s1_short_t_fixed: sr=100.00% | reward=2297.20

=== Stage 2/25: s2_wider_t_stem_fixed (fixed positions) ===
Stage: agents=2 obs=(36,) grid=(8, 9) starts=[(6, 4), (5, 4)] package=(3, 4) deliveries=[(2, 4), (1, 4)] lanes=12 rand_pkg=False rand_del=False dt=0.05 substeps=8 max_tilt=0.32
Step   90112 | stage_step=   8192 | Episodes:  7770
Step  100352 | stage_step=  18432 | Episodes:  8565
Eval @ 108544 | stage_step=  26624 | sr=100.00% | reward=2247.40 +/- 0.00 | pickups=2.00 deliveries=2.00 delivered_agents=2.00/2
Step  110592 | stage_step=  28672 | Episodes:  9365
Step  120832 | stage_step=  38912 | Episodes: 10158
[MultiQuadEnv] Steps 1-20000 | pickups=3863 | deliveries=2191 | total_pickups=3863 | total_deliveries=2191
Step  131072 | stage_step=  49152 | Episodes: 10939
Eval @ 133120 | stage_step=  51200 | sr=100.00% | reward=2247.40 +/- 0.00 | pickups=2.00 deliveries=2.00 delivered_agents=2.00/2
Step  141312 | stage_step=  59392 | Episodes: 11735
Step  151552 | stage_step=  69632 | Episodes: 12536
Eval @ 157696 | stage_step=  75776 | sr=100.00% | reward=2247.40 +/- 0.00 | pickups=2.00 deliveries=2.00 delivered_agents=2.00/2
Step  161792 | stage_step=  79872 | Episodes: 13317
[MultiQuadEnv] Steps 20001-40000 | pickups=4574 | deliveries=3376 | total_pickups=8437 | total_deliveries=5567
Step  172032 | stage_step=  90112 | Episodes: 14082
Step  180224 | stage_step=  98304 | Episodes: 14688
Eval @ 182272 | stage_step= 100352 | sr=100.00% | reward=2247.40 +/- 0.00 | pickups=2.00 deliveries=2.00 delivered_agents=2.00/2
Early promotion from s2_wider_t_stem_fixed: 100.00% >= 85.00%
Restored best for s2_wider_t_stem_fixed: sr=100.00% | reward=2247.40

=== Stage 3/25: s3_wider_t_near_branch_fixed (fixed positions) ===
Stage: agents=2 obs=(36,) grid=(8, 9) starts=[(6, 4), (5, 4)] package=(2, 4) deliveries=[(1, 3), (1, 5)] lanes=12 rand_pkg=False rand_del=False dt=0.05 substeps=8 max_tilt=0.32
Step  190464 | stage_step=   8192 | Episodes: 15415
Step  200704 | stage_step=  18432 | Episodes: 16104
Eval @ 208896 | stage_step=  26624 | sr=0.00% | reward=777.00 +/- 0.00 | pickups=2.00 deliveries=1.00 delivered_agents=1.00/2
Step  210944 | stage_step=  28672 | Episodes: 16757
Step  221184 | stage_step=  38912 | Episodes: 17373
[MultiQuadEnv] Steps 1-20000 | pickups=3622 | deliveries=822 | total_pickups=3622 | total_deliveries=822
Step  231424 | stage_step=  49152 | Episodes: 17998
Eval @ 233472 | stage_step=  51200 | sr=100.00% | reward=2296.60 +/- 0.00 | pickups=2.00 deliveries=2.00 delivered_agents=2.00/2
Step  241664 | stage_step=  59392 | Episodes: 18580
Step  251904 | stage_step=  69632 | Episodes: 19167
Eval @ 258048 | stage_step=  75776 | sr=100.00% | reward=2296.60 +/- 0.00 | pickups=2.00 deliveries=2.00 delivered_agents=2.00/2
Step  260096 | stage_step=  77824 | Episodes: 19636
[MultiQuadEnv] Steps 20001-40000 | pickups=3221 | deliveries=1623 | total_pickups=6843 | total_deliveries=2445
Step  270336 | stage_step=  88064 | Episodes: 20203
Step  280576 | stage_step=  98304 | Episodes: 20773
Eval @ 282624 | stage_step= 100352 | sr=100.00% | reward=2296.60 +/- 0.00 | pickups=2.00 deliveries=2.00 delivered_agents=2.00/2
Early promotion from s3_wider_t_near_branch_fixed: 100.00% >= 75.00%
Restored best for s3_wider_t_near_branch_fixed: sr=100.00% | reward=2296.60

=== Stage 4/25: s4_wider_t_branch_fixed (fixed positions) ===
Stage: agents=2 obs=(36,) grid=(8, 9) starts=[(6, 4), (5, 4)] package=(3, 4) deliveries=[(1, 1), (1, 7)] lanes=12 rand_pkg=False rand_del=False dt=0.05 substeps=8 max_tilt=0.32
Step  290816 | stage_step=   8192 | Episodes: 21456
Step  301056 | stage_step=  18432 | Episodes: 22090
Eval @ 309248 | stage_step=  26624 | sr=0.00% | reward=276.25 +/- 0.00 | pickups=2.00 deliveries=0.00 delivered_agents=0.00/2
Step  311296 | stage_step=  28672 | Episodes: 22676
Step  321536 | stage_step=  38912 | Episodes: 23237
[MultiQuadEnv] Steps 1-20000 | pickups=4311 | deliveries=150 | total_pickups=4311 | total_deliveries=150
Step  331776 | stage_step=  49152 | Episodes: 23774
Eval @ 333824 | stage_step=  51200 | sr=0.00% | reward=774.70 +/- 0.00 | pickups=2.00 deliveries=1.00 delivered_agents=1.00/2
Step  342016 | stage_step=  59392 | Episodes: 24287
Step  350208 | stage_step=  67584 | Episodes: 24669
Eval @ 358400 | stage_step=  75776 | sr=0.00% | reward=774.60 +/- 0.00 | pickups=2.00 deliveries=1.00 delivered_agents=1.00/2
Step  360448 | stage_step=  77824 | Episodes: 25124
[MultiQuadEnv] Steps 20001-40000 | pickups=3684 | deliveries=728 | total_pickups=7995 | total_deliveries=878
Step  370688 | stage_step=  88064 | Episodes: 25555
Step  380928 | stage_step=  98304 | Episodes: 25964
Eval @ 382976 | stage_step= 100352 | sr=0.00% | reward=774.50 +/- 0.00 | pickups=2.00 deliveries=1.00 delivered_agents=1.00/2
Step  391168 | stage_step= 108544 | Episodes: 26369
Step  401408 | stage_step= 118784 | Episodes: 26766
[MultiQuadEnv] Steps 40001-60000 | pickups=3138 | deliveries=1145 | total_pickups=11133 | total_deliveries=2023
Eval @ 409600 | stage_step= 126976 | sr=0.00% | reward=774.50 +/- 0.00 | pickups=2.00 deliveries=1.00 delivered_agents=1.00/2
Step  411648 | stage_step= 129024 | Episodes: 27171
Step  421888 | stage_step= 139264 | Episodes: 27574
Step  430080 | stage_step= 147456 | Episodes: 27891
Eval @ 434176 | stage_step= 151552 | sr=0.00% | reward=774.20 +/- 0.00 | pickups=2.00 deliveries=1.00 delivered_agents=1.00/2
Step  440320 | stage_step= 157696 | Episodes: 28296
[MultiQuadEnv] Steps 60001-80000 | pickups=3124 | deliveries=1337 | total_pickups=14257 | total_deliveries=3360
Step  450560 | stage_step= 167936 | Episodes: 28710
Eval @ 458752 | stage_step= 176128 | sr=100.00% | reward=2294.60 +/- 0.00 | pickups=2.00 deliveries=2.00 delivered_agents=2.00/2
Early promotion from s4_wider_t_branch_fixed: 100.00% >= 80.00%
Restored best for s4_wider_t_branch_fixed: sr=100.00% | reward=2294.60
Set actor_log_std=-0.35 for stage exploration

=== Stage 5/25: s5_tiny_pipe_line_fixed (fixed positions) ===
Stage: agents=2 obs=(36,) grid=(12, 12) starts=[(2, 3), (2, 4)] package=(2, 5) deliveries=[(2, 6), (2, 7)] lanes=47 rand_pkg=False rand_del=False dt=0.05 substeps=8 max_tilt=0.32
Step  460800 | stage_step=   2048 | Episodes: 29355
Step  471040 | stage_step=  12288 | Episodes: 30748
Step  481280 | stage_step=  22528 | Episodes: 31413
Eval @ 485376 | stage_step=  26624 | sr=0.00% | reward=71.00 +/- 0.00 | pickups=1.00 deliveries=0.00 delivered_agents=0.00/2
Step  491520 | stage_step=  32768 | Episodes: 31800
[MultiQuadEnv] Steps 1-20000 | pickups=1372 | deliveries=462 | total_pickups=1372 | total_deliveries=462
Step  501760 | stage_step=  43008 | Episodes: 32167
Eval @ 509952 | stage_step=  51200 | sr=100.00% | reward=2244.80 +/- 0.00 | pickups=2.00 deliveries=2.00 delivered_agents=2.00/2
Step  512000 | stage_step=  53248 | Episodes: 32519
Step  520192 | stage_step=  61440 | Episodes: 32835
Step  530432 | stage_step=  71680 | Episodes: 33258
Eval @ 534528 | stage_step=  75776 | sr=100.00% | reward=2246.20 +/- 0.00 | pickups=2.00 deliveries=2.00 delivered_agents=2.00/2
[MultiQuadEnv] Steps 20001-40000 | pickups=2324 | deliveries=1738 | total_pickups=3696 | total_deliveries=2200
Step  540672 | stage_step=  81920 | Episodes: 33684
Step  550912 | stage_step=  92160 | Episodes: 34163
Eval @ 559104 | stage_step= 100352 | sr=100.00% | reward=2246.40 +/- 0.00 | pickups=2.00 deliveries=2.00 delivered_agents=2.00/2
Early promotion from s5_tiny_pipe_line_fixed: 100.00% >= 80.00%
Restored best for s5_tiny_pipe_line_fixed: sr=100.00% | reward=2246.40
Set actor_log_std=-0.35 for stage exploration

=== Stage 6/25: s6_small_pipe_line_fixed (fixed positions) ===
Stage: agents=2 obs=(36,) grid=(18, 18) starts=[(2, 3), (2, 4)] package=(2, 6) deliveries=[(2, 8), (2, 9)] lanes=104 rand_pkg=False rand_del=False dt=0.05 substeps=8 max_tilt=0.32
Step  561152 | stage_step=   2048 | Episodes: 34627
Step  571392 | stage_step=  12288 | Episodes: 35019
Step  581632 | stage_step=  22528 | Episodes: 35404
Eval @ 585728 | stage_step=  26624 | sr=100.00% | reward=2246.20 +/- 0.00 | pickups=2.00 deliveries=2.00 delivered_agents=2.00/2
Step  591872 | stage_step=  32768 | Episodes: 35793
[MultiQuadEnv] Steps 1-20000 | pickups=2317 | deliveries=1681 | total_pickups=2317 | total_deliveries=1681
Step  600064 | stage_step=  40960 | Episodes: 36070
Step  610304 | stage_step=  51200 | Episodes: 36456
Eval @ 610304 | stage_step=  51200 | sr=100.00% | reward=2246.60 +/- 0.00 | pickups=2.00 deliveries=2.00 delivered_agents=2.00/2
Step  620544 | stage_step=  61440 | Episodes: 36882
Step  630784 | stage_step=  71680 | Episodes: 37298
Eval @ 634880 | stage_step=  75776 | sr=100.00% | reward=2246.60 +/- 0.00 | pickups=2.00 deliveries=2.00 delivered_agents=2.00/2
[MultiQuadEnv] Steps 20001-40000 | pickups=2658 | deliveries=2168 | total_pickups=4975 | total_deliveries=3849
Step  641024 | stage_step=  81920 | Episodes: 37719
Step  651264 | stage_step=  92160 | Episodes: 38137
Eval @ 659456 | stage_step= 100352 | sr=100.00% | reward=2246.60 +/- 0.00 | pickups=2.00 deliveries=2.00 delivered_agents=2.00/2
Early promotion from s6_small_pipe_line_fixed: 100.00% >= 80.00%
Restored best for s6_small_pipe_line_fixed: sr=100.00% | reward=2246.60
Set actor_log_std=-0.35 for stage exploration

=== Stage 7/25: s7_small_pipe_vertical_fixed (fixed positions) ===
Stage: agents=2 obs=(36,) grid=(18, 18) starts=[(2, 8), (3, 8)] package=(4, 8) deliveries=[(5, 8), (6, 8)] lanes=104 rand_pkg=False rand_del=False dt=0.05 substeps=8 max_tilt=0.32
Step  661504 | stage_step=   2048 | Episodes: 38577
Step  671744 | stage_step=  12288 | Episodes: 39063
Step  681984 | stage_step=  22528 | Episodes: 39413
Eval @ 686080 | stage_step=  26624 | sr=0.00% | reward=-29.20 +/- 0.00 | pickups=0.00 deliveries=0.00 delivered_agents=0.00/2
Step  690176 | stage_step=  30720 | Episodes: 39657
[MultiQuadEnv] Steps 1-20000 | pickups=61 | deliveries=4 | total_pickups=61 | total_deliveries=4
Step  700416 | stage_step=  40960 | Episodes: 39968
Step  710656 | stage_step=  51200 | Episodes: 40284
Eval @ 710656 | stage_step=  51200 | sr=0.00% | reward=124.40 +/- 0.00 | pickups=1.00 deliveries=0.00 delivered_agents=0.00/2
Step  720896 | stage_step=  61440 | Episodes: 40549
Step  731136 | stage_step=  71680 | Episodes: 40828
Eval @ 735232 | stage_step=  75776 | sr=0.00% | reward=524.80 +/- 0.00 | pickups=1.00 deliveries=1.00 delivered_agents=1.00/2
[MultiQuadEnv] Steps 20001-40000 | pickups=516 | deliveries=88 | total_pickups=577 | total_deliveries=92
Step  741376 | stage_step=  81920 | Episodes: 41098
Step  751616 | stage_step=  92160 | Episodes: 41398
Eval @ 759808 | stage_step= 100352 | sr=0.00% | reward=525.60 +/- 0.00 | pickups=1.00 deliveries=1.00 delivered_agents=1.00/2
Step  761856 | stage_step= 102400 | Episodes: 41657
Step  770048 | stage_step= 110592 | Episodes: 41864
[MultiQuadEnv] Steps 40001-60000 | pickups=724 | deliveries=184 | total_pickups=1301 | total_deliveries=276
Step  780288 | stage_step= 120832 | Episodes: 42118
Eval @ 786432 | stage_step= 126976 | sr=0.00% | reward=525.80 +/- 0.00 | pickups=1.00 deliveries=1.00 delivered_agents=1.00/2
Step  790528 | stage_step= 131072 | Episodes: 42364
Step  800768 | stage_step= 141312 | Episodes: 42574
Step  811008 | stage_step= 151552 | Episodes: 42785
Eval @ 811008 | stage_step= 151552 | sr=0.00% | reward=525.00 +/- 0.00 | pickups=1.00 deliveries=1.00 delivered_agents=1.00/2
[MultiQuadEnv] Steps 60001-80000 | pickups=696 | deliveries=264 | total_pickups=1997 | total_deliveries=540
Step  821248 | stage_step= 161792 | Episodes: 43044
Step  831488 | stage_step= 172032 | Episodes: 43288
Eval @ 835584 | stage_step= 176128 | sr=0.00% | reward=126.40 +/- 0.00 | pickups=1.00 deliveries=0.00 delivered_agents=0.00/2
Step  841728 | stage_step= 182272 | Episodes: 43561
Step  851968 | stage_step= 192512 | Episodes: 43787
[MultiQuadEnv] Steps 80001-100000 | pickups=818 | deliveries=337 | total_pickups=2815 | total_deliveries=877
Step  860160 | stage_step= 200704 | Episodes: 43971
Eval @ 860160 | stage_step= 200704 | sr=0.00% | reward=526.20 +/- 0.00 | pickups=1.00 deliveries=1.00 delivered_agents=1.00/2
Step  870400 | stage_step= 210944 | Episodes: 44242
Step  880640 | stage_step= 221184 | Episodes: 44551
Eval @ 884736 | stage_step= 225280 | sr=0.00% | reward=526.40 +/- 0.00 | pickups=1.00 deliveries=1.00 delivered_agents=1.00/2
Step  890880 | stage_step= 231424 | Episodes: 44826
[MultiQuadEnv] Steps 100001-120000 | pickups=951 | deliveries=399 | total_pickups=3766 | total_deliveries=1276
Step  901120 | stage_step= 241664 | Episodes: 45114
Step  911360 | stage_step= 251904 | Episodes: 45375
Eval @ 911360 | stage_step= 251904 | sr=0.00% | reward=526.40 +/- 0.00 | pickups=1.00 deliveries=1.00 delivered_agents=1.00/2
Step  921600 | stage_step= 262144 | Episodes: 45636
Step  931840 | stage_step= 272384 | Episodes: 45943
Eval @ 935936 | stage_step= 276480 | sr=0.00% | reward=526.40 +/- 0.00 | pickups=1.00 deliveries=1.00 delivered_agents=1.00/2
[MultiQuadEnv] Steps 120001-140000 | pickups=1033 | deliveries=476 | total_pickups=4799 | total_deliveries=1752
Step  940032 | stage_step= 280576 | Episodes: 46179
Step  950272 | stage_step= 290816 | Episodes: 46503
Step  960512 | stage_step= 301056 | Episodes: 46856
Eval @ 960512 | stage_step= 301056 | sr=0.00% | reward=526.60 +/- 0.00 | pickups=1.00 deliveries=1.00 delivered_agents=1.00/2
Step  970752 | stage_step= 311296 | Episodes: 47185
[MultiQuadEnv] Steps 140001-160000 | pickups=1291 | deliveries=653 | total_pickups=6090 | total_deliveries=2405
Step  980992 | stage_step= 321536 | Episodes: 47529
Eval @ 985088 | stage_step= 325632 | sr=100.00% | reward=2245.40 +/- 0.00 | pickups=2.00 deliveries=2.00 delivered_agents=2.00/2
Early promotion from s7_small_pipe_vertical_fixed: 100.00% >= 80.00%
Restored best for s7_small_pipe_vertical_fixed: sr=100.00% | reward=2245.40
Set actor_log_std=-0.35 for stage exploration

=== Stage 8/25: s8_small_pipe_turn_fixed (fixed positions) ===
Stage: agents=2 obs=(36,) grid=(18, 18) starts=[(2, 6), (2, 7)] package=(2, 8) deliveries=[(4, 8), (5, 8)] lanes=104 rand_pkg=False rand_del=False dt=0.05 substeps=8 max_tilt=0.32
Step  991232 | stage_step=   6144 | Episodes: 47895
Step 1001472 | stage_step=  16384 | Episodes: 48198
Step 1011712 | stage_step=  26624 | Episodes: 48451
Eval @1011712 | stage_step=  26624 | sr=0.00% | reward=506.40 +/- 0.00 | pickups=1.00 deliveries=1.00 delivered_agents=1.00/2
Step 1021952 | stage_step=  36864 | Episodes: 48640
[MultiQuadEnv] Steps 1-20000 | pickups=902 | deliveries=231 | total_pickups=902 | total_deliveries=231
Step 1030144 | stage_step=  45056 | Episodes: 48811
Eval @1036288 | stage_step=  51200 | sr=0.00% | reward=506.00 +/- 0.00 | pickups=1.00 deliveries=1.00 delivered_agents=1.00/2
Step 1040384 | stage_step=  55296 | Episodes: 49015
Step 1050624 | stage_step=  65536 | Episodes: 49199
Step 1060864 | stage_step=  75776 | Episodes: 49392
Eval @1060864 | stage_step=  75776 | sr=0.00% | reward=506.00 +/- 0.00 | pickups=1.00 deliveries=1.00 delivered_agents=1.00/2
[MultiQuadEnv] Steps 20001-40000 | pickups=948 | deliveries=482 | total_pickups=1850 | total_deliveries=713
Step 1071104 | stage_step=  86016 | Episodes: 49615
Step 1081344 | stage_step=  96256 | Episodes: 49824
Eval @1085440 | stage_step= 100352 | sr=100.00% | reward=2244.00 +/- 0.00 | pickups=2.00 deliveries=2.00 delivered_agents=2.00/2
Early promotion from s8_small_pipe_turn_fixed: 100.00% >= 75.00%
Restored best for s8_small_pipe_turn_fixed: sr=100.00% | reward=2244.00
Set actor_log_std=-0.35 for stage exploration

=== Stage 9/25: s9_small_pipe_fixed (fixed positions) ===
Stage: agents=2 obs=(36,) grid=(18, 18) starts=[(2, 3), (2, 4)] package=(4, 8) deliveries=[(8, 13), (9, 12)] lanes=104 rand_pkg=False rand_del=False dt=0.05 substeps=8 max_tilt=0.32
Step 1091584 | stage_step=   6144 | Episodes: 50021
Step 1101824 | stage_step=  16384 | Episodes: 50194
Step 1110016 | stage_step=  24576 | Episodes: 50363
Eval @1112064 | stage_step=  26624 | sr=0.00% | reward=-1641.35 +/- 0.00 | pickups=0.00 deliveries=0.00 delivered_agents=0.00/2
Step 1120256 | stage_step=  34816 | Episodes: 50627
[MultiQuadEnv] Steps 1-20000 | pickups=147 | deliveries=1 | total_pickups=147 | total_deliveries=1
Step 1130496 | stage_step=  45056 | Episodes: 50847
Eval @1136640 | stage_step=  51200 | sr=0.00% | reward=-33.15 +/- 0.00 | pickups=0.00 deliveries=0.00 delivered_agents=0.00/2
Step 1140736 | stage_step=  55296 | Episodes: 51099
Step 1150976 | stage_step=  65536 | Episodes: 51336
Step 1161216 | stage_step=  75776 | Episodes: 51572
Eval @1161216 | stage_step=  75776 | sr=0.00% | reward=-31.40 +/- 0.00 | pickups=0.00 deliveries=0.00 delivered_agents=0.00/2
[MultiQuadEnv] Steps 20001-40000 | pickups=390 | deliveries=2 | total_pickups=537 | total_deliveries=3
Step 1171456 | stage_step=  86016 | Episodes: 51779
Step 1181696 | stage_step=  96256 | Episodes: 51998
Eval @1185792 | stage_step= 100352 | sr=0.00% | reward=268.00 +/- 0.00 | pickups=2.00 deliveries=0.00 delivered_agents=0.00/2
Step 1191936 | stage_step= 106496 | Episodes: 52214
Step 1200128 | stage_step= 114688 | Episodes: 52358
[MultiQuadEnv] Steps 40001-60000 | pickups=576 | deliveries=7 | total_pickups=1113 | total_deliveries=10
Step 1210368 | stage_step= 124928 | Episodes: 52567
Eval @1212416 | stage_step= 126976 | sr=0.00% | reward=-1823.00 +/- 0.00 | pickups=1.00 deliveries=0.00 delivered_agents=0.00/2
Step 1220608 | stage_step= 135168 | Episodes: 52735
Step 1230848 | stage_step= 145408 | Episodes: 52918
Eval @1236992 | stage_step= 151552 | sr=0.00% | reward=265.95 +/- 0.00 | pickups=2.00 deliveries=0.00 delivered_agents=0.00/2
Step 1241088 | stage_step= 155648 | Episodes: 53095
[MultiQuadEnv] Steps 60001-80000 | pickups=579 | deliveries=44 | total_pickups=1692 | total_deliveries=54
Step 1251328 | stage_step= 165888 | Episodes: 53273
Step 1261568 | stage_step= 176128 | Episodes: 53451
Eval @1261568 | stage_step= 176128 | sr=0.00% | reward=118.00 +/- 0.00 | pickups=1.00 deliveries=0.00 delivered_agents=0.00/2
Step 1271808 | stage_step= 186368 | Episodes: 53630
Step 1280000 | stage_step= 194560 | Episodes: 53759
[MultiQuadEnv] Steps 80001-100000 | pickups=665 | deliveries=87 | total_pickups=2357 | total_deliveries=141
Eval @1286144 | stage_step= 200704 | sr=0.00% | reward=660.80 +/- 0.00 | pickups=2.00 deliveries=1.00 delivered_agents=1.00/2
Step 1290240 | stage_step= 204800 | Episodes: 53939
Step 1300480 | stage_step= 215040 | Episodes: 54112
Step 1310720 | stage_step= 225280 | Episodes: 54274
Eval @1310720 | stage_step= 225280 | sr=0.00% | reward=-295.90 +/- 0.00 | pickups=2.00 deliveries=1.00 delivered_agents=1.00/2
Step 1320960 | stage_step= 235520 | Episodes: 54430
[MultiQuadEnv] Steps 100001-120000 | pickups=649 | deliveries=99 | total_pickups=3006 | total_deliveries=240
Step 1331200 | stage_step= 245760 | Episodes: 54598
Eval @1337344 | stage_step= 251904 | sr=0.00% | reward=259.45 +/- 0.00 | pickups=2.00 deliveries=0.00 delivered_agents=0.00/2
Step 1341440 | stage_step= 256000 | Episodes: 54779
Step 1351680 | stage_step= 266240 | Episodes: 54951
Step 1361920 | stage_step= 276480 | Episodes: 55121
Eval @1361920 | stage_step= 276480 | sr=100.00% | reward=2217.50 +/- 0.00 | pickups=2.00 deliveries=2.00 delivered_agents=2.00/2
Early promotion from s9_small_pipe_fixed: 100.00% >= 75.00%
Restored best for s9_small_pipe_fixed: sr=100.00% | reward=2217.50

=== Stage 10/25: s10_pipe_4x4_fixed (fixed positions) ===
Stage: agents=2 obs=(36,) grid=(24, 24) starts=[(2, 3), (2, 4)] package=(14, 3) deliveries=[(18, 15), (19, 14)] lanes=205 rand_pkg=False rand_del=False dt=0.05 substeps=8 max_tilt=0.32
Step 1370112 | stage_step=   8192 | Episodes: 55810
Step 1380352 | stage_step=  18432 | Episodes: 56753
Step 1390592 | stage_step=  28672 | Episodes: 57853
Step 1400832 | stage_step=  38912 | Episodes: 59002
[MultiQuadEnv] Steps 1-20000 | pickups=0 | deliveries=0 | total_pickups=0 | total_deliveries=0
Eval @1402880 | stage_step=  40960 | sr=0.00% | reward=-22.00 +/- 0.00 | pickups=0.00 deliveries=0.00 delivered_agents=0.00/2
Step 1411072 | stage_step=  49152 | Episodes: 60177
Step 1421312 | stage_step=  59392 | Episodes: 61359
Step 1431552 | stage_step=  69632 | Episodes: 62561
Step 1441792 | stage_step=  79872 | Episodes: 63767
[MultiQuadEnv] Steps 20001-40000 | pickups=0 | deliveries=0 | total_pickups=0 | total_deliveries=0
Eval @1443840 | stage_step=  81920 | sr=0.00% | reward=-21.95 +/- 0.00 | pickups=0.00 deliveries=0.00 delivered_agents=0.00/2
Step 1452032 | stage_step=  90112 | Episodes: 64977
Step 1460224 | stage_step=  98304 | Episodes: 65959
Step 1470464 | stage_step= 108544 | Episodes: 67194
Step 1480704 | stage_step= 118784 | Episodes: 68429
[MultiQuadEnv] Steps 40001-60000 | pickups=0 | deliveries=0 | total_pickups=0 | total_deliveries=0
Eval @1482752 | stage_step= 120832 | sr=0.00% | reward=-21.95 +/- 0.00 | pickups=0.00 deliveries=0.00 delivered_agents=0.00/2
Step 1490944 | stage_step= 129024 | Episodes: 69667
Step 1501184 | stage_step= 139264 | Episodes: 70910
Step 1511424 | stage_step= 149504 | Episodes: 72154
Step 1521664 | stage_step= 159744 | Episodes: 73398
[MultiQuadEnv] Steps 60001-80000 | pickups=0 | deliveries=0 | total_pickups=0 | total_deliveries=0
Eval @1523712 | stage_step= 161792 | sr=0.00% | reward=-21.95 +/- 0.00 | pickups=0.00 deliveries=0.00 delivered_agents=0.00/2
Step 1531904 | stage_step= 169984 | Episodes: 74650
Step 1540096 | stage_step= 178176 | Episodes: 75650
Step 1550336 | stage_step= 188416 | Episodes: 76910
Step 1560576 | stage_step= 198656 | Episodes: 78171
[MultiQuadEnv] Steps 80001-100000 | pickups=0 | deliveries=0 | total_pickups=0 | total_deliveries=0
Eval @1562624 | stage_step= 200704 | sr=0.00% | reward=-21.95 +/- 0.00 | pickups=0.00 deliveries=0.00 delivered_agents=0.00/2
Step 1570816 | stage_step= 208896 | Episodes: 79427
Step 1581056 | stage_step= 219136 | Episodes: 80691
Step 1591296 | stage_step= 229376 | Episodes: 81956
Step 1601536 | stage_step= 239616 | Episodes: 83220
[MultiQuadEnv] Steps 100001-120000 | pickups=0 | deliveries=0 | total_pickups=0 | total_deliveries=0
Eval @1603584 | stage_step= 241664 | sr=0.00% | reward=-21.95 +/- 0.00 | pickups=0.00 deliveries=0.00 delivered_agents=0.00/2
Step 1611776 | stage_step= 249856 | Episodes: 84484
Step 1622016 | stage_step= 260096 | Episodes: 85750
Step 1630208 | stage_step= 268288 | Episodes: 86765
Step 1640448 | stage_step= 278528 | Episodes: 88035
[MultiQuadEnv] Steps 120001-140000 | pickups=0 | deliveries=0 | total_pickups=0 | total_deliveries=0
Eval @1642496 | stage_step= 280576 | sr=0.00% | reward=-21.95 +/- 0.00 | pickups=0.00 deliveries=0.00 delivered_agents=0.00/2
Step 1650688 | stage_step= 288768 | Episodes: 89305
Step 1660928 | stage_step= 299008 | Episodes: 90576
Step 1671168 | stage_step= 309248 | Episodes: 91848
Step 1681408 | stage_step= 319488 | Episodes: 93122
[MultiQuadEnv] Steps 140001-160000 | pickups=0 | deliveries=0 | total_pickups=0 | total_deliveries=0
Eval @1683456 | stage_step= 321536 | sr=0.00% | reward=-21.95 +/- 0.00 | pickups=0.00 deliveries=0.00 delivered_agents=0.00/2
Step 1691648 | stage_step= 329728 | Episodes: 94394
Step 1701888 | stage_step= 339968 | Episodes: 95669
Step 1710080 | stage_step= 348160 | Episodes: 96688
Step 1720320 | stage_step= 358400 | Episodes: 97963
[MultiQuadEnv] Steps 160001-180000 | pickups=0 | deliveries=0 | total_pickups=0 | total_deliveries=0
Eval @1722368 | stage_step= 360448 | sr=0.00% | reward=-21.95 +/- 0.00 | pickups=0.00 deliveries=0.00 delivered_agents=0.00/2
Step 1730560 | stage_step= 368640 | Episodes: 99237
Step 1740800 | stage_step= 378880 | Episodes: 100512
Step 1751040 | stage_step= 389120 | Episodes: 101787
Step 1761280 | stage_step= 399360 | Episodes: 103062
[MultiQuadEnv] Steps 180001-200000 | pickups=0 | deliveries=0 | total_pickups=0 | total_deliveries=0
Eval @1763328 | stage_step= 401408 | sr=0.00% | reward=-21.95 +/- 0.00 | pickups=0.00 deliveries=0.00 delivered_agents=0.00/2
Step 1771520 | stage_step= 409600 | Episodes: 104337
Step 1781760 | stage_step= 419840 | Episodes: 105612
Step 1792000 | stage_step= 430080 | Episodes: 106888
Step 1800192 | stage_step= 438272 | Episodes: 107908
[MultiQuadEnv] Steps 200001-220000 | pickups=0 | deliveries=0 | total_pickups=0 | total_deliveries=0
Eval @1802240 | stage_step= 440320 | sr=0.00% | reward=-21.95 +/- 0.00 | pickups=0.00 deliveries=0.00 delivered_agents=0.00/2
Step 1810432 | stage_step= 448512 | Episodes: 109182
Step 1820672 | stage_step= 458752 | Episodes: 110458
Step 1830912 | stage_step= 468992 | Episodes: 111735
Step 1841152 | stage_step= 479232 | Episodes: 113013
[MultiQuadEnv] Steps 220001-240000 | pickups=0 | deliveries=0 | total_pickups=0 | total_deliveries=0
Eval @1843200 | stage_step= 481280 | sr=0.00% | reward=-21.95 +/- 0.00 | pickups=0.00 deliveries=0.00 delivered_agents=0.00/2
Step 1851392 | stage_step= 489472 | Episodes: 114291
Step 1861632 | stage_step= 499712 | Episodes: 115567
Step 1871872 | stage_step= 509952 | Episodes: 116844
Step 1880064 | stage_step= 518144 | Episodes: 117865
[MultiQuadEnv] Steps 240001-260000 | pickups=0 | deliveries=0 | total_pickups=0 | total_deliveries=0
Eval @1882112 | stage_step= 520192 | sr=0.00% | reward=-21.95 +/- 0.00 | pickups=0.00 deliveries=0.00 delivered_agents=0.00/2
Step 1890304 | stage_step= 528384 | Episodes: 119142
Step 1900544 | stage_step= 538624 | Episodes: 120419
Step 1910784 | stage_step= 548864 | Episodes: 121696
Step 1921024 | stage_step= 559104 | Episodes: 122976
[MultiQuadEnv] Steps 260001-280000 | pickups=0 | deliveries=0 | total_pickups=0 | total_deliveries=0
Eval @1923072 | stage_step= 561152 | sr=0.00% | reward=-21.95 +/- 0.00 | pickups=0.00 deliveries=0.00 delivered_agents=0.00/2
Step 1931264 | stage_step= 569344 | Episodes: 124253
Step 1941504 | stage_step= 579584 | Episodes: 125529
Step 1951744 | stage_step= 589824 | Episodes: 126806
[MultiQuadEnv] Steps 280001-300000 | pickups=0 | deliveries=0 | total_pickups=0 | total_deliveries=0
Step 1961984 | stage_step= 600064 | Episodes: 128084
Eval @1961984 | stage_step= 600064 | sr=0.00% | reward=-21.95 +/- 0.00 | pickups=0.00 deliveries=0.00 delivered_agents=0.00/2
Step 1970176 | stage_step= 608256 | Episodes: 129106
Step 1980416 | stage_step= 618496 | Episodes: 130382
Step 1990656 | stage_step= 628736 | Episodes: 131659
Step 2000896 | stage_step= 638976 | Episodes: 132938
[MultiQuadEnv] Steps 300001-320000 | pickups=0 | deliveries=0 | total_pickups=0 | total_deliveries=0
Eval @2002944 | stage_step= 641024 | sr=0.00% | reward=-21.95 +/- 0.00 | pickups=0.00 deliveries=0.00 delivered_agents=0.00/2
Step 2011136 | stage_step= 649216 | Episodes: 134217
Step 2021376 | stage_step= 659456 | Episodes: 135496
Step 2031616 | stage_step= 669696 | Episodes: 136773
Step 2041856 | stage_step= 679936 | Episodes: 138052
[MultiQuadEnv] Steps 320001-340000 | pickups=0 | deliveries=0 | total_pickups=0 | total_deliveries=0
Eval @2043904 | stage_step= 681984 | sr=0.00% | reward=-21.95 +/- 0.00 | pickups=0.00 deliveries=0.00 delivered_agents=0.00/2
Step 2050048 | stage_step= 688128 | Episodes: 139074
Step 2060288 | stage_step= 698368 | Episodes: 140353
Step 2070528 | stage_step= 708608 | Episodes: 141632
Step 2080768 | stage_step= 718848 | Episodes: 142910
[MultiQuadEnv] Steps 340001-360000 | pickups=0 | deliveries=0 | total_pickups=0 | total_deliveries=0
Eval @2082816 | stage_step= 720896 | sr=0.00% | reward=-21.95 +/- 0.00 | pickups=0.00 deliveries=0.00 delivered_agents=0.00/2
Step 2091008 | stage_step= 729088 | Episodes: 144189
Step 2101248 | stage_step= 739328 | Episodes: 145467
Step 2111488 | stage_step= 749568 | Episodes: 146747
Step 2121728 | stage_step= 759808 | Episodes: 148026
[MultiQuadEnv] Steps 360001-380000 | pickups=0 | deliveries=0 | total_pickups=0 | total_deliveries=0
Eval @2123776 | stage_step= 761856 | sr=0.00% | reward=-21.95 +/- 0.00 | pickups=0.00 deliveries=0.00 delivered_agents=0.00/2
Step 2131968 | stage_step= 770048 | Episodes: 149305
Step 2140160 | stage_step= 778240 | Episodes: 150328
Step 2150400 | stage_step= 788480 | Episodes: 151605
Step 2160640 | stage_step= 798720 | Episodes: 152885
[MultiQuadEnv] Steps 380001-400000 | pickups=0 | deliveries=0 | total_pickups=0 | total_deliveries=0
Eval @2162688 | stage_step= 800768 | sr=0.00% | reward=-21.95 +/- 0.00 | pickups=0.00 deliveries=0.00 delivered_agents=0.00/2
Step 2170880 | stage_step= 808960 | Episodes: 154165
Step 2181120 | stage_step= 819200 | Episodes: 155445
Step 2191360 | stage_step= 829440 | Episodes: 156724
Step 2201600 | stage_step= 839680 | Episodes: 158003
[MultiQuadEnv] Steps 400001-420000 | pickups=0 | deliveries=0 | total_pickups=0 | total_deliveries=0
Eval @2203648 | stage_step= 841728 | sr=0.00% | reward=-21.95 +/- 0.00 | pickups=0.00 deliveries=0.00 delivered_agents=0.00/2
Step 2211840 | stage_step= 849920 | Episodes: 159283
Eval @2213888 | stage_step= 851968 | sr=0.00% | reward=-21.95 +/- 0.00 | pickups=0.00 deliveries=0.00 delivered_agents=0.00/2
Full budget used for s10_pipe_4x4_fixed. Best stage success=0.00%.
No successful checkpoint found for s10_pipe_4x4_fixed; restored pre-stage model.
Final eval | success_rate=100.00% | mean_reward=2217.50 +/- 0.00 | pickups=2.00 deliveries=2.00 | delivered_agents=2.00/2 

### SLOW FIXED SWEEP 12/20: quad_physics_mappo_fixed_v12_slow_sweep_stable_seed41 ###

Using device: cpu
Initial Quad MAPPO: agents=2 obs=(36,) grid=(6, 5) starts=[(4, 2), (3, 2)] package=(2, 2) deliveries=[(1, 1), (1, 3)] lanes=6 rand_pkg=False rand_del=False dt=0.05 substeps=8 max_tilt=0.32

=== Stage 1/25: s1_short_t_fixed (fixed positions) ===
Stage: agents=2 obs=(36,) grid=(6, 5) starts=[(4, 2), (3, 2)] package=(2, 2) deliveries=[(1, 1), (1, 3)] lanes=6 rand_pkg=False rand_del=False dt=0.05 substeps=8 max_tilt=0.32
Step   10240 | stage_step=  10240 | Episodes:  1037
Step   20480 | stage_step=  20480 | Episodes:  2061
Eval @  20480 | stage_step=  20480 | sr=0.00% | reward=726.40 +/- 0.00 | pickups=2.00 deliveries=1.00 delivered_agents=1.00/2
Step   30720 | stage_step=  30720 | Episodes:  3114
[MultiQuadEnv] Steps 1-20000 | pickups=2781 | deliveries=361 | total_pickups=2781 | total_deliveries=361
Step   40960 | stage_step=  40960 | Episodes:  4170
Eval @  40960 | stage_step=  40960 | sr=0.00% | reward=777.40 +/- 0.00 | pickups=2.00 deliveries=1.00 delivered_agents=1.00/2
Step   51200 | stage_step=  51200 | Episodes:  5238
Step   61440 | stage_step=  61440 | Episodes:  6306
Eval @  61440 | stage_step=  61440 | sr=0.00% | reward=278.00 +/- 0.00 | pickups=2.00 deliveries=0.00 delivered_agents=0.00/2
Step   71680 | stage_step=  71680 | Episodes:  7372
[MultiQuadEnv] Steps 20001-40000 | pickups=4616 | deliveries=1073 | total_pickups=7397 | total_deliveries=1434
Step   81920 | stage_step=  81920 | Episodes:  8443
Eval @  81920 | stage_step=  81920 | sr=0.00% | reward=778.00 +/- 0.00 | pickups=2.00 deliveries=1.00 delivered_agents=1.00/2
Step   90112 | stage_step=  90112 | Episodes:  9307
Step  100352 | stage_step= 100352 | Episodes: 10390
Eval @ 100352 | stage_step= 100352 | sr=0.00% | reward=778.00 +/- 0.00 | pickups=2.00 deliveries=1.00 delivered_agents=1.00/2
Step  110592 | stage_step= 110592 | Episodes: 11475
[MultiQuadEnv] Steps 40001-60000 | pickups=5267 | deliveries=1367 | total_pickups=12664 | total_deliveries=2801
Step  120832 | stage_step= 120832 | Episodes: 12521
Eval @ 120832 | stage_step= 120832 | sr=0.00% | reward=778.00 +/- 0.00 | pickups=2.00 deliveries=1.00 delivered_agents=1.00/2
Step  131072 | stage_step= 131072 | Episodes: 13544
Step  141312 | stage_step= 141312 | Episodes: 14582
Eval @ 141312 | stage_step= 141312 | sr=0.00% | reward=778.00 +/- 0.00 | pickups=2.00 deliveries=1.00 delivered_agents=1.00/2
Step  151552 | stage_step= 151552 | Episodes: 15571
[MultiQuadEnv] Steps 60001-80000 | pickups=5399 | deliveries=1781 | total_pickups=18063 | total_deliveries=4582
Step  161792 | stage_step= 161792 | Episodes: 16542
Eval @ 161792 | stage_step= 161792 | sr=0.00% | reward=778.00 +/- 0.00 | pickups=2.00 deliveries=1.00 delivered_agents=1.00/2
Step  172032 | stage_step= 172032 | Episodes: 17521
Step  180224 | stage_step= 180224 | Episodes: 18307
Eval @ 180224 | stage_step= 180224 | sr=100.00% | reward=2298.00 +/- 0.00 | pickups=2.00 deliveries=2.00 delivered_agents=2.00/2
Early promotion from s1_short_t_fixed: 100.00% >= 90.00%
Restored best for s1_short_t_fixed: sr=100.00% | reward=2298.00

=== Stage 2/25: s2_wider_t_stem_fixed (fixed positions) ===
Stage: agents=2 obs=(36,) grid=(8, 9) starts=[(6, 4), (5, 4)] package=(3, 4) deliveries=[(2, 4), (1, 4)] lanes=12 rand_pkg=False rand_del=False dt=0.05 substeps=8 max_tilt=0.32
Step  190464 | stage_step=  10240 | Episodes: 19260
Step  200704 | stage_step=  20480 | Episodes: 20097
Eval @ 206848 | stage_step=  26624 | sr=100.00% | reward=2247.60 +/- 0.00 | pickups=2.00 deliveries=2.00 delivered_agents=2.00/2
Step  210944 | stage_step=  30720 | Episodes: 20920
[MultiQuadEnv] Steps 1-20000 | pickups=4315 | deliveries=2430 | total_pickups=4315 | total_deliveries=2430
Step  221184 | stage_step=  40960 | Episodes: 21736
Step  231424 | stage_step=  51200 | Episodes: 22528
Eval @ 231424 | stage_step=  51200 | sr=100.00% | reward=2247.60 +/- 0.00 | pickups=2.00 deliveries=2.00 delivered_agents=2.00/2
Step  241664 | stage_step=  61440 | Episodes: 23323
Step  251904 | stage_step=  71680 | Episodes: 24096
Eval @ 256000 | stage_step=  75776 | sr=100.00% | reward=2247.60 +/- 0.00 | pickups=2.00 deliveries=2.00 delivered_agents=2.00/2
Step  260096 | stage_step=  79872 | Episodes: 24716
[MultiQuadEnv] Steps 20001-40000 | pickups=4947 | deliveries=3753 | total_pickups=9262 | total_deliveries=6183
Step  270336 | stage_step=  90112 | Episodes: 25492
Step  280576 | stage_step= 100352 | Episodes: 26263
Eval @ 280576 | stage_step= 100352 | sr=100.00% | reward=2247.60 +/- 0.00 | pickups=2.00 deliveries=2.00 delivered_agents=2.00/2
Early promotion from s2_wider_t_stem_fixed: 100.00% >= 85.00%
Restored best for s2_wider_t_stem_fixed: sr=100.00% | reward=2247.60

=== Stage 3/25: s3_wider_t_near_branch_fixed (fixed positions) ===
Stage: agents=2 obs=(36,) grid=(8, 9) starts=[(6, 4), (5, 4)] package=(2, 4) deliveries=[(1, 3), (1, 5)] lanes=12 rand_pkg=False rand_del=False dt=0.05 substeps=8 max_tilt=0.32
Step  290816 | stage_step=  10240 | Episodes: 27030
Step  301056 | stage_step=  20480 | Episodes: 27778
Eval @ 307200 | stage_step=  26624 | sr=0.00% | reward=261.20 +/- 0.00 | pickups=2.00 deliveries=0.00 delivered_agents=0.00/2
Step  311296 | stage_step=  30720 | Episodes: 28505
[MultiQuadEnv] Steps 1-20000 | pickups=3757 | deliveries=495 | total_pickups=3757 | total_deliveries=495
Step  321536 | stage_step=  40960 | Episodes: 29226
Step  331776 | stage_step=  51200 | Episodes: 29932
Eval @ 331776 | stage_step=  51200 | sr=0.00% | reward=261.20 +/- 0.00 | pickups=2.00 deliveries=0.00 delivered_agents=0.00/2
Step  342016 | stage_step=  61440 | Episodes: 30626
Step  350208 | stage_step=  69632 | Episodes: 31164
Eval @ 356352 | stage_step=  75776 | sr=0.00% | reward=261.20 +/- 0.00 | pickups=2.00 deliveries=0.00 delivered_agents=0.00/2
Step  360448 | stage_step=  79872 | Episodes: 31840
[MultiQuadEnv] Steps 20001-40000 | pickups=3808 | deliveries=706 | total_pickups=7565 | total_deliveries=1201
Step  370688 | stage_step=  90112 | Episodes: 32484
Step  380928 | stage_step= 100352 | Episodes: 33080
Eval @ 380928 | stage_step= 100352 | sr=0.00% | reward=261.20 +/- 0.00 | pickups=2.00 deliveries=0.00 delivered_agents=0.00/2
Step  391168 | stage_step= 110592 | Episodes: 33652
[MultiQuadEnv] Steps 40001-60000 | pickups=3495 | deliveries=928 | total_pickups=11060 | total_deliveries=2129
Step  401408 | stage_step= 120832 | Episodes: 34218
Eval @ 407552 | stage_step= 126976 | sr=0.00% | reward=-2604.00 +/- 0.00 | pickups=2.00 deliveries=0.00 delivered_agents=0.00/2
Step  411648 | stage_step= 131072 | Episodes: 34787
Step  421888 | stage_step= 141312 | Episodes: 35335
Step  430080 | stage_step= 149504 | Episodes: 35790
Eval @ 432128 | stage_step= 151552 | sr=0.00% | reward=777.00 +/- 0.00 | pickups=2.00 deliveries=1.00 delivered_agents=1.00/2
Step  440320 | stage_step= 159744 | Episodes: 36331
[MultiQuadEnv] Steps 60001-80000 | pickups=3209 | deliveries=1109 | total_pickups=14269 | total_deliveries=3238
Step  450560 | stage_step= 169984 | Episodes: 36865
Eval @ 456704 | stage_step= 176128 | sr=0.00% | reward=759.60 +/- 0.00 | pickups=2.00 deliveries=1.00 delivered_agents=1.00/2
Step  460800 | stage_step= 180224 | Episodes: 37387
Step  471040 | stage_step= 190464 | Episodes: 37921
[MultiQuadEnv] Steps 80001-100000 | pickups=3252 | deliveries=1434 | total_pickups=17521 | total_deliveries=4672
Step  481280 | stage_step= 200704 | Episodes: 38454
Eval @ 481280 | stage_step= 200704 | sr=0.00% | reward=759.40 +/- 0.00 | pickups=2.00 deliveries=1.00 delivered_agents=1.00/2
Step  491520 | stage_step= 210944 | Episodes: 38990
Step  501760 | stage_step= 221184 | Episodes: 39526
Eval @ 505856 | stage_step= 225280 | sr=100.00% | reward=2279.20 +/- 0.00 | pickups=2.00 deliveries=2.00 delivered_agents=2.00/2
Early promotion from s3_wider_t_near_branch_fixed: 100.00% >= 75.00%
Restored best for s3_wider_t_near_branch_fixed: sr=100.00% | reward=2279.20

=== Stage 4/25: s4_wider_t_branch_fixed (fixed positions) ===
Stage: agents=2 obs=(36,) grid=(8, 9) starts=[(6, 4), (5, 4)] package=(3, 4) deliveries=[(1, 1), (1, 7)] lanes=12 rand_pkg=False rand_del=False dt=0.05 substeps=8 max_tilt=0.32
Step  512000 | stage_step=   6144 | Episodes: 40188
Step  520192 | stage_step=  14336 | Episodes: 40774
Step  530432 | stage_step=  24576 | Episodes: 41469
Eval @ 532480 | stage_step=  26624 | sr=0.00% | reward=276.30 +/- 0.00 | pickups=2.00 deliveries=0.00 delivered_agents=0.00/2
Step  540672 | stage_step=  34816 | Episodes: 42161
[MultiQuadEnv] Steps 1-20000 | pickups=4763 | deliveries=6 | total_pickups=4763 | total_deliveries=6
Step  550912 | stage_step=  45056 | Episodes: 42876
Eval @ 557056 | stage_step=  51200 | sr=0.00% | reward=276.85 +/- 0.00 | pickups=2.00 deliveries=0.00 delivered_agents=0.00/2
Step  561152 | stage_step=  55296 | Episodes: 43588
Step  571392 | stage_step=  65536 | Episodes: 44296
Step  581632 | stage_step=  75776 | Episodes: 45029
Eval @ 581632 | stage_step=  75776 | sr=0.00% | reward=276.85 +/- 0.00 | pickups=2.00 deliveries=0.00 delivered_agents=0.00/2
[MultiQuadEnv] Steps 20001-40000 | pickups=5480 | deliveries=0 | total_pickups=10243 | total_deliveries=6
Step  591872 | stage_step=  86016 | Episodes: 45770
Step  600064 | stage_step=  94208 | Episodes: 46370
Eval @ 606208 | stage_step= 100352 | sr=0.00% | reward=277.25 +/- 0.00 | pickups=2.00 deliveries=0.00 delivered_agents=0.00/2
Step  610304 | stage_step= 104448 | Episodes: 47109
Step  620544 | stage_step= 114688 | Episodes: 47848
[MultiQuadEnv] Steps 40001-60000 | pickups=5734 | deliveries=1 | total_pickups=15977 | total_deliveries=7
Step  630784 | stage_step= 124928 | Episodes: 48592
Eval @ 632832 | stage_step= 126976 | sr=0.00% | reward=277.25 +/- 0.00 | pickups=2.00 deliveries=0.00 delivered_agents=0.00/2
Step  641024 | stage_step= 135168 | Episodes: 49343
Step  651264 | stage_step= 145408 | Episodes: 50098
Eval @ 657408 | stage_step= 151552 | sr=0.00% | reward=277.25 +/- 0.00 | pickups=2.00 deliveries=0.00 delivered_agents=0.00/2
Step  661504 | stage_step= 155648 | Episodes: 50842
[MultiQuadEnv] Steps 60001-80000 | pickups=5782 | deliveries=1 | total_pickups=21759 | total_deliveries=8
Step  671744 | stage_step= 165888 | Episodes: 51557
Step  681984 | stage_step= 176128 | Episodes: 52262
Eval @ 681984 | stage_step= 176128 | sr=0.00% | reward=276.30 +/- 0.00 | pickups=2.00 deliveries=0.00 delivered_agents=0.00/2
Step  690176 | stage_step= 184320 | Episodes: 52845
Step  700416 | stage_step= 194560 | Episodes: 53582
[MultiQuadEnv] Steps 80001-100000 | pickups=5642 | deliveries=4 | total_pickups=27401 | total_deliveries=12
Eval @ 706560 | stage_step= 200704 | sr=0.00% | reward=277.25 +/- 0.00 | pickups=2.00 deliveries=0.00 delivered_agents=0.00/2
Step  710656 | stage_step= 204800 | Episodes: 54340
Step  720896 | stage_step= 215040 | Episodes: 55093
Step  731136 | stage_step= 225280 | Episodes: 55845
Eval @ 731136 | stage_step= 225280 | sr=0.00% | reward=277.25 +/- 0.00 | pickups=2.00 deliveries=0.00 delivered_agents=0.00/2
Step  741376 | stage_step= 235520 | Episodes: 56634
[MultiQuadEnv] Steps 100001-120000 | pickups=5953 | deliveries=2 | total_pickups=33354 | total_deliveries=14
Step  751616 | stage_step= 245760 | Episodes: 57426
Eval @ 757760 | stage_step= 251904 | sr=0.00% | reward=277.25 +/- 0.00 | pickups=2.00 deliveries=0.00 delivered_agents=0.00/2
Step  761856 | stage_step= 256000 | Episodes: 58223
Step  770048 | stage_step= 264192 | Episodes: 58867
Step  780288 | stage_step= 274432 | Episodes: 59635
Eval @ 782336 | stage_step= 276480 | sr=0.00% | reward=277.25 +/- 0.00 | pickups=2.00 deliveries=0.00 delivered_agents=0.00/2
[MultiQuadEnv] Steps 120001-140000 | pickups=6125 | deliveries=0 | total_pickups=39479 | total_deliveries=14
Step  790528 | stage_step= 284672 | Episodes: 60402
Step  800768 | stage_step= 294912 | Episodes: 61161
Eval @ 806912 | stage_step= 301056 | sr=0.00% | reward=277.25 +/- 0.00 | pickups=2.00 deliveries=0.00 delivered_agents=0.00/2
Step  811008 | stage_step= 305152 | Episodes: 61938
Step  821248 | stage_step= 315392 | Episodes: 62735
[MultiQuadEnv] Steps 140001-160000 | pickups=6051 | deliveries=0 | total_pickups=45530 | total_deliveries=14
Step  831488 | stage_step= 325632 | Episodes: 63501
Eval @ 831488 | stage_step= 325632 | sr=0.00% | reward=277.25 +/- 0.00 | pickups=2.00 deliveries=0.00 delivered_agents=0.00/2
Step  841728 | stage_step= 335872 | Episodes: 64261
Step  851968 | stage_step= 346112 | Episodes: 65037
Eval @ 856064 | stage_step= 350208 | sr=0.00% | reward=277.25 +/- 0.00 | pickups=2.00 deliveries=0.00 delivered_agents=0.00/2
Step  860160 | stage_step= 354304 | Episodes: 65666
[MultiQuadEnv] Steps 160001-180000 | pickups=6012 | deliveries=2 | total_pickups=51542 | total_deliveries=16
Step  870400 | stage_step= 364544 | Episodes: 66429
Step  880640 | stage_step= 374784 | Episodes: 67216
Eval @ 882688 | stage_step= 376832 | sr=0.00% | reward=277.25 +/- 0.00 | pickups=2.00 deliveries=0.00 delivered_agents=0.00/2
Step  890880 | stage_step= 385024 | Episodes: 68004
Step  901120 | stage_step= 395264 | Episodes: 68793
[MultiQuadEnv] Steps 180001-200000 | pickups=6123 | deliveries=1 | total_pickups=57665 | total_deliveries=17
Eval @ 907264 | stage_step= 401408 | sr=0.00% | reward=277.25 +/- 0.00 | pickups=2.00 deliveries=0.00 delivered_agents=0.00/2
Step  911360 | stage_step= 405504 | Episodes: 69583
Step  921600 | stage_step= 415744 | Episodes: 70366
Step  931840 | stage_step= 425984 | Episodes: 71149
Eval @ 931840 | stage_step= 425984 | sr=0.00% | reward=277.25 +/- 0.00 | pickups=2.00 deliveries=0.00 delivered_agents=0.00/2
Step  940032 | stage_step= 434176 | Episodes: 71786
[MultiQuadEnv] Steps 200001-220000 | pickups=6137 | deliveries=0 | total_pickups=63802 | total_deliveries=17
Step  950272 | stage_step= 444416 | Episodes: 72575
Eval @ 956416 | stage_step= 450560 | sr=0.00% | reward=277.25 +/- 0.00 | pickups=2.00 deliveries=0.00 delivered_agents=0.00/2
Step  960512 | stage_step= 454656 | Episodes: 73374
Step  970752 | stage_step= 464896 | Episodes: 74175
Step  980992 | stage_step= 475136 | Episodes: 74978
Eval @ 980992 | stage_step= 475136 | sr=0.00% | reward=277.25 +/- 0.00 | pickups=2.00 deliveries=0.00 delivered_agents=0.00/2
[MultiQuadEnv] Steps 220001-240000 | pickups=6244 | deliveries=0 | total_pickups=70046 | total_deliveries=17
Step  991232 | stage_step= 485376 | Episodes: 75779
Step 1001472 | stage_step= 495616 | Episodes: 76598
Eval @1007616 | stage_step= 501760 | sr=0.00% | reward=277.25 +/- 0.00 | pickups=2.00 deliveries=0.00 delivered_agents=0.00/2
Step 1011712 | stage_step= 505856 | Episodes: 77417
Step 1021952 | stage_step= 516096 | Episodes: 78248
[MultiQuadEnv] Steps 240001-260000 | pickups=6412 | deliveries=0 | total_pickups=76458 | total_deliveries=17
Step 1030144 | stage_step= 524288 | Episodes: 78909
Eval @1032192 | stage_step= 526336 | sr=0.00% | reward=277.25 +/- 0.00 | pickups=2.00 deliveries=0.00 delivered_agents=0.00/2
Step 1040384 | stage_step= 534528 | Episodes: 79739
Step 1050624 | stage_step= 544768 | Episodes: 80568
Eval @1056768 | stage_step= 550912 | sr=0.00% | reward=277.25 +/- 0.00 | pickups=2.00 deliveries=0.00 delivered_agents=0.00/2
Step 1060864 | stage_step= 555008 | Episodes: 81399
[MultiQuadEnv] Steps 260001-280000 | pickups=6478 | deliveries=0 | total_pickups=82936 | total_deliveries=17
Step 1071104 | stage_step= 565248 | Episodes: 82224
Step 1081344 | stage_step= 575488 | Episodes: 83042
Eval @1081344 | stage_step= 575488 | sr=0.00% | reward=277.25 +/- 0.00 | pickups=2.00 deliveries=0.00 delivered_agents=0.00/2
Step 1091584 | stage_step= 585728 | Episodes: 83862
Step 1101824 | stage_step= 595968 | Episodes: 84694
[MultiQuadEnv] Steps 280001-300000 | pickups=6429 | deliveries=0 | total_pickups=89365 | total_deliveries=17
Eval @1105920 | stage_step= 600064 | sr=0.00% | reward=277.25 +/- 0.00 | pickups=2.00 deliveries=0.00 delivered_agents=0.00/2
Step 1110016 | stage_step= 604160 | Episodes: 85359
Step 1120256 | stage_step= 614400 | Episodes: 86182
Step 1130496 | stage_step= 624640 | Episodes: 87013
Eval @1132544 | stage_step= 626688 | sr=0.00% | reward=277.25 +/- 0.00 | pickups=2.00 deliveries=0.00 delivered_agents=0.00/2
Step 1140736 | stage_step= 634880 | Episodes: 87835
[MultiQuadEnv] Steps 300001-320000 | pickups=6421 | deliveries=0 | total_pickups=95786 | total_deliveries=17
Step 1150976 | stage_step= 645120 | Episodes: 88651
Eval @1157120 | stage_step= 651264 | sr=0.00% | reward=277.25 +/- 0.00 | pickups=2.00 deliveries=0.00 delivered_agents=0.00/2
Step 1161216 | stage_step= 655360 | Episodes: 89467
Step 1171456 | stage_step= 665600 | Episodes: 90273
Step 1181696 | stage_step= 675840 | Episodes: 91067
Eval @1181696 | stage_step= 675840 | sr=0.00% | reward=277.25 +/- 0.00 | pickups=2.00 deliveries=0.00 delivered_agents=0.00/2
[MultiQuadEnv] Steps 320001-340000 | pickups=6282 | deliveries=0 | total_pickups=102068 | total_deliveries=17
Step 1191936 | stage_step= 686080 | Episodes: 91857
Step 1200128 | stage_step= 694272 | Episodes: 92501
Eval @1206272 | stage_step= 700416 | sr=0.00% | reward=277.25 +/- 0.00 | pickups=2.00 deliveries=0.00 delivered_agents=0.00/2
Step 1210368 | stage_step= 704512 | Episodes: 93308
Step 1220608 | stage_step= 714752 | Episodes: 94113
[MultiQuadEnv] Steps 340001-360000 | pickups=6279 | deliveries=0 | total_pickups=108347 | total_deliveries=17
Step 1230848 | stage_step= 724992 | Episodes: 94917
Eval @1232896 | stage_step= 727040 | sr=0.00% | reward=277.25 +/- 0.00 | pickups=2.00 deliveries=0.00 delivered_agents=0.00/2
Step 1241088 | stage_step= 735232 | Episodes: 95745
Step 1251328 | stage_step= 745472 | Episodes: 96586
Eval @1257472 | stage_step= 751616 | sr=0.00% | reward=277.25 +/- 0.00 | pickups=2.00 deliveries=0.00 delivered_agents=0.00/2
Step 1261568 | stage_step= 755712 | Episodes: 97426
[MultiQuadEnv] Steps 360001-380000 | pickups=6518 | deliveries=0 | total_pickups=114865 | total_deliveries=17
Step 1271808 | stage_step= 765952 | Episodes: 98268
Step 1280000 | stage_step= 774144 | Episodes: 98942
Eval @1282048 | stage_step= 776192 | sr=0.00% | reward=277.25 +/- 0.00 | pickups=2.00 deliveries=0.00 delivered_agents=0.00/2
Step 1290240 | stage_step= 784384 | Episodes: 99790
Step 1300480 | stage_step= 794624 | Episodes: 100637
[MultiQuadEnv] Steps 380001-400000 | pickups=6607 | deliveries=0 | total_pickups=121472 | total_deliveries=17
Eval @1306624 | stage_step= 800768 | sr=0.00% | reward=277.25 +/- 0.00 | pickups=2.00 deliveries=0.00 delivered_agents=0.00/2
Step 1310720 | stage_step= 804864 | Episodes: 101484
Step 1320960 | stage_step= 815104 | Episodes: 102332
Step 1331200 | stage_step= 825344 | Episodes: 103182
Eval @1331200 | stage_step= 825344 | sr=0.00% | reward=277.25 +/- 0.00 | pickups=2.00 deliveries=0.00 delivered_agents=0.00/2
Step 1341440 | stage_step= 835584 | Episodes: 104032
[MultiQuadEnv] Steps 400001-420000 | pickups=6631 | deliveries=0 | total_pickups=128103 | total_deliveries=17
Step 1351680 | stage_step= 845824 | Episodes: 104883
Eval @1357824 | stage_step= 851968 | sr=0.00% | reward=277.25 +/- 0.00 | pickups=2.00 deliveries=0.00 delivered_agents=0.00/2
Step 1361920 | stage_step= 856064 | Episodes: 105733
Step 1370112 | stage_step= 864256 | Episodes: 106411
Step 1380352 | stage_step= 874496 | Episodes: 107262
Eval @1382400 | stage_step= 876544 | sr=0.00% | reward=277.25 +/- 0.00 | pickups=2.00 deliveries=0.00 delivered_agents=0.00/2
[MultiQuadEnv] Steps 420001-440000 | pickups=6640 | deliveries=0 | total_pickups=134743 | total_deliveries=17
Step 1390592 | stage_step= 884736 | Episodes: 108112
Step 1400832 | stage_step= 894976 | Episodes: 108962
Eval @1406976 | stage_step= 901120 | sr=0.00% | reward=277.25 +/- 0.00 | pickups=2.00 deliveries=0.00 delivered_agents=0.00/2
Step 1411072 | stage_step= 905216 | Episodes: 109812
Step 1421312 | stage_step= 915456 | Episodes: 110662
[MultiQuadEnv] Steps 440001-460000 | pickups=6643 | deliveries=0 | total_pickups=141386 | total_deliveries=17
Step 1431552 | stage_step= 925696 | Episodes: 111512
Eval @1431552 | stage_step= 925696 | sr=0.00% | reward=277.25 +/- 0.00 | pickups=2.00 deliveries=0.00 delivered_agents=0.00/2
Step 1441792 | stage_step= 935936 | Episodes: 112362
Step 1452032 | stage_step= 946176 | Episodes: 113212
Eval @1456128 | stage_step= 950272 | sr=0.00% | reward=277.25 +/- 0.00 | pickups=2.00 deliveries=0.00 delivered_agents=0.00/2
Step 1460224 | stage_step= 954368 | Episodes: 113892
[MultiQuadEnv] Steps 460001-480000 | pickups=6645 | deliveries=0 | total_pickups=148031 | total_deliveries=17
Step 1470464 | stage_step= 964608 | Episodes: 114742
Step 1480704 | stage_step= 974848 | Episodes: 115592
Eval @1482752 | stage_step= 976896 | sr=0.00% | reward=277.25 +/- 0.00 | pickups=2.00 deliveries=0.00 delivered_agents=0.00/2
Step 1490944 | stage_step= 985088 | Episodes: 116441
Step 1501184 | stage_step= 995328 | Episodes: 117290
[MultiQuadEnv] Steps 480001-500000 | pickups=6642 | deliveries=0 | total_pickups=154673 | total_deliveries=17
Eval @1507328 | stage_step=1001472 | sr=0.00% | reward=277.25 +/- 0.00 | pickups=2.00 deliveries=0.00 delivered_agents=0.00/2
Full budget used for s4_wider_t_branch_fixed. Best stage success=0.00%.
No successful checkpoint found for s4_wider_t_branch_fixed; restored pre-stage model.
Final eval | success_rate=100.00% | mean_reward=2279.20 +/- 0.00 | pickups=2.00 deliveries=2.00 | delivered_agents=2.00/2 

### SLOW FIXED SWEEP 13/20: quad_physics_mappo_fixed_v12_slow_sweep_long_seed7 ###

Using device: cpu
Initial Quad MAPPO: agents=2 obs=(36,) grid=(6, 5) starts=[(4, 2), (3, 2)] package=(2, 2) deliveries=[(1, 1), (1, 3)] lanes=6 rand_pkg=False rand_del=False dt=0.05 substeps=8 max_tilt=0.32

=== Stage 1/25: s1_short_t_fixed (fixed positions) ===
Stage: agents=2 obs=(36,) grid=(6, 5) starts=[(4, 2), (3, 2)] package=(2, 2) deliveries=[(1, 1), (1, 3)] lanes=6 rand_pkg=False rand_del=False dt=0.05 substeps=8 max_tilt=0.32
Step   10240 | stage_step=  10240 | Episodes:   979
Step   20480 | stage_step=  20480 | Episodes:  2078
Eval @  20480 | stage_step=  20480 | sr=0.00% | reward=127.20 +/- 0.00 | pickups=1.00 deliveries=0.00 delivered_agents=0.00/2
Step   30720 | stage_step=  30720 | Episodes:  3125
[MultiQuadEnv] Steps 1-20000 | pickups=2445 | deliveries=303 | total_pickups=2445 | total_deliveries=303
Step   40960 | stage_step=  40960 | Episodes:  4174
Eval @  40960 | stage_step=  40960 | sr=0.00% | reward=128.00 +/- 0.00 | pickups=1.00 deliveries=0.00 delivered_agents=0.00/2
Step   51200 | stage_step=  51200 | Episodes:  5258
Step   61440 | stage_step=  61440 | Episodes:  6319
Eval @  61440 | stage_step=  61440 | sr=0.00% | reward=278.00 +/- 0.00 | pickups=2.00 deliveries=0.00 delivered_agents=0.00/2
Step   71680 | stage_step=  71680 | Episodes:  7412
[MultiQuadEnv] Steps 20001-40000 | pickups=4639 | deliveries=1054 | total_pickups=7084 | total_deliveries=1357
Step   81920 | stage_step=  81920 | Episodes:  8479
Eval @  81920 | stage_step=  81920 | sr=0.00% | reward=778.00 +/- 0.00 | pickups=2.00 deliveries=1.00 delivered_agents=1.00/2
Step   90112 | stage_step=  90112 | Episodes:  9368
Step  100352 | stage_step= 100352 | Episodes: 10489
Eval @ 100352 | stage_step= 100352 | sr=0.00% | reward=778.00 +/- 0.00 | pickups=2.00 deliveries=1.00 delivered_agents=1.00/2
Step  110592 | stage_step= 110592 | Episodes: 11606
[MultiQuadEnv] Steps 40001-60000 | pickups=5333 | deliveries=1499 | total_pickups=12417 | total_deliveries=2856
Step  120832 | stage_step= 120832 | Episodes: 12745
Eval @ 120832 | stage_step= 120832 | sr=0.00% | reward=778.00 +/- 0.00 | pickups=2.00 deliveries=1.00 delivered_agents=1.00/2
Step  131072 | stage_step= 131072 | Episodes: 13878
Step  141312 | stage_step= 141312 | Episodes: 14987
Eval @ 141312 | stage_step= 141312 | sr=0.00% | reward=778.00 +/- 0.00 | pickups=2.00 deliveries=1.00 delivered_agents=1.00/2
Step  151552 | stage_step= 151552 | Episodes: 16103
[MultiQuadEnv] Steps 60001-80000 | pickups=5541 | deliveries=1762 | total_pickups=17958 | total_deliveries=4618
Step  161792 | stage_step= 161792 | Episodes: 17215
Eval @ 161792 | stage_step= 161792 | sr=0.00% | reward=778.00 +/- 0.00 | pickups=2.00 deliveries=1.00 delivered_agents=1.00/2
Step  172032 | stage_step= 172032 | Episodes: 18340
Step  180224 | stage_step= 180224 | Episodes: 19259
Eval @ 180224 | stage_step= 180224 | sr=100.00% | reward=2298.20 +/- 0.00 | pickups=2.00 deliveries=2.00 delivered_agents=2.00/2
Early promotion from s1_short_t_fixed: 100.00% >= 90.00%
Restored best for s1_short_t_fixed: sr=100.00% | reward=2298.20

=== Stage 2/25: s2_wider_t_stem_fixed (fixed positions) ===
Stage: agents=2 obs=(36,) grid=(8, 9) starts=[(6, 4), (5, 4)] package=(3, 4) deliveries=[(2, 4), (1, 4)] lanes=12 rand_pkg=False rand_del=False dt=0.05 substeps=8 max_tilt=0.32
Step  190464 | stage_step=  10240 | Episodes: 20321
Step  200704 | stage_step=  20480 | Episodes: 21266
Eval @ 206848 | stage_step=  26624 | sr=0.00% | reward=177.60 +/- 0.00 | pickups=2.00 deliveries=0.00 delivered_agents=0.00/2
Step  210944 | stage_step=  30720 | Episodes: 22167
[MultiQuadEnv] Steps 1-20000 | pickups=4178 | deliveries=1494 | total_pickups=4178 | total_deliveries=1494
Step  221184 | stage_step=  40960 | Episodes: 23047
Step  231424 | stage_step=  51200 | Episodes: 23905
Eval @ 231424 | stage_step=  51200 | sr=0.00% | reward=211.60 +/- 0.00 | pickups=2.00 deliveries=0.00 delivered_agents=0.00/2
Step  241664 | stage_step=  61440 | Episodes: 24757
Step  251904 | stage_step=  71680 | Episodes: 25598
Eval @ 256000 | stage_step=  75776 | sr=0.00% | reward=211.60 +/- 0.00 | pickups=2.00 deliveries=0.00 delivered_agents=0.00/2
Step  260096 | stage_step=  79872 | Episodes: 26259
[MultiQuadEnv] Steps 20001-40000 | pickups=4836 | deliveries=2528 | total_pickups=9014 | total_deliveries=4022
Step  270336 | stage_step=  90112 | Episodes: 27068
Step  280576 | stage_step= 100352 | Episodes: 27845
Eval @ 280576 | stage_step= 100352 | sr=100.00% | reward=2247.60 +/- 0.00 | pickups=2.00 deliveries=2.00 delivered_agents=2.00/2
Early promotion from s2_wider_t_stem_fixed: 100.00% >= 85.00%
Restored best for s2_wider_t_stem_fixed: sr=100.00% | reward=2247.60

=== Stage 3/25: s3_wider_t_near_branch_fixed (fixed positions) ===
Stage: agents=2 obs=(36,) grid=(8, 9) starts=[(6, 4), (5, 4)] package=(2, 4) deliveries=[(1, 3), (1, 5)] lanes=12 rand_pkg=False rand_del=False dt=0.05 substeps=8 max_tilt=0.32
Step  290816 | stage_step=  10240 | Episodes: 28576
Step  301056 | stage_step=  20480 | Episodes: 29283
Eval @ 307200 | stage_step=  26624 | sr=0.00% | reward=257.20 +/- 0.00 | pickups=2.00 deliveries=0.00 delivered_agents=0.00/2
Step  311296 | stage_step=  30720 | Episodes: 29988
[MultiQuadEnv] Steps 1-20000 | pickups=3910 | deliveries=348 | total_pickups=3910 | total_deliveries=348
Step  321536 | stage_step=  40960 | Episodes: 30705
Step  331776 | stage_step=  51200 | Episodes: 31443
Eval @ 331776 | stage_step=  51200 | sr=0.00% | reward=777.20 +/- 0.00 | pickups=2.00 deliveries=1.00 delivered_agents=1.00/2
Step  342016 | stage_step=  61440 | Episodes: 32173
Step  350208 | stage_step=  69632 | Episodes: 32770
Eval @ 356352 | stage_step=  75776 | sr=0.00% | reward=777.20 +/- 0.00 | pickups=2.00 deliveries=1.00 delivered_agents=1.00/2
Step  360448 | stage_step=  79872 | Episodes: 33496
[MultiQuadEnv] Steps 20001-40000 | pickups=4272 | deliveries=630 | total_pickups=8182 | total_deliveries=978
Step  370688 | stage_step=  90112 | Episodes: 34237
Step  380928 | stage_step= 100352 | Episodes: 34987
Eval @ 380928 | stage_step= 100352 | sr=0.00% | reward=777.20 +/- 0.00 | pickups=2.00 deliveries=1.00 delivered_agents=1.00/2
Step  391168 | stage_step= 110592 | Episodes: 35737
[MultiQuadEnv] Steps 40001-60000 | pickups=4521 | deliveries=1031 | total_pickups=12703 | total_deliveries=2009
Step  401408 | stage_step= 120832 | Episodes: 36481
Eval @ 407552 | stage_step= 126976 | sr=0.00% | reward=777.20 +/- 0.00 | pickups=2.00 deliveries=1.00 delivered_agents=1.00/2
Step  411648 | stage_step= 131072 | Episodes: 37230
Step  421888 | stage_step= 141312 | Episodes: 37973
Step  430080 | stage_step= 149504 | Episodes: 38575
Eval @ 432128 | stage_step= 151552 | sr=0.00% | reward=777.20 +/- 0.00 | pickups=2.00 deliveries=1.00 delivered_agents=1.00/2
Step  440320 | stage_step= 159744 | Episodes: 39323
[MultiQuadEnv] Steps 60001-80000 | pickups=4759 | deliveries=1452 | total_pickups=17462 | total_deliveries=3461
Step  450560 | stage_step= 169984 | Episodes: 40069
Eval @ 456704 | stage_step= 176128 | sr=0.00% | reward=777.20 +/- 0.00 | pickups=2.00 deliveries=1.00 delivered_agents=1.00/2
Step  460800 | stage_step= 180224 | Episodes: 40817
Step  471040 | stage_step= 190464 | Episodes: 41570
[MultiQuadEnv] Steps 80001-100000 | pickups=4872 | deliveries=1916 | total_pickups=22334 | total_deliveries=5377
Step  481280 | stage_step= 200704 | Episodes: 42324
Eval @ 481280 | stage_step= 200704 | sr=100.00% | reward=2297.40 +/- 0.00 | pickups=2.00 deliveries=2.00 delivered_agents=2.00/2
Early promotion from s3_wider_t_near_branch_fixed: 100.00% >= 75.00%
Restored best for s3_wider_t_near_branch_fixed: sr=100.00% | reward=2297.40

=== Stage 4/25: s4_wider_t_branch_fixed (fixed positions) ===
Stage: agents=2 obs=(36,) grid=(8, 9) starts=[(6, 4), (5, 4)] package=(3, 4) deliveries=[(1, 1), (1, 7)] lanes=12 rand_pkg=False rand_del=False dt=0.05 substeps=8 max_tilt=0.32
Step  491520 | stage_step=  10240 | Episodes: 43167
Step  501760 | stage_step=  20480 | Episodes: 43959
Eval @ 507904 | stage_step=  26624 | sr=0.00% | reward=277.25 +/- 0.00 | pickups=2.00 deliveries=0.00 delivered_agents=0.00/2
Step  512000 | stage_step=  30720 | Episodes: 44736
Step  520192 | stage_step=  38912 | Episodes: 45346
[MultiQuadEnv] Steps 1-20000 | pickups=5628 | deliveries=0 | total_pickups=5628 | total_deliveries=0
Step  530432 | stage_step=  49152 | Episodes: 46102
Eval @ 532480 | stage_step=  51200 | sr=0.00% | reward=277.25 +/- 0.00 | pickups=2.00 deliveries=0.00 delivered_agents=0.00/2
Step  540672 | stage_step=  59392 | Episodes: 46853
Step  550912 | stage_step=  69632 | Episodes: 47611
Eval @ 557056 | stage_step=  75776 | sr=0.00% | reward=277.25 +/- 0.00 | pickups=2.00 deliveries=0.00 delivered_agents=0.00/2
Step  561152 | stage_step=  79872 | Episodes: 48377
[MultiQuadEnv] Steps 20001-40000 | pickups=5868 | deliveries=0 | total_pickups=11496 | total_deliveries=0
Step  571392 | stage_step=  90112 | Episodes: 49150
Step  581632 | stage_step= 100352 | Episodes: 49939
Eval @ 581632 | stage_step= 100352 | sr=0.00% | reward=277.25 +/- 0.00 | pickups=2.00 deliveries=0.00 delivered_agents=0.00/2
Step  591872 | stage_step= 110592 | Episodes: 50723
Step  600064 | stage_step= 118784 | Episodes: 51348
[MultiQuadEnv] Steps 40001-60000 | pickups=6087 | deliveries=0 | total_pickups=17583 | total_deliveries=0
Eval @ 608256 | stage_step= 126976 | sr=0.00% | reward=277.25 +/- 0.00 | pickups=2.00 deliveries=0.00 delivered_agents=0.00/2
Step  610304 | stage_step= 129024 | Episodes: 52134
Step  620544 | stage_step= 139264 | Episodes: 52924
Step  630784 | stage_step= 149504 | Episodes: 53704
Eval @ 632832 | stage_step= 151552 | sr=0.00% | reward=277.25 +/- 0.00 | pickups=2.00 deliveries=0.00 delivered_agents=0.00/2
Step  641024 | stage_step= 159744 | Episodes: 54487
[MultiQuadEnv] Steps 60001-80000 | pickups=6121 | deliveries=0 | total_pickups=23704 | total_deliveries=0
Step  651264 | stage_step= 169984 | Episodes: 55274
Eval @ 657408 | stage_step= 176128 | sr=0.00% | reward=277.25 +/- 0.00 | pickups=2.00 deliveries=0.00 delivered_agents=0.00/2
Step  661504 | stage_step= 180224 | Episodes: 56081
Step  671744 | stage_step= 190464 | Episodes: 56886
[MultiQuadEnv] Steps 80001-100000 | pickups=6291 | deliveries=0 | total_pickups=29995 | total_deliveries=0
Step  681984 | stage_step= 200704 | Episodes: 57707
Eval @ 681984 | stage_step= 200704 | sr=0.00% | reward=277.25 +/- 0.00 | pickups=2.00 deliveries=0.00 delivered_agents=0.00/2
Step  690176 | stage_step= 208896 | Episodes: 58354
Step  700416 | stage_step= 219136 | Episodes: 59147
Eval @ 706560 | stage_step= 225280 | sr=0.00% | reward=277.25 +/- 0.00 | pickups=2.00 deliveries=0.00 delivered_agents=0.00/2
Step  710656 | stage_step= 229376 | Episodes: 59954
Step  720896 | stage_step= 239616 | Episodes: 60772
[MultiQuadEnv] Steps 100001-120000 | pickups=6292 | deliveries=0 | total_pickups=36287 | total_deliveries=0
Step  731136 | stage_step= 249856 | Episodes: 61587
Eval @ 733184 | stage_step= 251904 | sr=0.00% | reward=277.25 +/- 0.00 | pickups=2.00 deliveries=0.00 delivered_agents=0.00/2
Step  741376 | stage_step= 260096 | Episodes: 62397
Step  751616 | stage_step= 270336 | Episodes: 63220
Eval @ 757760 | stage_step= 276480 | sr=0.00% | reward=277.25 +/- 0.00 | pickups=2.00 deliveries=0.00 delivered_agents=0.00/2
[MultiQuadEnv] Steps 120001-140000 | pickups=6399 | deliveries=0 | total_pickups=42686 | total_deliveries=0
Step  761856 | stage_step= 280576 | Episodes: 64043
Step  770048 | stage_step= 288768 | Episodes: 64702
Step  780288 | stage_step= 299008 | Episodes: 65519
Eval @ 782336 | stage_step= 301056 | sr=0.00% | reward=277.25 +/- 0.00 | pickups=2.00 deliveries=0.00 delivered_agents=0.00/2
Step  790528 | stage_step= 309248 | Episodes: 66335
Step  800768 | stage_step= 319488 | Episodes: 67148
[MultiQuadEnv] Steps 140001-160000 | pickups=6381 | deliveries=0 | total_pickups=49067 | total_deliveries=0
Eval @ 806912 | stage_step= 325632 | sr=0.00% | reward=277.25 +/- 0.00 | pickups=2.00 deliveries=0.00 delivered_agents=0.00/2
Step  811008 | stage_step= 329728 | Episodes: 67966
Step  821248 | stage_step= 339968 | Episodes: 68784
Step  831488 | stage_step= 350208 | Episodes: 69604
Eval @ 831488 | stage_step= 350208 | sr=0.00% | reward=277.25 +/- 0.00 | pickups=2.00 deliveries=0.00 delivered_agents=0.00/2
[MultiQuadEnv] Steps 160001-180000 | pickups=6419 | deliveries=0 | total_pickups=55486 | total_deliveries=0
Step  841728 | stage_step= 360448 | Episodes: 70432
Step  851968 | stage_step= 370688 | Episodes: 71260
Eval @ 858112 | stage_step= 376832 | sr=0.00% | reward=277.25 +/- 0.00 | pickups=2.00 deliveries=0.00 delivered_agents=0.00/2
Step  860160 | stage_step= 378880 | Episodes: 71914
Step  870400 | stage_step= 389120 | Episodes: 72743
Step  880640 | stage_step= 399360 | Episodes: 73575
[MultiQuadEnv] Steps 180001-200000 | pickups=6461 | deliveries=0 | total_pickups=61947 | total_deliveries=0
Eval @ 882688 | stage_step= 401408 | sr=0.00% | reward=277.25 +/- 0.00 | pickups=2.00 deliveries=0.00 delivered_agents=0.00/2
Step  890880 | stage_step= 409600 | Episodes: 74410
Step  901120 | stage_step= 419840 | Episodes: 75249
Eval @ 907264 | stage_step= 425984 | sr=0.00% | reward=277.25 +/- 0.00 | pickups=2.00 deliveries=0.00 delivered_agents=0.00/2
Step  911360 | stage_step= 430080 | Episodes: 76088
[MultiQuadEnv] Steps 200001-220000 | pickups=6558 | deliveries=0 | total_pickups=68505 | total_deliveries=0
Step  921600 | stage_step= 440320 | Episodes: 76930
Step  931840 | stage_step= 450560 | Episodes: 77776
Eval @ 931840 | stage_step= 450560 | sr=0.00% | reward=277.25 +/- 0.00 | pickups=2.00 deliveries=0.00 delivered_agents=0.00/2
Step  940032 | stage_step= 458752 | Episodes: 78450
Step  950272 | stage_step= 468992 | Episodes: 79294
Eval @ 956416 | stage_step= 475136 | sr=0.00% | reward=277.25 +/- 0.00 | pickups=2.00 deliveries=0.00 delivered_agents=0.00/2
Step  960512 | stage_step= 479232 | Episodes: 80137
[MultiQuadEnv] Steps 220001-240000 | pickups=6592 | deliveries=0 | total_pickups=75097 | total_deliveries=0
Step  970752 | stage_step= 489472 | Episodes: 80981
Step  980992 | stage_step= 499712 | Episodes: 81826
Eval @ 983040 | stage_step= 501760 | sr=0.00% | reward=277.25 +/- 0.00 | pickups=2.00 deliveries=0.00 delivered_agents=0.00/2
Step  991232 | stage_step= 509952 | Episodes: 82670
[MultiQuadEnv] Steps 240001-260000 | pickups=6600 | deliveries=0 | total_pickups=81697 | total_deliveries=0
Step 1001472 | stage_step= 520192 | Episodes: 83514
Eval @1007616 | stage_step= 526336 | sr=0.00% | reward=277.25 +/- 0.00 | pickups=2.00 deliveries=0.00 delivered_agents=0.00/2
Step 1011712 | stage_step= 530432 | Episodes: 84354
Step 1021952 | stage_step= 540672 | Episodes: 85198
Step 1030144 | stage_step= 548864 | Episodes: 85877
Eval @1032192 | stage_step= 550912 | sr=0.00% | reward=277.25 +/- 0.00 | pickups=2.00 deliveries=0.00 delivered_agents=0.00/2
Step 1040384 | stage_step= 559104 | Episodes: 86720
[MultiQuadEnv] Steps 260001-280000 | pickups=6590 | deliveries=0 | total_pickups=88287 | total_deliveries=0
Step 1050624 | stage_step= 569344 | Episodes: 87561
Eval @1056768 | stage_step= 575488 | sr=0.00% | reward=277.25 +/- 0.00 | pickups=2.00 deliveries=0.00 delivered_agents=0.00/2
Step 1060864 | stage_step= 579584 | Episodes: 88403
Step 1071104 | stage_step= 589824 | Episodes: 89246
[MultiQuadEnv] Steps 280001-300000 | pickups=6591 | deliveries=0 | total_pickups=94878 | total_deliveries=0
Step 1081344 | stage_step= 600064 | Episodes: 90092
Eval @1081344 | stage_step= 600064 | sr=0.00% | reward=277.25 +/- 0.00 | pickups=2.00 deliveries=0.00 delivered_agents=0.00/2
Step 1091584 | stage_step= 610304 | Episodes: 90938
Step 1101824 | stage_step= 620544 | Episodes: 91786
Eval @1107968 | stage_step= 626688 | sr=0.00% | reward=277.25 +/- 0.00 | pickups=2.00 deliveries=0.00 delivered_agents=0.00/2
Step 1110016 | stage_step= 628736 | Episodes: 92465
Step 1120256 | stage_step= 638976 | Episodes: 93313
[MultiQuadEnv] Steps 300001-320000 | pickups=6623 | deliveries=0 | total_pickups=101501 | total_deliveries=0
Step 1130496 | stage_step= 649216 | Episodes: 94158
Eval @1132544 | stage_step= 651264 | sr=0.00% | reward=277.25 +/- 0.00 | pickups=2.00 deliveries=0.00 delivered_agents=0.00/2
Step 1140736 | stage_step= 659456 | Episodes: 95006
Step 1150976 | stage_step= 669696 | Episodes: 95852
Eval @1157120 | stage_step= 675840 | sr=0.00% | reward=277.25 +/- 0.00 | pickups=2.00 deliveries=0.00 delivered_agents=0.00/2
Step 1161216 | stage_step= 679936 | Episodes: 96698
[MultiQuadEnv] Steps 320001-340000 | pickups=6624 | deliveries=0 | total_pickups=108125 | total_deliveries=0
Step 1171456 | stage_step= 690176 | Episodes: 97544
Step 1181696 | stage_step= 700416 | Episodes: 98390
Eval @1181696 | stage_step= 700416 | sr=0.00% | reward=277.25 +/- 0.00 | pickups=2.00 deliveries=0.00 delivered_agents=0.00/2
Step 1191936 | stage_step= 710656 | Episodes: 99238
Step 1200128 | stage_step= 718848 | Episodes: 99918
[MultiQuadEnv] Steps 340001-360000 | pickups=6630 | deliveries=0 | total_pickups=114755 | total_deliveries=0
Eval @1208320 | stage_step= 727040 | sr=0.00% | reward=277.25 +/- 0.00 | pickups=2.00 deliveries=0.00 delivered_agents=0.00/2
Step 1210368 | stage_step= 729088 | Episodes: 100768
Step 1220608 | stage_step= 739328 | Episodes: 101617
Step 1230848 | stage_step= 749568 | Episodes: 102467
Eval @1232896 | stage_step= 751616 | sr=0.00% | reward=277.25 +/- 0.00 | pickups=2.00 deliveries=0.00 delivered_agents=0.00/2
Step 1241088 | stage_step= 759808 | Episodes: 103315
[MultiQuadEnv] Steps 360001-380000 | pickups=6631 | deliveries=0 | total_pickups=121386 | total_deliveries=0
Step 1251328 | stage_step= 770048 | Episodes: 104164
Eval @1257472 | stage_step= 776192 | sr=0.00% | reward=277.25 +/- 0.00 | pickups=2.00 deliveries=0.00 delivered_agents=0.00/2
Step 1261568 | stage_step= 780288 | Episodes: 105012
Step 1271808 | stage_step= 790528 | Episodes: 105859
Step 1280000 | stage_step= 798720 | Episodes: 106536
[MultiQuadEnv] Steps 380001-400000 | pickups=6631 | deliveries=0 | total_pickups=128017 | total_deliveries=0
Eval @1282048 | stage_step= 800768 | sr=0.00% | reward=277.25 +/- 0.00 | pickups=2.00 deliveries=0.00 delivered_agents=0.00/2
Step 1290240 | stage_step= 808960 | Episodes: 107381
Step 1300480 | stage_step= 819200 | Episodes: 108229
Eval @1306624 | stage_step= 825344 | sr=0.00% | reward=277.25 +/- 0.00 | pickups=2.00 deliveries=0.00 delivered_agents=0.00/2
Step 1310720 | stage_step= 829440 | Episodes: 109076
Step 1320960 | stage_step= 839680 | Episodes: 109925
[MultiQuadEnv] Steps 400001-420000 | pickups=6631 | deliveries=0 | total_pickups=134648 | total_deliveries=0
Step 1331200 | stage_step= 849920 | Episodes: 110772
Eval @1333248 | stage_step= 851968 | sr=0.00% | reward=277.25 +/- 0.00 | pickups=2.00 deliveries=0.00 delivered_agents=0.00/2
Step 1341440 | stage_step= 860160 | Episodes: 111620
Step 1351680 | stage_step= 870400 | Episodes: 112470
Eval @1357824 | stage_step= 876544 | sr=0.00% | reward=277.25 +/- 0.00 | pickups=2.00 deliveries=0.00 delivered_agents=0.00/2
[MultiQuadEnv] Steps 420001-440000 | pickups=6637 | deliveries=0 | total_pickups=141285 | total_deliveries=0
Step 1361920 | stage_step= 880640 | Episodes: 113320
Step 1370112 | stage_step= 888832 | Episodes: 113997
Step 1380352 | stage_step= 899072 | Episodes: 114846
Eval @1382400 | stage_step= 901120 | sr=0.00% | reward=277.25 +/- 0.00 | pickups=2.00 deliveries=0.00 delivered_agents=0.00/2
Step 1390592 | stage_step= 909312 | Episodes: 115696
Step 1400832 | stage_step= 919552 | Episodes: 116546
[MultiQuadEnv] Steps 440001-460000 | pickups=6639 | deliveries=0 | total_pickups=147924 | total_deliveries=0
Eval @1406976 | stage_step= 925696 | sr=0.00% | reward=277.25 +/- 0.00 | pickups=2.00 deliveries=0.00 delivered_agents=0.00/2
Step 1411072 | stage_step= 929792 | Episodes: 117396
Step 1421312 | stage_step= 940032 | Episodes: 118246
Step 1431552 | stage_step= 950272 | Episodes: 119096
Eval @1431552 | stage_step= 950272 | sr=0.00% | reward=277.25 +/- 0.00 | pickups=2.00 deliveries=0.00 delivered_agents=0.00/2
[MultiQuadEnv] Steps 460001-480000 | pickups=6647 | deliveries=0 | total_pickups=154571 | total_deliveries=0
Step 1441792 | stage_step= 960512 | Episodes: 119946
Step 1452032 | stage_step= 970752 | Episodes: 120796
Eval @1458176 | stage_step= 976896 | sr=0.00% | reward=277.25 +/- 0.00 | pickups=2.00 deliveries=0.00 delivered_agents=0.00/2
Step 1460224 | stage_step= 978944 | Episodes: 121476
Step 1470464 | stage_step= 989184 | Episodes: 122326
Step 1480704 | stage_step= 999424 | Episodes: 123176
[MultiQuadEnv] Steps 480001-500000 | pickups=6649 | deliveries=0 | total_pickups=161220 | total_deliveries=0
Eval @1482752 | stage_step=1001472 | sr=0.00% | reward=277.25 +/- 0.00 | pickups=2.00 deliveries=0.00 delivered_agents=0.00/2
Full budget used for s4_wider_t_branch_fixed. Best stage success=0.00%.
No successful checkpoint found for s4_wider_t_branch_fixed; restored pre-stage model.
Final eval | success_rate=100.00% | mean_reward=2297.40 +/- 0.00 | pickups=2.00 deliveries=2.00 | delivered_agents=2.00/2 

### SLOW FIXED SWEEP 14/20: quad_physics_mappo_fixed_v12_slow_sweep_long_seed11 ###

Using device: cpu
Initial Quad MAPPO: agents=2 obs=(36,) grid=(6, 5) starts=[(4, 2), (3, 2)] package=(2, 2) deliveries=[(1, 1), (1, 3)] lanes=6 rand_pkg=False rand_del=False dt=0.05 substeps=8 max_tilt=0.32

=== Stage 1/25: s1_short_t_fixed (fixed positions) ===
Stage: agents=2 obs=(36,) grid=(6, 5) starts=[(4, 2), (3, 2)] package=(2, 2) deliveries=[(1, 1), (1, 3)] lanes=6 rand_pkg=False rand_del=False dt=0.05 substeps=8 max_tilt=0.32
Step   10240 | stage_step=  10240 | Episodes:   997
Step   20480 | stage_step=  20480 | Episodes:  2048
Eval @  20480 | stage_step=  20480 | sr=0.00% | reward=127.20 +/- 0.00 | pickups=1.00 deliveries=0.00 delivered_agents=0.00/2
Step   30720 | stage_step=  30720 | Episodes:  3070
[MultiQuadEnv] Steps 1-20000 | pickups=2625 | deliveries=317 | total_pickups=2625 | total_deliveries=317
Step   40960 | stage_step=  40960 | Episodes:  4095
Eval @  40960 | stage_step=  40960 | sr=0.00% | reward=128.00 +/- 0.00 | pickups=1.00 deliveries=0.00 delivered_agents=0.00/2
Step   51200 | stage_step=  51200 | Episodes:  5154
Step   61440 | stage_step=  61440 | Episodes:  6176
Eval @  61440 | stage_step=  61440 | sr=0.00% | reward=278.00 +/- 0.00 | pickups=2.00 deliveries=0.00 delivered_agents=0.00/2
Step   71680 | stage_step=  71680 | Episodes:  7226
[MultiQuadEnv] Steps 20001-40000 | pickups=4487 | deliveries=1061 | total_pickups=7112 | total_deliveries=1378
Step   81920 | stage_step=  81920 | Episodes:  8294
Eval @  81920 | stage_step=  81920 | sr=0.00% | reward=777.80 +/- 0.00 | pickups=2.00 deliveries=1.00 delivered_agents=1.00/2
Step   90112 | stage_step=  90112 | Episodes:  9138
Step  100352 | stage_step= 100352 | Episodes: 10211
Eval @ 100352 | stage_step= 100352 | sr=100.00% | reward=2298.00 +/- 0.00 | pickups=2.00 deliveries=2.00 delivered_agents=2.00/2
Early promotion from s1_short_t_fixed: 100.00% >= 90.00%
Restored best for s1_short_t_fixed: sr=100.00% | reward=2298.00

=== Stage 2/25: s2_wider_t_stem_fixed (fixed positions) ===
Stage: agents=2 obs=(36,) grid=(8, 9) starts=[(6, 4), (5, 4)] package=(3, 4) deliveries=[(2, 4), (1, 4)] lanes=12 rand_pkg=False rand_del=False dt=0.05 substeps=8 max_tilt=0.32
Step  110592 | stage_step=  10240 | Episodes: 11231
Step  120832 | stage_step=  20480 | Episodes: 12173
Eval @ 126976 | stage_step=  26624 | sr=100.00% | reward=2247.60 +/- 0.00 | pickups=2.00 deliveries=2.00 delivered_agents=2.00/2
Step  131072 | stage_step=  30720 | Episodes: 13058
[MultiQuadEnv] Steps 1-20000 | pickups=3791 | deliveries=1880 | total_pickups=3791 | total_deliveries=1880
Step  141312 | stage_step=  40960 | Episodes: 13907
Step  151552 | stage_step=  51200 | Episodes: 14711
Eval @ 151552 | stage_step=  51200 | sr=100.00% | reward=2247.60 +/- 0.00 | pickups=2.00 deliveries=2.00 delivered_agents=2.00/2
Step  161792 | stage_step=  61440 | Episodes: 15477
Step  172032 | stage_step=  71680 | Episodes: 16218
Eval @ 176128 | stage_step=  75776 | sr=100.00% | reward=2247.40 +/- 0.00 | pickups=2.00 deliveries=2.00 delivered_agents=2.00/2
Step  180224 | stage_step=  79872 | Episodes: 16782
[MultiQuadEnv] Steps 20001-40000 | pickups=4582 | deliveries=3444 | total_pickups=8373 | total_deliveries=5324
Step  190464 | stage_step=  90112 | Episodes: 17487
Step  200704 | stage_step= 100352 | Episodes: 18183
Eval @ 200704 | stage_step= 100352 | sr=100.00% | reward=2247.60 +/- 0.00 | pickups=2.00 deliveries=2.00 delivered_agents=2.00/2
Early promotion from s2_wider_t_stem_fixed: 100.00% >= 85.00%
Restored best for s2_wider_t_stem_fixed: sr=100.00% | reward=2247.60

=== Stage 3/25: s3_wider_t_near_branch_fixed (fixed positions) ===
Stage: agents=2 obs=(36,) grid=(8, 9) starts=[(6, 4), (5, 4)] package=(2, 4) deliveries=[(1, 3), (1, 5)] lanes=12 rand_pkg=False rand_del=False dt=0.05 substeps=8 max_tilt=0.32
Step  210944 | stage_step=  10240 | Episodes: 19023
Step  221184 | stage_step=  20480 | Episodes: 19808
Eval @ 227328 | stage_step=  26624 | sr=0.00% | reward=261.20 +/- 0.00 | pickups=2.00 deliveries=0.00 delivered_agents=0.00/2
Step  231424 | stage_step=  30720 | Episodes: 20550
[MultiQuadEnv] Steps 1-20000 | pickups=3385 | deliveries=417 | total_pickups=3385 | total_deliveries=417
Step  241664 | stage_step=  40960 | Episodes: 21263
Step  251904 | stage_step=  51200 | Episodes: 21964
Eval @ 251904 | stage_step=  51200 | sr=0.00% | reward=261.20 +/- 0.00 | pickups=2.00 deliveries=0.00 delivered_agents=0.00/2
Step  260096 | stage_step=  59392 | Episodes: 22530
Step  270336 | stage_step=  69632 | Episodes: 23212
Eval @ 276480 | stage_step=  75776 | sr=0.00% | reward=777.20 +/- 0.00 | pickups=2.00 deliveries=1.00 delivered_agents=1.00/2
Step  280576 | stage_step=  79872 | Episodes: 23875
[MultiQuadEnv] Steps 20001-40000 | pickups=3822 | deliveries=686 | total_pickups=7207 | total_deliveries=1103
Step  290816 | stage_step=  90112 | Episodes: 24528
Step  301056 | stage_step= 100352 | Episodes: 25167
Eval @ 301056 | stage_step= 100352 | sr=0.00% | reward=777.00 +/- 0.00 | pickups=2.00 deliveries=1.00 delivered_agents=1.00/2
Step  311296 | stage_step= 110592 | Episodes: 25804
[MultiQuadEnv] Steps 40001-60000 | pickups=3597 | deliveries=987 | total_pickups=10804 | total_deliveries=2090
Step  321536 | stage_step= 120832 | Episodes: 26456
Eval @ 327680 | stage_step= 126976 | sr=100.00% | reward=2296.60 +/- 0.00 | pickups=2.00 deliveries=2.00 delivered_agents=2.00/2
Early promotion from s3_wider_t_near_branch_fixed: 100.00% >= 75.00%
Restored best for s3_wider_t_near_branch_fixed: sr=100.00% | reward=2296.60

=== Stage 4/25: s4_wider_t_branch_fixed (fixed positions) ===
Stage: agents=2 obs=(36,) grid=(8, 9) starts=[(6, 4), (5, 4)] package=(3, 4) deliveries=[(1, 1), (1, 7)] lanes=12 rand_pkg=False rand_del=False dt=0.05 substeps=8 max_tilt=0.32
Step  331776 | stage_step=   4096 | Episodes: 27167
Step  342016 | stage_step=  14336 | Episodes: 27910
Step  350208 | stage_step=  22528 | Episodes: 28459
Eval @ 354304 | stage_step=  26624 | sr=0.00% | reward=276.80 +/- 0.00 | pickups=2.00 deliveries=0.00 delivered_agents=0.00/2
Step  360448 | stage_step=  32768 | Episodes: 29146
[MultiQuadEnv] Steps 1-20000 | pickups=4825 | deliveries=9 | total_pickups=4825 | total_deliveries=9
Step  370688 | stage_step=  43008 | Episodes: 29819
Eval @ 378880 | stage_step=  51200 | sr=0.00% | reward=276.80 +/- 0.00 | pickups=2.00 deliveries=0.00 delivered_agents=0.00/2
Step  380928 | stage_step=  53248 | Episodes: 30477
Step  391168 | stage_step=  63488 | Episodes: 31106
Step  401408 | stage_step=  73728 | Episodes: 31639
Eval @ 403456 | stage_step=  75776 | sr=0.00% | reward=275.75 +/- 0.00 | pickups=2.00 deliveries=0.00 delivered_agents=0.00/2
[MultiQuadEnv] Steps 20001-40000 | pickups=4479 | deliveries=253 | total_pickups=9304 | total_deliveries=262
Step  411648 | stage_step=  83968 | Episodes: 32064
Step  421888 | stage_step=  94208 | Episodes: 32420
Eval @ 428032 | stage_step= 100352 | sr=0.00% | reward=26.80 +/- 0.00 | pickups=2.00 deliveries=1.00 delivered_agents=1.00/2
Step  430080 | stage_step= 102400 | Episodes: 32670
Step  440320 | stage_step= 112640 | Episodes: 32913
[MultiQuadEnv] Steps 40001-60000 | pickups=2209 | deliveries=662 | total_pickups=11513 | total_deliveries=924
Step  450560 | stage_step= 122880 | Episodes: 33073
Eval @ 454656 | stage_step= 126976 | sr=0.00% | reward=32.55 +/- 0.00 | pickups=2.00 deliveries=1.00 delivered_agents=1.00/2
Step  460800 | stage_step= 133120 | Episodes: 33187
Step  471040 | stage_step= 143360 | Episodes: 33324
Eval @ 479232 | stage_step= 151552 | sr=0.00% | reward=26.75 +/- 0.00 | pickups=2.00 deliveries=1.00 delivered_agents=1.00/2
Step  481280 | stage_step= 153600 | Episodes: 33477
[MultiQuadEnv] Steps 60001-80000 | pickups=1095 | deliveries=395 | total_pickups=12608 | total_deliveries=1319
Step  491520 | stage_step= 163840 | Episodes: 33630
Step  501760 | stage_step= 174080 | Episodes: 33800
Eval @ 503808 | stage_step= 176128 | sr=0.00% | reward=770.75 +/- 0.00 | pickups=2.00 deliveries=1.00 delivered_agents=1.00/2
Step  512000 | stage_step= 184320 | Episodes: 33952
Step  520192 | stage_step= 192512 | Episodes: 34092
[MultiQuadEnv] Steps 80001-100000 | pickups=1343 | deliveries=550 | total_pickups=13951 | total_deliveries=1869
Eval @ 528384 | stage_step= 200704 | sr=0.00% | reward=770.80 +/- 0.00 | pickups=2.00 deliveries=1.00 delivered_agents=1.00/2
Step  530432 | stage_step= 202752 | Episodes: 34307
Step  540672 | stage_step= 212992 | Episodes: 34521
Step  550912 | stage_step= 223232 | Episodes: 34738
Eval @ 552960 | stage_step= 225280 | sr=0.00% | reward=24.15 +/- 0.00 | pickups=2.00 deliveries=1.00 delivered_agents=1.00/2
Step  561152 | stage_step= 233472 | Episodes: 34950
[MultiQuadEnv] Steps 100001-120000 | pickups=1684 | deliveries=686 | total_pickups=15635 | total_deliveries=2555
Step  571392 | stage_step= 243712 | Episodes: 35185
Eval @ 579584 | stage_step= 251904 | sr=0.00% | reward=27.00 +/- 0.00 | pickups=2.00 deliveries=1.00 delivered_agents=1.00/2
Step  581632 | stage_step= 253952 | Episodes: 35410
Step  591872 | stage_step= 264192 | Episodes: 35641
Step  600064 | stage_step= 272384 | Episodes: 35835
Eval @ 604160 | stage_step= 276480 | sr=0.00% | reward=28.30 +/- 0.00 | pickups=2.00 deliveries=1.00 delivered_agents=1.00/2
[MultiQuadEnv] Steps 120001-140000 | pickups=1792 | deliveries=779 | total_pickups=17427 | total_deliveries=3334
Step  610304 | stage_step= 282624 | Episodes: 36054
Step  620544 | stage_step= 292864 | Episodes: 36266
Eval @ 628736 | stage_step= 301056 | sr=0.00% | reward=28.30 +/- 0.00 | pickups=2.00 deliveries=1.00 delivered_agents=1.00/2
Step  630784 | stage_step= 303104 | Episodes: 36482
Step  641024 | stage_step= 313344 | Episodes: 36695
[MultiQuadEnv] Steps 140001-160000 | pickups=1682 | deliveries=735 | total_pickups=19109 | total_deliveries=4069
Step  651264 | stage_step= 323584 | Episodes: 36910
Eval @ 653312 | stage_step= 325632 | sr=0.00% | reward=30.95 +/- 0.00 | pickups=2.00 deliveries=1.00 delivered_agents=1.00/2
Step  661504 | stage_step= 333824 | Episodes: 37140
Step  671744 | stage_step= 344064 | Episodes: 37347
Eval @ 677888 | stage_step= 350208 | sr=0.00% | reward=25.65 +/- 0.00 | pickups=2.00 deliveries=1.00 delivered_agents=1.00/2
Step  681984 | stage_step= 354304 | Episodes: 37565
[MultiQuadEnv] Steps 160001-180000 | pickups=1709 | deliveries=739 | total_pickups=20818 | total_deliveries=4808
Step  690176 | stage_step= 362496 | Episodes: 37733
Step  700416 | stage_step= 372736 | Episodes: 37966
Eval @ 704512 | stage_step= 376832 | sr=0.00% | reward=25.65 +/- 0.00 | pickups=2.00 deliveries=1.00 delivered_agents=1.00/2
Step  710656 | stage_step= 382976 | Episodes: 38192
Step  720896 | stage_step= 393216 | Episodes: 38432
[MultiQuadEnv] Steps 180001-200000 | pickups=1859 | deliveries=830 | total_pickups=22677 | total_deliveries=5638
Eval @ 729088 | stage_step= 401408 | sr=0.00% | reward=772.65 +/- 0.00 | pickups=2.00 deliveries=1.00 delivered_agents=1.00/2
Step  731136 | stage_step= 403456 | Episodes: 38680
Step  741376 | stage_step= 413696 | Episodes: 38926
Step  751616 | stage_step= 423936 | Episodes: 39198
Eval @ 753664 | stage_step= 425984 | sr=0.00% | reward=25.65 +/- 0.00 | pickups=2.00 deliveries=1.00 delivered_agents=1.00/2
Step  761856 | stage_step= 434176 | Episodes: 39438
[MultiQuadEnv] Steps 200001-220000 | pickups=1956 | deliveries=847 | total_pickups=24633 | total_deliveries=6485
Step  770048 | stage_step= 442368 | Episodes: 39644
Eval @ 778240 | stage_step= 450560 | sr=0.00% | reward=774.20 +/- 0.00 | pickups=2.00 deliveries=1.00 delivered_agents=1.00/2
Step  780288 | stage_step= 452608 | Episodes: 39907
Step  790528 | stage_step= 462848 | Episodes: 40168
Step  800768 | stage_step= 473088 | Episodes: 40439
Eval @ 802816 | stage_step= 475136 | sr=0.00% | reward=774.45 +/- 0.00 | pickups=2.00 deliveries=1.00 delivered_agents=1.00/2
[MultiQuadEnv] Steps 220001-240000 | pickups=2105 | deliveries=923 | total_pickups=26738 | total_deliveries=7408
Step  811008 | stage_step= 483328 | Episodes: 40719
Step  821248 | stage_step= 493568 | Episodes: 40974
Eval @ 829440 | stage_step= 501760 | sr=0.00% | reward=773.95 +/- 0.00 | pickups=2.00 deliveries=1.00 delivered_agents=1.00/2
Step  831488 | stage_step= 503808 | Episodes: 41310
Step  841728 | stage_step= 514048 | Episodes: 41624
[MultiQuadEnv] Steps 240001-260000 | pickups=2307 | deliveries=1056 | total_pickups=29045 | total_deliveries=8464
Step  851968 | stage_step= 524288 | Episodes: 41947
Eval @ 854016 | stage_step= 526336 | sr=0.00% | reward=774.70 +/- 0.00 | pickups=2.00 deliveries=1.00 delivered_agents=1.00/2
Step  860160 | stage_step= 532480 | Episodes: 42195
Step  870400 | stage_step= 542720 | Episodes: 42522
Eval @ 878592 | stage_step= 550912 | sr=0.00% | reward=775.10 +/- 0.00 | pickups=2.00 deliveries=1.00 delivered_agents=1.00/2
Step  880640 | stage_step= 552960 | Episodes: 42836
[MultiQuadEnv] Steps 260001-280000 | pickups=2485 | deliveries=1147 | total_pickups=31530 | total_deliveries=9611
Step  890880 | stage_step= 563200 | Episodes: 43167
Step  901120 | stage_step= 573440 | Episodes: 43534
Eval @ 903168 | stage_step= 575488 | sr=0.00% | reward=775.45 +/- 0.00 | pickups=2.00 deliveries=1.00 delivered_agents=1.00/2
Step  911360 | stage_step= 583680 | Episodes: 43884
Step  921600 | stage_step= 593920 | Episodes: 44252
[MultiQuadEnv] Steps 280001-300000 | pickups=2802 | deliveries=1303 | total_pickups=34332 | total_deliveries=10914
Eval @ 927744 | stage_step= 600064 | sr=0.00% | reward=775.35 +/- 0.00 | pickups=2.00 deliveries=1.00 delivered_agents=1.00/2
Step  931840 | stage_step= 604160 | Episodes: 44618
Step  940032 | stage_step= 612352 | Episodes: 44911
Step  950272 | stage_step= 622592 | Episodes: 45280
Eval @ 954368 | stage_step= 626688 | sr=0.00% | reward=775.05 +/- 0.00 | pickups=2.00 deliveries=1.00 delivered_agents=1.00/2
Step  960512 | stage_step= 632832 | Episodes: 45647
[MultiQuadEnv] Steps 300001-320000 | pickups=2904 | deliveries=1342 | total_pickups=37236 | total_deliveries=12256
Step  970752 | stage_step= 643072 | Episodes: 46047
Eval @ 978944 | stage_step= 651264 | sr=0.00% | reward=774.70 +/- 0.00 | pickups=2.00 deliveries=1.00 delivered_agents=1.00/2
Step  980992 | stage_step= 653312 | Episodes: 46416
Step  991232 | stage_step= 663552 | Episodes: 46805
Step 1001472 | stage_step= 673792 | Episodes: 47142
Eval @1003520 | stage_step= 675840 | sr=0.00% | reward=774.70 +/- 0.00 | pickups=2.00 deliveries=1.00 delivered_agents=1.00/2
[MultiQuadEnv] Steps 320001-340000 | pickups=2856 | deliveries=1350 | total_pickups=40092 | total_deliveries=13606
Step 1011712 | stage_step= 684032 | Episodes: 47489
Step 1021952 | stage_step= 694272 | Episodes: 47857
Eval @1028096 | stage_step= 700416 | sr=0.00% | reward=774.65 +/- 0.00 | pickups=2.00 deliveries=1.00 delivered_agents=1.00/2
Step 1030144 | stage_step= 702464 | Episodes: 48131
Step 1040384 | stage_step= 712704 | Episodes: 48453
[MultiQuadEnv] Steps 340001-360000 | pickups=2657 | deliveries=1266 | total_pickups=42749 | total_deliveries=14872
Step 1050624 | stage_step= 722944 | Episodes: 48777
Eval @1054720 | stage_step= 727040 | sr=0.00% | reward=775.25 +/- 0.00 | pickups=2.00 deliveries=1.00 delivered_agents=1.00/2
Step 1060864 | stage_step= 733184 | Episodes: 49142
Step 1071104 | stage_step= 743424 | Episodes: 49535
Eval @1079296 | stage_step= 751616 | sr=0.00% | reward=775.25 +/- 0.00 | pickups=2.00 deliveries=1.00 delivered_agents=1.00/2
Step 1081344 | stage_step= 753664 | Episodes: 49919
[MultiQuadEnv] Steps 360001-380000 | pickups=2966 | deliveries=1384 | total_pickups=45715 | total_deliveries=16256
Step 1091584 | stage_step= 763904 | Episodes: 50308
Step 1101824 | stage_step= 774144 | Episodes: 50680
Eval @1103872 | stage_step= 776192 | sr=0.00% | reward=775.55 +/- 0.00 | pickups=2.00 deliveries=1.00 delivered_agents=1.00/2
Step 1110016 | stage_step= 782336 | Episodes: 50962
Step 1120256 | stage_step= 792576 | Episodes: 51334
[MultiQuadEnv] Steps 380001-400000 | pickups=2912 | deliveries=1365 | total_pickups=48627 | total_deliveries=17621
Eval @1128448 | stage_step= 800768 | sr=0.00% | reward=775.55 +/- 0.00 | pickups=2.00 deliveries=1.00 delivered_agents=1.00/2
Step 1130496 | stage_step= 802816 | Episodes: 51729
Step 1140736 | stage_step= 813056 | Episodes: 52109
Step 1150976 | stage_step= 823296 | Episodes: 52483
Eval @1153024 | stage_step= 825344 | sr=0.00% | reward=775.55 +/- 0.00 | pickups=2.00 deliveries=1.00 delivered_agents=1.00/2
Step 1161216 | stage_step= 833536 | Episodes: 52845
[MultiQuadEnv] Steps 400001-420000 | pickups=2940 | deliveries=1259 | total_pickups=51567 | total_deliveries=18880
Step 1171456 | stage_step= 843776 | Episodes: 53219
Eval @1179648 | stage_step= 851968 | sr=0.00% | reward=774.90 +/- 0.00 | pickups=2.00 deliveries=1.00 delivered_agents=1.00/2
Step 1181696 | stage_step= 854016 | Episodes: 53611
Step 1191936 | stage_step= 864256 | Episodes: 53995
Step 1200128 | stage_step= 872448 | Episodes: 54281
Eval @1204224 | stage_step= 876544 | sr=0.00% | reward=774.90 +/- 0.00 | pickups=2.00 deliveries=1.00 delivered_agents=1.00/2
[MultiQuadEnv] Steps 420001-440000 | pickups=2866 | deliveries=957 | total_pickups=54433 | total_deliveries=19837
Step 1210368 | stage_step= 882688 | Episodes: 54617
Step 1220608 | stage_step= 892928 | Episodes: 54958
Eval @1228800 | stage_step= 901120 | sr=0.00% | reward=775.30 +/- 0.00 | pickups=2.00 deliveries=1.00 delivered_agents=1.00/2
Step 1230848 | stage_step= 903168 | Episodes: 55319
Step 1241088 | stage_step= 913408 | Episodes: 55660
[MultiQuadEnv] Steps 440001-460000 | pickups=2678 | deliveries=1133 | total_pickups=57111 | total_deliveries=20970
Step 1251328 | stage_step= 923648 | Episodes: 55994
Eval @1253376 | stage_step= 925696 | sr=0.00% | reward=774.90 +/- 0.00 | pickups=2.00 deliveries=1.00 delivered_agents=1.00/2
Step 1261568 | stage_step= 933888 | Episodes: 56339
Step 1271808 | stage_step= 944128 | Episodes: 56695
Eval @1277952 | stage_step= 950272 | sr=0.00% | reward=774.90 +/- 0.00 | pickups=2.00 deliveries=1.00 delivered_agents=1.00/2
Step 1280000 | stage_step= 952320 | Episodes: 56973
[MultiQuadEnv] Steps 460001-480000 | pickups=2696 | deliveries=1227 | total_pickups=59807 | total_deliveries=22197
Step 1290240 | stage_step= 962560 | Episodes: 57315
Step 1300480 | stage_step= 972800 | Episodes: 57679
Eval @1304576 | stage_step= 976896 | sr=0.00% | reward=775.65 +/- 0.00 | pickups=2.00 deliveries=1.00 delivered_agents=1.00/2
Step 1310720 | stage_step= 983040 | Episodes: 58020
Step 1320960 | stage_step= 993280 | Episodes: 58392
[MultiQuadEnv] Steps 480001-500000 | pickups=2720 | deliveries=1288 | total_pickups=62527 | total_deliveries=23485
Eval @1329152 | stage_step=1001472 | sr=0.00% | reward=775.30 +/- 0.00 | pickups=2.00 deliveries=1.00 delivered_agents=1.00/2
Full budget used for s4_wider_t_branch_fixed. Best stage success=0.00%.
No successful checkpoint found for s4_wider_t_branch_fixed; restored pre-stage model.
Final eval | success_rate=100.00% | mean_reward=2296.60 +/- 0.00 | pickups=2.00 deliveries=2.00 | delivered_agents=2.00/2 

### SLOW FIXED SWEEP 15/20: quad_physics_mappo_fixed_v12_slow_sweep_long_seed23 ###

Using device: cpu
Initial Quad MAPPO: agents=2 obs=(36,) grid=(6, 5) starts=[(4, 2), (3, 2)] package=(2, 2) deliveries=[(1, 1), (1, 3)] lanes=6 rand_pkg=False rand_del=False dt=0.05 substeps=8 max_tilt=0.32

=== Stage 1/25: s1_short_t_fixed (fixed positions) ===
Stage: agents=2 obs=(36,) grid=(6, 5) starts=[(4, 2), (3, 2)] package=(2, 2) deliveries=[(1, 1), (1, 3)] lanes=6 rand_pkg=False rand_del=False dt=0.05 substeps=8 max_tilt=0.32
Step   10240 | stage_step=  10240 | Episodes:   938
Step   20480 | stage_step=  20480 | Episodes:  1939
Eval @  20480 | stage_step=  20480 | sr=0.00% | reward=625.00 +/- 0.00 | pickups=1.00 deliveries=1.00 delivered_agents=1.00/2
Step   30720 | stage_step=  30720 | Episodes:  2907
[MultiQuadEnv] Steps 1-20000 | pickups=2443 | deliveries=401 | total_pickups=2443 | total_deliveries=401
Step   40960 | stage_step=  40960 | Episodes:  3810
Eval @  40960 | stage_step=  40960 | sr=0.00% | reward=777.00 +/- 0.00 | pickups=2.00 deliveries=1.00 delivered_agents=1.00/2
Step   51200 | stage_step=  51200 | Episodes:  4711
Step   61440 | stage_step=  61440 | Episodes:  5563
Eval @  61440 | stage_step=  61440 | sr=0.00% | reward=777.20 +/- 0.00 | pickups=2.00 deliveries=1.00 delivered_agents=1.00/2
Step   71680 | stage_step=  71680 | Episodes:  6344
[MultiQuadEnv] Steps 20001-40000 | pickups=4158 | deliveries=1553 | total_pickups=6601 | total_deliveries=1954
Step   81920 | stage_step=  81920 | Episodes:  7091
Eval @  81920 | stage_step=  81920 | sr=100.00% | reward=2297.20 +/- 0.00 | pickups=2.00 deliveries=2.00 delivered_agents=2.00/2
Early promotion from s1_short_t_fixed: 100.00% >= 90.00%
Restored best for s1_short_t_fixed: sr=100.00% | reward=2297.20

=== Stage 2/25: s2_wider_t_stem_fixed (fixed positions) ===
Stage: agents=2 obs=(36,) grid=(8, 9) starts=[(6, 4), (5, 4)] package=(3, 4) deliveries=[(2, 4), (1, 4)] lanes=12 rand_pkg=False rand_del=False dt=0.05 substeps=8 max_tilt=0.32
Step   90112 | stage_step=   8192 | Episodes:  7770
Step  100352 | stage_step=  18432 | Episodes:  8565
Eval @ 108544 | stage_step=  26624 | sr=100.00% | reward=2247.40 +/- 0.00 | pickups=2.00 deliveries=2.00 delivered_agents=2.00/2
Step  110592 | stage_step=  28672 | Episodes:  9365
Step  120832 | stage_step=  38912 | Episodes: 10158
[MultiQuadEnv] Steps 1-20000 | pickups=3863 | deliveries=2191 | total_pickups=3863 | total_deliveries=2191
Step  131072 | stage_step=  49152 | Episodes: 10939
Eval @ 133120 | stage_step=  51200 | sr=100.00% | reward=2247.40 +/- 0.00 | pickups=2.00 deliveries=2.00 delivered_agents=2.00/2
Step  141312 | stage_step=  59392 | Episodes: 11735
Step  151552 | stage_step=  69632 | Episodes: 12536
Eval @ 157696 | stage_step=  75776 | sr=100.00% | reward=2247.40 +/- 0.00 | pickups=2.00 deliveries=2.00 delivered_agents=2.00/2
Step  161792 | stage_step=  79872 | Episodes: 13317
[MultiQuadEnv] Steps 20001-40000 | pickups=4574 | deliveries=3376 | total_pickups=8437 | total_deliveries=5567
Step  172032 | stage_step=  90112 | Episodes: 14082
Step  180224 | stage_step=  98304 | Episodes: 14688
Eval @ 182272 | stage_step= 100352 | sr=100.00% | reward=2247.40 +/- 0.00 | pickups=2.00 deliveries=2.00 delivered_agents=2.00/2
Early promotion from s2_wider_t_stem_fixed: 100.00% >= 85.00%
Restored best for s2_wider_t_stem_fixed: sr=100.00% | reward=2247.40

=== Stage 3/25: s3_wider_t_near_branch_fixed (fixed positions) ===
Stage: agents=2 obs=(36,) grid=(8, 9) starts=[(6, 4), (5, 4)] package=(2, 4) deliveries=[(1, 3), (1, 5)] lanes=12 rand_pkg=False rand_del=False dt=0.05 substeps=8 max_tilt=0.32
Step  190464 | stage_step=   8192 | Episodes: 15415
Step  200704 | stage_step=  18432 | Episodes: 16104
Eval @ 208896 | stage_step=  26624 | sr=0.00% | reward=777.00 +/- 0.00 | pickups=2.00 deliveries=1.00 delivered_agents=1.00/2
Step  210944 | stage_step=  28672 | Episodes: 16757
Step  221184 | stage_step=  38912 | Episodes: 17373
[MultiQuadEnv] Steps 1-20000 | pickups=3622 | deliveries=822 | total_pickups=3622 | total_deliveries=822
Step  231424 | stage_step=  49152 | Episodes: 17998
Eval @ 233472 | stage_step=  51200 | sr=100.00% | reward=2296.60 +/- 0.00 | pickups=2.00 deliveries=2.00 delivered_agents=2.00/2
Step  241664 | stage_step=  59392 | Episodes: 18580
Step  251904 | stage_step=  69632 | Episodes: 19167
Eval @ 258048 | stage_step=  75776 | sr=100.00% | reward=2296.60 +/- 0.00 | pickups=2.00 deliveries=2.00 delivered_agents=2.00/2
Step  260096 | stage_step=  77824 | Episodes: 19636
[MultiQuadEnv] Steps 20001-40000 | pickups=3221 | deliveries=1623 | total_pickups=6843 | total_deliveries=2445
Step  270336 | stage_step=  88064 | Episodes: 20203
Step  280576 | stage_step=  98304 | Episodes: 20773
Eval @ 282624 | stage_step= 100352 | sr=100.00% | reward=2296.60 +/- 0.00 | pickups=2.00 deliveries=2.00 delivered_agents=2.00/2
Early promotion from s3_wider_t_near_branch_fixed: 100.00% >= 75.00%
Restored best for s3_wider_t_near_branch_fixed: sr=100.00% | reward=2296.60

=== Stage 4/25: s4_wider_t_branch_fixed (fixed positions) ===
Stage: agents=2 obs=(36,) grid=(8, 9) starts=[(6, 4), (5, 4)] package=(3, 4) deliveries=[(1, 1), (1, 7)] lanes=12 rand_pkg=False rand_del=False dt=0.05 substeps=8 max_tilt=0.32
Step  290816 | stage_step=   8192 | Episodes: 21456
Step  301056 | stage_step=  18432 | Episodes: 22090
Eval @ 309248 | stage_step=  26624 | sr=0.00% | reward=276.25 +/- 0.00 | pickups=2.00 deliveries=0.00 delivered_agents=0.00/2
Step  311296 | stage_step=  28672 | Episodes: 22676
Step  321536 | stage_step=  38912 | Episodes: 23237
[MultiQuadEnv] Steps 1-20000 | pickups=4311 | deliveries=150 | total_pickups=4311 | total_deliveries=150
Step  331776 | stage_step=  49152 | Episodes: 23774
Eval @ 333824 | stage_step=  51200 | sr=0.00% | reward=774.70 +/- 0.00 | pickups=2.00 deliveries=1.00 delivered_agents=1.00/2
Step  342016 | stage_step=  59392 | Episodes: 24287
Step  350208 | stage_step=  67584 | Episodes: 24669
Eval @ 358400 | stage_step=  75776 | sr=0.00% | reward=774.60 +/- 0.00 | pickups=2.00 deliveries=1.00 delivered_agents=1.00/2
Step  360448 | stage_step=  77824 | Episodes: 25124
[MultiQuadEnv] Steps 20001-40000 | pickups=3684 | deliveries=728 | total_pickups=7995 | total_deliveries=878
Step  370688 | stage_step=  88064 | Episodes: 25555
Step  380928 | stage_step=  98304 | Episodes: 25964
Eval @ 382976 | stage_step= 100352 | sr=0.00% | reward=774.50 +/- 0.00 | pickups=2.00 deliveries=1.00 delivered_agents=1.00/2
Step  391168 | stage_step= 108544 | Episodes: 26369
Step  401408 | stage_step= 118784 | Episodes: 26766
[MultiQuadEnv] Steps 40001-60000 | pickups=3138 | deliveries=1145 | total_pickups=11133 | total_deliveries=2023
Eval @ 409600 | stage_step= 126976 | sr=0.00% | reward=774.50 +/- 0.00 | pickups=2.00 deliveries=1.00 delivered_agents=1.00/2
Step  411648 | stage_step= 129024 | Episodes: 27171
Step  421888 | stage_step= 139264 | Episodes: 27574
Step  430080 | stage_step= 147456 | Episodes: 27891
Eval @ 434176 | stage_step= 151552 | sr=0.00% | reward=774.20 +/- 0.00 | pickups=2.00 deliveries=1.00 delivered_agents=1.00/2
Step  440320 | stage_step= 157696 | Episodes: 28296
[MultiQuadEnv] Steps 60001-80000 | pickups=3124 | deliveries=1337 | total_pickups=14257 | total_deliveries=3360
Step  450560 | stage_step= 167936 | Episodes: 28710
Eval @ 458752 | stage_step= 176128 | sr=100.00% | reward=2294.60 +/- 0.00 | pickups=2.00 deliveries=2.00 delivered_agents=2.00/2
Early promotion from s4_wider_t_branch_fixed: 100.00% >= 80.00%
Restored best for s4_wider_t_branch_fixed: sr=100.00% | reward=2294.60
Set actor_log_std=-0.35 for stage exploration

=== Stage 5/25: s5_tiny_pipe_line_fixed (fixed positions) ===
Stage: agents=2 obs=(36,) grid=(12, 12) starts=[(2, 3), (2, 4)] package=(2, 5) deliveries=[(2, 6), (2, 7)] lanes=47 rand_pkg=False rand_del=False dt=0.05 substeps=8 max_tilt=0.32
Step  460800 | stage_step=   2048 | Episodes: 29355
Step  471040 | stage_step=  12288 | Episodes: 30748
Step  481280 | stage_step=  22528 | Episodes: 31413
Eval @ 485376 | stage_step=  26624 | sr=0.00% | reward=71.00 +/- 0.00 | pickups=1.00 deliveries=0.00 delivered_agents=0.00/2
Step  491520 | stage_step=  32768 | Episodes: 31800
[MultiQuadEnv] Steps 1-20000 | pickups=1372 | deliveries=462 | total_pickups=1372 | total_deliveries=462
Step  501760 | stage_step=  43008 | Episodes: 32167
Eval @ 509952 | stage_step=  51200 | sr=100.00% | reward=2244.80 +/- 0.00 | pickups=2.00 deliveries=2.00 delivered_agents=2.00/2
Step  512000 | stage_step=  53248 | Episodes: 32519
Step  520192 | stage_step=  61440 | Episodes: 32835
Step  530432 | stage_step=  71680 | Episodes: 33258
Eval @ 534528 | stage_step=  75776 | sr=100.00% | reward=2246.20 +/- 0.00 | pickups=2.00 deliveries=2.00 delivered_agents=2.00/2
[MultiQuadEnv] Steps 20001-40000 | pickups=2324 | deliveries=1738 | total_pickups=3696 | total_deliveries=2200
Step  540672 | stage_step=  81920 | Episodes: 33684
Step  550912 | stage_step=  92160 | Episodes: 34163
Eval @ 559104 | stage_step= 100352 | sr=100.00% | reward=2246.40 +/- 0.00 | pickups=2.00 deliveries=2.00 delivered_agents=2.00/2
Early promotion from s5_tiny_pipe_line_fixed: 100.00% >= 80.00%
Restored best for s5_tiny_pipe_line_fixed: sr=100.00% | reward=2246.40
Set actor_log_std=-0.35 for stage exploration

=== Stage 6/25: s6_small_pipe_line_fixed (fixed positions) ===
Stage: agents=2 obs=(36,) grid=(18, 18) starts=[(2, 3), (2, 4)] package=(2, 6) deliveries=[(2, 8), (2, 9)] lanes=104 rand_pkg=False rand_del=False dt=0.05 substeps=8 max_tilt=0.32
Step  561152 | stage_step=   2048 | Episodes: 34627
Step  571392 | stage_step=  12288 | Episodes: 35019
Step  581632 | stage_step=  22528 | Episodes: 35404
Eval @ 585728 | stage_step=  26624 | sr=100.00% | reward=2246.20 +/- 0.00 | pickups=2.00 deliveries=2.00 delivered_agents=2.00/2
Step  591872 | stage_step=  32768 | Episodes: 35793
[MultiQuadEnv] Steps 1-20000 | pickups=2317 | deliveries=1681 | total_pickups=2317 | total_deliveries=1681
Step  600064 | stage_step=  40960 | Episodes: 36070
Step  610304 | stage_step=  51200 | Episodes: 36456
Eval @ 610304 | stage_step=  51200 | sr=100.00% | reward=2246.60 +/- 0.00 | pickups=2.00 deliveries=2.00 delivered_agents=2.00/2
Step  620544 | stage_step=  61440 | Episodes: 36882
Step  630784 | stage_step=  71680 | Episodes: 37298
Eval @ 634880 | stage_step=  75776 | sr=100.00% | reward=2246.60 +/- 0.00 | pickups=2.00 deliveries=2.00 delivered_agents=2.00/2
[MultiQuadEnv] Steps 20001-40000 | pickups=2658 | deliveries=2168 | total_pickups=4975 | total_deliveries=3849
Step  641024 | stage_step=  81920 | Episodes: 37719
Step  651264 | stage_step=  92160 | Episodes: 38137
Eval @ 659456 | stage_step= 100352 | sr=100.00% | reward=2246.60 +/- 0.00 | pickups=2.00 deliveries=2.00 delivered_agents=2.00/2
Early promotion from s6_small_pipe_line_fixed: 100.00% >= 80.00%
Restored best for s6_small_pipe_line_fixed: sr=100.00% | reward=2246.60
Set actor_log_std=-0.35 for stage exploration

=== Stage 7/25: s7_small_pipe_vertical_fixed (fixed positions) ===
Stage: agents=2 obs=(36,) grid=(18, 18) starts=[(2, 8), (3, 8)] package=(4, 8) deliveries=[(5, 8), (6, 8)] lanes=104 rand_pkg=False rand_del=False dt=0.05 substeps=8 max_tilt=0.32
Step  661504 | stage_step=   2048 | Episodes: 38577
Step  671744 | stage_step=  12288 | Episodes: 39063
Step  681984 | stage_step=  22528 | Episodes: 39413
Eval @ 686080 | stage_step=  26624 | sr=0.00% | reward=-29.20 +/- 0.00 | pickups=0.00 deliveries=0.00 delivered_agents=0.00/2
Step  690176 | stage_step=  30720 | Episodes: 39657
[MultiQuadEnv] Steps 1-20000 | pickups=61 | deliveries=4 | total_pickups=61 | total_deliveries=4
Step  700416 | stage_step=  40960 | Episodes: 39968
Step  710656 | stage_step=  51200 | Episodes: 40284
Eval @ 710656 | stage_step=  51200 | sr=0.00% | reward=124.40 +/- 0.00 | pickups=1.00 deliveries=0.00 delivered_agents=0.00/2
Step  720896 | stage_step=  61440 | Episodes: 40549
Step  731136 | stage_step=  71680 | Episodes: 40828
Eval @ 735232 | stage_step=  75776 | sr=0.00% | reward=524.80 +/- 0.00 | pickups=1.00 deliveries=1.00 delivered_agents=1.00/2
[MultiQuadEnv] Steps 20001-40000 | pickups=516 | deliveries=88 | total_pickups=577 | total_deliveries=92
Step  741376 | stage_step=  81920 | Episodes: 41098
Step  751616 | stage_step=  92160 | Episodes: 41398
Eval @ 759808 | stage_step= 100352 | sr=0.00% | reward=525.60 +/- 0.00 | pickups=1.00 deliveries=1.00 delivered_agents=1.00/2
Step  761856 | stage_step= 102400 | Episodes: 41657
Step  770048 | stage_step= 110592 | Episodes: 41864
[MultiQuadEnv] Steps 40001-60000 | pickups=724 | deliveries=184 | total_pickups=1301 | total_deliveries=276
Step  780288 | stage_step= 120832 | Episodes: 42118
Eval @ 786432 | stage_step= 126976 | sr=0.00% | reward=525.80 +/- 0.00 | pickups=1.00 deliveries=1.00 delivered_agents=1.00/2
Step  790528 | stage_step= 131072 | Episodes: 42364
Step  800768 | stage_step= 141312 | Episodes: 42574
Step  811008 | stage_step= 151552 | Episodes: 42785
Eval @ 811008 | stage_step= 151552 | sr=0.00% | reward=525.00 +/- 0.00 | pickups=1.00 deliveries=1.00 delivered_agents=1.00/2
[MultiQuadEnv] Steps 60001-80000 | pickups=696 | deliveries=264 | total_pickups=1997 | total_deliveries=540
Step  821248 | stage_step= 161792 | Episodes: 43044
Step  831488 | stage_step= 172032 | Episodes: 43288
Eval @ 835584 | stage_step= 176128 | sr=0.00% | reward=126.40 +/- 0.00 | pickups=1.00 deliveries=0.00 delivered_agents=0.00/2
Step  841728 | stage_step= 182272 | Episodes: 43561
Step  851968 | stage_step= 192512 | Episodes: 43787
[MultiQuadEnv] Steps 80001-100000 | pickups=818 | deliveries=337 | total_pickups=2815 | total_deliveries=877
Step  860160 | stage_step= 200704 | Episodes: 43971
Eval @ 860160 | stage_step= 200704 | sr=0.00% | reward=526.20 +/- 0.00 | pickups=1.00 deliveries=1.00 delivered_agents=1.00/2
Step  870400 | stage_step= 210944 | Episodes: 44242
Step  880640 | stage_step= 221184 | Episodes: 44551
Eval @ 884736 | stage_step= 225280 | sr=0.00% | reward=526.40 +/- 0.00 | pickups=1.00 deliveries=1.00 delivered_agents=1.00/2
Step  890880 | stage_step= 231424 | Episodes: 44826
[MultiQuadEnv] Steps 100001-120000 | pickups=951 | deliveries=399 | total_pickups=3766 | total_deliveries=1276
Step  901120 | stage_step= 241664 | Episodes: 45114
Step  911360 | stage_step= 251904 | Episodes: 45375
Eval @ 911360 | stage_step= 251904 | sr=0.00% | reward=526.40 +/- 0.00 | pickups=1.00 deliveries=1.00 delivered_agents=1.00/2
Step  921600 | stage_step= 262144 | Episodes: 45636
Step  931840 | stage_step= 272384 | Episodes: 45943
Eval @ 935936 | stage_step= 276480 | sr=0.00% | reward=526.40 +/- 0.00 | pickups=1.00 deliveries=1.00 delivered_agents=1.00/2
[MultiQuadEnv] Steps 120001-140000 | pickups=1033 | deliveries=476 | total_pickups=4799 | total_deliveries=1752
Step  940032 | stage_step= 280576 | Episodes: 46179
Step  950272 | stage_step= 290816 | Episodes: 46503
Step  960512 | stage_step= 301056 | Episodes: 46856
Eval @ 960512 | stage_step= 301056 | sr=0.00% | reward=526.60 +/- 0.00 | pickups=1.00 deliveries=1.00 delivered_agents=1.00/2
Step  970752 | stage_step= 311296 | Episodes: 47185
[MultiQuadEnv] Steps 140001-160000 | pickups=1291 | deliveries=653 | total_pickups=6090 | total_deliveries=2405
Step  980992 | stage_step= 321536 | Episodes: 47529
Eval @ 985088 | stage_step= 325632 | sr=100.00% | reward=2245.40 +/- 0.00 | pickups=2.00 deliveries=2.00 delivered_agents=2.00/2
Early promotion from s7_small_pipe_vertical_fixed: 100.00% >= 80.00%
Restored best for s7_small_pipe_vertical_fixed: sr=100.00% | reward=2245.40
Set actor_log_std=-0.35 for stage exploration

=== Stage 8/25: s8_small_pipe_turn_fixed (fixed positions) ===
Stage: agents=2 obs=(36,) grid=(18, 18) starts=[(2, 6), (2, 7)] package=(2, 8) deliveries=[(4, 8), (5, 8)] lanes=104 rand_pkg=False rand_del=False dt=0.05 substeps=8 max_tilt=0.32
Step  991232 | stage_step=   6144 | Episodes: 47895
Step 1001472 | stage_step=  16384 | Episodes: 48198
Step 1011712 | stage_step=  26624 | Episodes: 48451
Eval @1011712 | stage_step=  26624 | sr=0.00% | reward=506.40 +/- 0.00 | pickups=1.00 deliveries=1.00 delivered_agents=1.00/2
Step 1021952 | stage_step=  36864 | Episodes: 48640
[MultiQuadEnv] Steps 1-20000 | pickups=902 | deliveries=231 | total_pickups=902 | total_deliveries=231
Step 1030144 | stage_step=  45056 | Episodes: 48811
Eval @1036288 | stage_step=  51200 | sr=0.00% | reward=506.00 +/- 0.00 | pickups=1.00 deliveries=1.00 delivered_agents=1.00/2
Step 1040384 | stage_step=  55296 | Episodes: 49015
Step 1050624 | stage_step=  65536 | Episodes: 49199
Step 1060864 | stage_step=  75776 | Episodes: 49392
Eval @1060864 | stage_step=  75776 | sr=0.00% | reward=506.00 +/- 0.00 | pickups=1.00 deliveries=1.00 delivered_agents=1.00/2
[MultiQuadEnv] Steps 20001-40000 | pickups=948 | deliveries=482 | total_pickups=1850 | total_deliveries=713
Step 1071104 | stage_step=  86016 | Episodes: 49615
Step 1081344 | stage_step=  96256 | Episodes: 49824
Eval @1085440 | stage_step= 100352 | sr=100.00% | reward=2244.00 +/- 0.00 | pickups=2.00 deliveries=2.00 delivered_agents=2.00/2
Early promotion from s8_small_pipe_turn_fixed: 100.00% >= 75.00%
Restored best for s8_small_pipe_turn_fixed: sr=100.00% | reward=2244.00
Set actor_log_std=-0.35 for stage exploration

=== Stage 9/25: s9_small_pipe_fixed (fixed positions) ===
Stage: agents=2 obs=(36,) grid=(18, 18) starts=[(2, 3), (2, 4)] package=(4, 8) deliveries=[(8, 13), (9, 12)] lanes=104 rand_pkg=False rand_del=False dt=0.05 substeps=8 max_tilt=0.32
Step 1091584 | stage_step=   6144 | Episodes: 50021
Step 1101824 | stage_step=  16384 | Episodes: 50194
Step 1110016 | stage_step=  24576 | Episodes: 50363
Eval @1112064 | stage_step=  26624 | sr=0.00% | reward=-1641.35 +/- 0.00 | pickups=0.00 deliveries=0.00 delivered_agents=0.00/2
Step 1120256 | stage_step=  34816 | Episodes: 50627
[MultiQuadEnv] Steps 1-20000 | pickups=147 | deliveries=1 | total_pickups=147 | total_deliveries=1
Step 1130496 | stage_step=  45056 | Episodes: 50847
Eval @1136640 | stage_step=  51200 | sr=0.00% | reward=-33.15 +/- 0.00 | pickups=0.00 deliveries=0.00 delivered_agents=0.00/2
Step 1140736 | stage_step=  55296 | Episodes: 51099
Step 1150976 | stage_step=  65536 | Episodes: 51336
Step 1161216 | stage_step=  75776 | Episodes: 51572
Eval @1161216 | stage_step=  75776 | sr=0.00% | reward=-31.40 +/- 0.00 | pickups=0.00 deliveries=0.00 delivered_agents=0.00/2
[MultiQuadEnv] Steps 20001-40000 | pickups=390 | deliveries=2 | total_pickups=537 | total_deliveries=3
Step 1171456 | stage_step=  86016 | Episodes: 51779
Step 1181696 | stage_step=  96256 | Episodes: 51998
Eval @1185792 | stage_step= 100352 | sr=0.00% | reward=268.00 +/- 0.00 | pickups=2.00 deliveries=0.00 delivered_agents=0.00/2
Step 1191936 | stage_step= 106496 | Episodes: 52214
Step 1200128 | stage_step= 114688 | Episodes: 52358
[MultiQuadEnv] Steps 40001-60000 | pickups=576 | deliveries=7 | total_pickups=1113 | total_deliveries=10
Step 1210368 | stage_step= 124928 | Episodes: 52567
Eval @1212416 | stage_step= 126976 | sr=0.00% | reward=-1823.00 +/- 0.00 | pickups=1.00 deliveries=0.00 delivered_agents=0.00/2
Step 1220608 | stage_step= 135168 | Episodes: 52735
Step 1230848 | stage_step= 145408 | Episodes: 52918
Eval @1236992 | stage_step= 151552 | sr=0.00% | reward=265.95 +/- 0.00 | pickups=2.00 deliveries=0.00 delivered_agents=0.00/2
Step 1241088 | stage_step= 155648 | Episodes: 53095
[MultiQuadEnv] Steps 60001-80000 | pickups=579 | deliveries=44 | total_pickups=1692 | total_deliveries=54
Step 1251328 | stage_step= 165888 | Episodes: 53273
Step 1261568 | stage_step= 176128 | Episodes: 53451
Eval @1261568 | stage_step= 176128 | sr=0.00% | reward=118.00 +/- 0.00 | pickups=1.00 deliveries=0.00 delivered_agents=0.00/2
Step 1271808 | stage_step= 186368 | Episodes: 53630
Step 1280000 | stage_step= 194560 | Episodes: 53759
[MultiQuadEnv] Steps 80001-100000 | pickups=665 | deliveries=87 | total_pickups=2357 | total_deliveries=141
Eval @1286144 | stage_step= 200704 | sr=0.00% | reward=660.80 +/- 0.00 | pickups=2.00 deliveries=1.00 delivered_agents=1.00/2
Step 1290240 | stage_step= 204800 | Episodes: 53939
Step 1300480 | stage_step= 215040 | Episodes: 54112
Step 1310720 | stage_step= 225280 | Episodes: 54274
Eval @1310720 | stage_step= 225280 | sr=0.00% | reward=-295.90 +/- 0.00 | pickups=2.00 deliveries=1.00 delivered_agents=1.00/2
Step 1320960 | stage_step= 235520 | Episodes: 54430
[MultiQuadEnv] Steps 100001-120000 | pickups=649 | deliveries=99 | total_pickups=3006 | total_deliveries=240
Step 1331200 | stage_step= 245760 | Episodes: 54598
Eval @1337344 | stage_step= 251904 | sr=0.00% | reward=259.45 +/- 0.00 | pickups=2.00 deliveries=0.00 delivered_agents=0.00/2
Step 1341440 | stage_step= 256000 | Episodes: 54779
Step 1351680 | stage_step= 266240 | Episodes: 54951
Step 1361920 | stage_step= 276480 | Episodes: 55121
Eval @1361920 | stage_step= 276480 | sr=100.00% | reward=2217.50 +/- 0.00 | pickups=2.00 deliveries=2.00 delivered_agents=2.00/2
Early promotion from s9_small_pipe_fixed: 100.00% >= 75.00%
Restored best for s9_small_pipe_fixed: sr=100.00% | reward=2217.50

=== Stage 10/25: s10_pipe_4x4_fixed (fixed positions) ===
Stage: agents=2 obs=(36,) grid=(24, 24) starts=[(2, 3), (2, 4)] package=(14, 3) deliveries=[(18, 15), (19, 14)] lanes=205 rand_pkg=False rand_del=False dt=0.05 substeps=8 max_tilt=0.32
Step 1370112 | stage_step=   8192 | Episodes: 55810
Step 1380352 | stage_step=  18432 | Episodes: 56753
Step 1390592 | stage_step=  28672 | Episodes: 57853
Step 1400832 | stage_step=  38912 | Episodes: 59002
[MultiQuadEnv] Steps 1-20000 | pickups=0 | deliveries=0 | total_pickups=0 | total_deliveries=0
Eval @1402880 | stage_step=  40960 | sr=0.00% | reward=-22.00 +/- 0.00 | pickups=0.00 deliveries=0.00 delivered_agents=0.00/2
Step 1411072 | stage_step=  49152 | Episodes: 60177
Step 1421312 | stage_step=  59392 | Episodes: 61359
Step 1431552 | stage_step=  69632 | Episodes: 62561
Step 1441792 | stage_step=  79872 | Episodes: 63767
[MultiQuadEnv] Steps 20001-40000 | pickups=0 | deliveries=0 | total_pickups=0 | total_deliveries=0
Eval @1443840 | stage_step=  81920 | sr=0.00% | reward=-21.95 +/- 0.00 | pickups=0.00 deliveries=0.00 delivered_agents=0.00/2
Step 1452032 | stage_step=  90112 | Episodes: 64977
Step 1460224 | stage_step=  98304 | Episodes: 65959
Step 1470464 | stage_step= 108544 | Episodes: 67194
Step 1480704 | stage_step= 118784 | Episodes: 68429
[MultiQuadEnv] Steps 40001-60000 | pickups=0 | deliveries=0 | total_pickups=0 | total_deliveries=0
Eval @1482752 | stage_step= 120832 | sr=0.00% | reward=-21.95 +/- 0.00 | pickups=0.00 deliveries=0.00 delivered_agents=0.00/2
Step 1490944 | stage_step= 129024 | Episodes: 69667
Step 1501184 | stage_step= 139264 | Episodes: 70910
Step 1511424 | stage_step= 149504 | Episodes: 72154
Step 1521664 | stage_step= 159744 | Episodes: 73398
[MultiQuadEnv] Steps 60001-80000 | pickups=0 | deliveries=0 | total_pickups=0 | total_deliveries=0
Eval @1523712 | stage_step= 161792 | sr=0.00% | reward=-21.95 +/- 0.00 | pickups=0.00 deliveries=0.00 delivered_agents=0.00/2
Step 1531904 | stage_step= 169984 | Episodes: 74650
Step 1540096 | stage_step= 178176 | Episodes: 75650
Step 1550336 | stage_step= 188416 | Episodes: 76910
Step 1560576 | stage_step= 198656 | Episodes: 78171
[MultiQuadEnv] Steps 80001-100000 | pickups=0 | deliveries=0 | total_pickups=0 | total_deliveries=0
Eval @1562624 | stage_step= 200704 | sr=0.00% | reward=-21.95 +/- 0.00 | pickups=0.00 deliveries=0.00 delivered_agents=0.00/2
Step 1570816 | stage_step= 208896 | Episodes: 79427
Step 1581056 | stage_step= 219136 | Episodes: 80691
Step 1591296 | stage_step= 229376 | Episodes: 81956
Step 1601536 | stage_step= 239616 | Episodes: 83220
[MultiQuadEnv] Steps 100001-120000 | pickups=0 | deliveries=0 | total_pickups=0 | total_deliveries=0
Eval @1603584 | stage_step= 241664 | sr=0.00% | reward=-21.95 +/- 0.00 | pickups=0.00 deliveries=0.00 delivered_agents=0.00/2
Step 1611776 | stage_step= 249856 | Episodes: 84484
Step 1622016 | stage_step= 260096 | Episodes: 85750
Step 1630208 | stage_step= 268288 | Episodes: 86765
Step 1640448 | stage_step= 278528 | Episodes: 88035
[MultiQuadEnv] Steps 120001-140000 | pickups=0 | deliveries=0 | total_pickups=0 | total_deliveries=0
Eval @1642496 | stage_step= 280576 | sr=0.00% | reward=-21.95 +/- 0.00 | pickups=0.00 deliveries=0.00 delivered_agents=0.00/2
Step 1650688 | stage_step= 288768 | Episodes: 89305
Step 1660928 | stage_step= 299008 | Episodes: 90576
Step 1671168 | stage_step= 309248 | Episodes: 91848
Step 1681408 | stage_step= 319488 | Episodes: 93122
[MultiQuadEnv] Steps 140001-160000 | pickups=0 | deliveries=0 | total_pickups=0 | total_deliveries=0
Eval @1683456 | stage_step= 321536 | sr=0.00% | reward=-21.95 +/- 0.00 | pickups=0.00 deliveries=0.00 delivered_agents=0.00/2
Step 1691648 | stage_step= 329728 | Episodes: 94394
Step 1701888 | stage_step= 339968 | Episodes: 95669
Step 1710080 | stage_step= 348160 | Episodes: 96688
Step 1720320 | stage_step= 358400 | Episodes: 97963
[MultiQuadEnv] Steps 160001-180000 | pickups=0 | deliveries=0 | total_pickups=0 | total_deliveries=0
Eval @1722368 | stage_step= 360448 | sr=0.00% | reward=-21.95 +/- 0.00 | pickups=0.00 deliveries=0.00 delivered_agents=0.00/2
Step 1730560 | stage_step= 368640 | Episodes: 99237
Step 1740800 | stage_step= 378880 | Episodes: 100512
Step 1751040 | stage_step= 389120 | Episodes: 101787
Step 1761280 | stage_step= 399360 | Episodes: 103062
[MultiQuadEnv] Steps 180001-200000 | pickups=0 | deliveries=0 | total_pickups=0 | total_deliveries=0
Eval @1763328 | stage_step= 401408 | sr=0.00% | reward=-21.95 +/- 0.00 | pickups=0.00 deliveries=0.00 delivered_agents=0.00/2
Step 1771520 | stage_step= 409600 | Episodes: 104337
Step 1781760 | stage_step= 419840 | Episodes: 105612
Step 1792000 | stage_step= 430080 | Episodes: 106888
Step 1800192 | stage_step= 438272 | Episodes: 107908
[MultiQuadEnv] Steps 200001-220000 | pickups=0 | deliveries=0 | total_pickups=0 | total_deliveries=0
Eval @1802240 | stage_step= 440320 | sr=0.00% | reward=-21.95 +/- 0.00 | pickups=0.00 deliveries=0.00 delivered_agents=0.00/2
Step 1810432 | stage_step= 448512 | Episodes: 109182
Step 1820672 | stage_step= 458752 | Episodes: 110458
Step 1830912 | stage_step= 468992 | Episodes: 111735
Step 1841152 | stage_step= 479232 | Episodes: 113013
[MultiQuadEnv] Steps 220001-240000 | pickups=0 | deliveries=0 | total_pickups=0 | total_deliveries=0
Eval @1843200 | stage_step= 481280 | sr=0.00% | reward=-21.95 +/- 0.00 | pickups=0.00 deliveries=0.00 delivered_agents=0.00/2
Step 1851392 | stage_step= 489472 | Episodes: 114291
Step 1861632 | stage_step= 499712 | Episodes: 115567
Step 1871872 | stage_step= 509952 | Episodes: 116844
Step 1880064 | stage_step= 518144 | Episodes: 117865
[MultiQuadEnv] Steps 240001-260000 | pickups=0 | deliveries=0 | total_pickups=0 | total_deliveries=0
Eval @1882112 | stage_step= 520192 | sr=0.00% | reward=-21.95 +/- 0.00 | pickups=0.00 deliveries=0.00 delivered_agents=0.00/2
Step 1890304 | stage_step= 528384 | Episodes: 119142
Step 1900544 | stage_step= 538624 | Episodes: 120419
Step 1910784 | stage_step= 548864 | Episodes: 121696
Step 1921024 | stage_step= 559104 | Episodes: 122976
[MultiQuadEnv] Steps 260001-280000 | pickups=0 | deliveries=0 | total_pickups=0 | total_deliveries=0
Eval @1923072 | stage_step= 561152 | sr=0.00% | reward=-21.95 +/- 0.00 | pickups=0.00 deliveries=0.00 delivered_agents=0.00/2
Step 1931264 | stage_step= 569344 | Episodes: 124253
Step 1941504 | stage_step= 579584 | Episodes: 125529
Step 1951744 | stage_step= 589824 | Episodes: 126806
[MultiQuadEnv] Steps 280001-300000 | pickups=0 | deliveries=0 | total_pickups=0 | total_deliveries=0
Step 1961984 | stage_step= 600064 | Episodes: 128084
Eval @1961984 | stage_step= 600064 | sr=0.00% | reward=-21.95 +/- 0.00 | pickups=0.00 deliveries=0.00 delivered_agents=0.00/2
Step 1970176 | stage_step= 608256 | Episodes: 129106
Step 1980416 | stage_step= 618496 | Episodes: 130382
Step 1990656 | stage_step= 628736 | Episodes: 131659
Step 2000896 | stage_step= 638976 | Episodes: 132938
[MultiQuadEnv] Steps 300001-320000 | pickups=0 | deliveries=0 | total_pickups=0 | total_deliveries=0
Eval @2002944 | stage_step= 641024 | sr=0.00% | reward=-21.95 +/- 0.00 | pickups=0.00 deliveries=0.00 delivered_agents=0.00/2
Step 2011136 | stage_step= 649216 | Episodes: 134217
Step 2021376 | stage_step= 659456 | Episodes: 135496
Step 2031616 | stage_step= 669696 | Episodes: 136773
Step 2041856 | stage_step= 679936 | Episodes: 138052
[MultiQuadEnv] Steps 320001-340000 | pickups=0 | deliveries=0 | total_pickups=0 | total_deliveries=0
Eval @2043904 | stage_step= 681984 | sr=0.00% | reward=-21.95 +/- 0.00 | pickups=0.00 deliveries=0.00 delivered_agents=0.00/2
Step 2050048 | stage_step= 688128 | Episodes: 139074
Step 2060288 | stage_step= 698368 | Episodes: 140353
Step 2070528 | stage_step= 708608 | Episodes: 141632
Step 2080768 | stage_step= 718848 | Episodes: 142910
[MultiQuadEnv] Steps 340001-360000 | pickups=0 | deliveries=0 | total_pickups=0 | total_deliveries=0
Eval @2082816 | stage_step= 720896 | sr=0.00% | reward=-21.95 +/- 0.00 | pickups=0.00 deliveries=0.00 delivered_agents=0.00/2
Step 2091008 | stage_step= 729088 | Episodes: 144189
Step 2101248 | stage_step= 739328 | Episodes: 145467
Step 2111488 | stage_step= 749568 | Episodes: 146747
Step 2121728 | stage_step= 759808 | Episodes: 148026
[MultiQuadEnv] Steps 360001-380000 | pickups=0 | deliveries=0 | total_pickups=0 | total_deliveries=0
Eval @2123776 | stage_step= 761856 | sr=0.00% | reward=-21.95 +/- 0.00 | pickups=0.00 deliveries=0.00 delivered_agents=0.00/2
Step 2131968 | stage_step= 770048 | Episodes: 149305
Step 2140160 | stage_step= 778240 | Episodes: 150328
Step 2150400 | stage_step= 788480 | Episodes: 151605
Step 2160640 | stage_step= 798720 | Episodes: 152885
[MultiQuadEnv] Steps 380001-400000 | pickups=0 | deliveries=0 | total_pickups=0 | total_deliveries=0
Eval @2162688 | stage_step= 800768 | sr=0.00% | reward=-21.95 +/- 0.00 | pickups=0.00 deliveries=0.00 delivered_agents=0.00/2
Step 2170880 | stage_step= 808960 | Episodes: 154165
Step 2181120 | stage_step= 819200 | Episodes: 155445
Step 2191360 | stage_step= 829440 | Episodes: 156724
Step 2201600 | stage_step= 839680 | Episodes: 158003
[MultiQuadEnv] Steps 400001-420000 | pickups=0 | deliveries=0 | total_pickups=0 | total_deliveries=0
Eval @2203648 | stage_step= 841728 | sr=0.00% | reward=-21.95 +/- 0.00 | pickups=0.00 deliveries=0.00 delivered_agents=0.00/2
Step 2211840 | stage_step= 849920 | Episodes: 159283
Eval @2213888 | stage_step= 851968 | sr=0.00% | reward=-21.95 +/- 0.00 | pickups=0.00 deliveries=0.00 delivered_agents=0.00/2
Full budget used for s10_pipe_4x4_fixed. Best stage success=0.00%.
No successful checkpoint found for s10_pipe_4x4_fixed; restored pre-stage model.
Final eval | success_rate=100.00% | mean_reward=2217.50 +/- 0.00 | pickups=2.00 deliveries=2.00 | delivered_agents=2.00/2 

### SLOW FIXED SWEEP 16/20: quad_physics_mappo_fixed_v12_slow_sweep_long_seed41 ###

Using device: cpu
Initial Quad MAPPO: agents=2 obs=(36,) grid=(6, 5) starts=[(4, 2), (3, 2)] package=(2, 2) deliveries=[(1, 1), (1, 3)] lanes=6 rand_pkg=False rand_del=False dt=0.05 substeps=8 max_tilt=0.32

=== Stage 1/25: s1_short_t_fixed (fixed positions) ===
Stage: agents=2 obs=(36,) grid=(6, 5) starts=[(4, 2), (3, 2)] package=(2, 2) deliveries=[(1, 1), (1, 3)] lanes=6 rand_pkg=False rand_del=False dt=0.05 substeps=8 max_tilt=0.32
Step   10240 | stage_step=  10240 | Episodes:  1037
Step   20480 | stage_step=  20480 | Episodes:  2061
Eval @  20480 | stage_step=  20480 | sr=0.00% | reward=726.40 +/- 0.00 | pickups=2.00 deliveries=1.00 delivered_agents=1.00/2
Step   30720 | stage_step=  30720 | Episodes:  3114
[MultiQuadEnv] Steps 1-20000 | pickups=2781 | deliveries=361 | total_pickups=2781 | total_deliveries=361
Step   40960 | stage_step=  40960 | Episodes:  4170
Eval @  40960 | stage_step=  40960 | sr=0.00% | reward=777.40 +/- 0.00 | pickups=2.00 deliveries=1.00 delivered_agents=1.00/2
Step   51200 | stage_step=  51200 | Episodes:  5238
Step   61440 | stage_step=  61440 | Episodes:  6306
Eval @  61440 | stage_step=  61440 | sr=0.00% | reward=278.00 +/- 0.00 | pickups=2.00 deliveries=0.00 delivered_agents=0.00/2
Step   71680 | stage_step=  71680 | Episodes:  7372
[MultiQuadEnv] Steps 20001-40000 | pickups=4616 | deliveries=1073 | total_pickups=7397 | total_deliveries=1434
Step   81920 | stage_step=  81920 | Episodes:  8443
Eval @  81920 | stage_step=  81920 | sr=0.00% | reward=778.00 +/- 0.00 | pickups=2.00 deliveries=1.00 delivered_agents=1.00/2
Step   90112 | stage_step=  90112 | Episodes:  9307
Step  100352 | stage_step= 100352 | Episodes: 10390
Eval @ 100352 | stage_step= 100352 | sr=0.00% | reward=778.00 +/- 0.00 | pickups=2.00 deliveries=1.00 delivered_agents=1.00/2
Step  110592 | stage_step= 110592 | Episodes: 11475
[MultiQuadEnv] Steps 40001-60000 | pickups=5267 | deliveries=1367 | total_pickups=12664 | total_deliveries=2801
Step  120832 | stage_step= 120832 | Episodes: 12521
Eval @ 120832 | stage_step= 120832 | sr=0.00% | reward=778.00 +/- 0.00 | pickups=2.00 deliveries=1.00 delivered_agents=1.00/2
Step  131072 | stage_step= 131072 | Episodes: 13544
Step  141312 | stage_step= 141312 | Episodes: 14582
Eval @ 141312 | stage_step= 141312 | sr=0.00% | reward=778.00 +/- 0.00 | pickups=2.00 deliveries=1.00 delivered_agents=1.00/2
Step  151552 | stage_step= 151552 | Episodes: 15571
[MultiQuadEnv] Steps 60001-80000 | pickups=5399 | deliveries=1781 | total_pickups=18063 | total_deliveries=4582
Step  161792 | stage_step= 161792 | Episodes: 16542
Eval @ 161792 | stage_step= 161792 | sr=0.00% | reward=778.00 +/- 0.00 | pickups=2.00 deliveries=1.00 delivered_agents=1.00/2
Step  172032 | stage_step= 172032 | Episodes: 17521
Step  180224 | stage_step= 180224 | Episodes: 18307
Eval @ 180224 | stage_step= 180224 | sr=100.00% | reward=2298.00 +/- 0.00 | pickups=2.00 deliveries=2.00 delivered_agents=2.00/2
Early promotion from s1_short_t_fixed: 100.00% >= 90.00%
Restored best for s1_short_t_fixed: sr=100.00% | reward=2298.00

=== Stage 2/25: s2_wider_t_stem_fixed (fixed positions) ===
Stage: agents=2 obs=(36,) grid=(8, 9) starts=[(6, 4), (5, 4)] package=(3, 4) deliveries=[(2, 4), (1, 4)] lanes=12 rand_pkg=False rand_del=False dt=0.05 substeps=8 max_tilt=0.32
Step  190464 | stage_step=  10240 | Episodes: 19260
Step  200704 | stage_step=  20480 | Episodes: 20097
Eval @ 206848 | stage_step=  26624 | sr=100.00% | reward=2247.60 +/- 0.00 | pickups=2.00 deliveries=2.00 delivered_agents=2.00/2
Step  210944 | stage_step=  30720 | Episodes: 20920
[MultiQuadEnv] Steps 1-20000 | pickups=4315 | deliveries=2430 | total_pickups=4315 | total_deliveries=2430
Step  221184 | stage_step=  40960 | Episodes: 21736
Step  231424 | stage_step=  51200 | Episodes: 22528
Eval @ 231424 | stage_step=  51200 | sr=100.00% | reward=2247.60 +/- 0.00 | pickups=2.00 deliveries=2.00 delivered_agents=2.00/2
Step  241664 | stage_step=  61440 | Episodes: 23323
Step  251904 | stage_step=  71680 | Episodes: 24096
Eval @ 256000 | stage_step=  75776 | sr=100.00% | reward=2247.60 +/- 0.00 | pickups=2.00 deliveries=2.00 delivered_agents=2.00/2
Step  260096 | stage_step=  79872 | Episodes: 24716
[MultiQuadEnv] Steps 20001-40000 | pickups=4947 | deliveries=3753 | total_pickups=9262 | total_deliveries=6183
Step  270336 | stage_step=  90112 | Episodes: 25492
Step  280576 | stage_step= 100352 | Episodes: 26263
Eval @ 280576 | stage_step= 100352 | sr=100.00% | reward=2247.60 +/- 0.00 | pickups=2.00 deliveries=2.00 delivered_agents=2.00/2
Early promotion from s2_wider_t_stem_fixed: 100.00% >= 85.00%
Restored best for s2_wider_t_stem_fixed: sr=100.00% | reward=2247.60

=== Stage 3/25: s3_wider_t_near_branch_fixed (fixed positions) ===
Stage: agents=2 obs=(36,) grid=(8, 9) starts=[(6, 4), (5, 4)] package=(2, 4) deliveries=[(1, 3), (1, 5)] lanes=12 rand_pkg=False rand_del=False dt=0.05 substeps=8 max_tilt=0.32
Step  290816 | stage_step=  10240 | Episodes: 27030
Step  301056 | stage_step=  20480 | Episodes: 27778
Eval @ 307200 | stage_step=  26624 | sr=0.00% | reward=261.20 +/- 0.00 | pickups=2.00 deliveries=0.00 delivered_agents=0.00/2
Step  311296 | stage_step=  30720 | Episodes: 28505
[MultiQuadEnv] Steps 1-20000 | pickups=3757 | deliveries=495 | total_pickups=3757 | total_deliveries=495
Step  321536 | stage_step=  40960 | Episodes: 29226
Step  331776 | stage_step=  51200 | Episodes: 29932
Eval @ 331776 | stage_step=  51200 | sr=0.00% | reward=261.20 +/- 0.00 | pickups=2.00 deliveries=0.00 delivered_agents=0.00/2
Step  342016 | stage_step=  61440 | Episodes: 30626
Step  350208 | stage_step=  69632 | Episodes: 31164
Eval @ 356352 | stage_step=  75776 | sr=0.00% | reward=261.20 +/- 0.00 | pickups=2.00 deliveries=0.00 delivered_agents=0.00/2
Step  360448 | stage_step=  79872 | Episodes: 31840
[MultiQuadEnv] Steps 20001-40000 | pickups=3808 | deliveries=706 | total_pickups=7565 | total_deliveries=1201
Step  370688 | stage_step=  90112 | Episodes: 32484
Step  380928 | stage_step= 100352 | Episodes: 33080
Eval @ 380928 | stage_step= 100352 | sr=0.00% | reward=261.20 +/- 0.00 | pickups=2.00 deliveries=0.00 delivered_agents=0.00/2
Step  391168 | stage_step= 110592 | Episodes: 33652
[MultiQuadEnv] Steps 40001-60000 | pickups=3495 | deliveries=928 | total_pickups=11060 | total_deliveries=2129
Step  401408 | stage_step= 120832 | Episodes: 34218
Eval @ 407552 | stage_step= 126976 | sr=0.00% | reward=-2604.00 +/- 0.00 | pickups=2.00 deliveries=0.00 delivered_agents=0.00/2
Step  411648 | stage_step= 131072 | Episodes: 34787
Step  421888 | stage_step= 141312 | Episodes: 35335
Step  430080 | stage_step= 149504 | Episodes: 35790
Eval @ 432128 | stage_step= 151552 | sr=0.00% | reward=777.00 +/- 0.00 | pickups=2.00 deliveries=1.00 delivered_agents=1.00/2
Step  440320 | stage_step= 159744 | Episodes: 36331
[MultiQuadEnv] Steps 60001-80000 | pickups=3209 | deliveries=1109 | total_pickups=14269 | total_deliveries=3238
Step  450560 | stage_step= 169984 | Episodes: 36865
Eval @ 456704 | stage_step= 176128 | sr=0.00% | reward=759.60 +/- 0.00 | pickups=2.00 deliveries=1.00 delivered_agents=1.00/2
Step  460800 | stage_step= 180224 | Episodes: 37387
Step  471040 | stage_step= 190464 | Episodes: 37921
[MultiQuadEnv] Steps 80001-100000 | pickups=3252 | deliveries=1434 | total_pickups=17521 | total_deliveries=4672
Step  481280 | stage_step= 200704 | Episodes: 38454
Eval @ 481280 | stage_step= 200704 | sr=0.00% | reward=759.40 +/- 0.00 | pickups=2.00 deliveries=1.00 delivered_agents=1.00/2
Step  491520 | stage_step= 210944 | Episodes: 38990
Step  501760 | stage_step= 221184 | Episodes: 39526
Eval @ 505856 | stage_step= 225280 | sr=100.00% | reward=2279.20 +/- 0.00 | pickups=2.00 deliveries=2.00 delivered_agents=2.00/2
Early promotion from s3_wider_t_near_branch_fixed: 100.00% >= 75.00%
Restored best for s3_wider_t_near_branch_fixed: sr=100.00% | reward=2279.20

=== Stage 4/25: s4_wider_t_branch_fixed (fixed positions) ===
Stage: agents=2 obs=(36,) grid=(8, 9) starts=[(6, 4), (5, 4)] package=(3, 4) deliveries=[(1, 1), (1, 7)] lanes=12 rand_pkg=False rand_del=False dt=0.05 substeps=8 max_tilt=0.32
Step  512000 | stage_step=   6144 | Episodes: 40188
Step  520192 | stage_step=  14336 | Episodes: 40774
Step  530432 | stage_step=  24576 | Episodes: 41469
Eval @ 532480 | stage_step=  26624 | sr=0.00% | reward=276.30 +/- 0.00 | pickups=2.00 deliveries=0.00 delivered_agents=0.00/2
Step  540672 | stage_step=  34816 | Episodes: 42161
[MultiQuadEnv] Steps 1-20000 | pickups=4763 | deliveries=6 | total_pickups=4763 | total_deliveries=6
Step  550912 | stage_step=  45056 | Episodes: 42876
Eval @ 557056 | stage_step=  51200 | sr=0.00% | reward=276.85 +/- 0.00 | pickups=2.00 deliveries=0.00 delivered_agents=0.00/2
Step  561152 | stage_step=  55296 | Episodes: 43588
Step  571392 | stage_step=  65536 | Episodes: 44296
Step  581632 | stage_step=  75776 | Episodes: 45029
Eval @ 581632 | stage_step=  75776 | sr=0.00% | reward=276.85 +/- 0.00 | pickups=2.00 deliveries=0.00 delivered_agents=0.00/2
[MultiQuadEnv] Steps 20001-40000 | pickups=5480 | deliveries=0 | total_pickups=10243 | total_deliveries=6
Step  591872 | stage_step=  86016 | Episodes: 45770
Step  600064 | stage_step=  94208 | Episodes: 46370
Eval @ 606208 | stage_step= 100352 | sr=0.00% | reward=277.25 +/- 0.00 | pickups=2.00 deliveries=0.00 delivered_agents=0.00/2
Step  610304 | stage_step= 104448 | Episodes: 47109
Step  620544 | stage_step= 114688 | Episodes: 47848
[MultiQuadEnv] Steps 40001-60000 | pickups=5734 | deliveries=1 | total_pickups=15977 | total_deliveries=7
Step  630784 | stage_step= 124928 | Episodes: 48592
Eval @ 632832 | stage_step= 126976 | sr=0.00% | reward=277.25 +/- 0.00 | pickups=2.00 deliveries=0.00 delivered_agents=0.00/2
Step  641024 | stage_step= 135168 | Episodes: 49343
Step  651264 | stage_step= 145408 | Episodes: 50098
Eval @ 657408 | stage_step= 151552 | sr=0.00% | reward=277.25 +/- 0.00 | pickups=2.00 deliveries=0.00 delivered_agents=0.00/2
Step  661504 | stage_step= 155648 | Episodes: 50842
[MultiQuadEnv] Steps 60001-80000 | pickups=5782 | deliveries=1 | total_pickups=21759 | total_deliveries=8
Step  671744 | stage_step= 165888 | Episodes: 51557
Step  681984 | stage_step= 176128 | Episodes: 52262
Eval @ 681984 | stage_step= 176128 | sr=0.00% | reward=276.30 +/- 0.00 | pickups=2.00 deliveries=0.00 delivered_agents=0.00/2
Step  690176 | stage_step= 184320 | Episodes: 52845
Step  700416 | stage_step= 194560 | Episodes: 53582
[MultiQuadEnv] Steps 80001-100000 | pickups=5642 | deliveries=4 | total_pickups=27401 | total_deliveries=12
Eval @ 706560 | stage_step= 200704 | sr=0.00% | reward=277.25 +/- 0.00 | pickups=2.00 deliveries=0.00 delivered_agents=0.00/2
Step  710656 | stage_step= 204800 | Episodes: 54340
Step  720896 | stage_step= 215040 | Episodes: 55093
Step  731136 | stage_step= 225280 | Episodes: 55845
Eval @ 731136 | stage_step= 225280 | sr=0.00% | reward=277.25 +/- 0.00 | pickups=2.00 deliveries=0.00 delivered_agents=0.00/2
Step  741376 | stage_step= 235520 | Episodes: 56634
[MultiQuadEnv] Steps 100001-120000 | pickups=5953 | deliveries=2 | total_pickups=33354 | total_deliveries=14
Step  751616 | stage_step= 245760 | Episodes: 57426
Eval @ 757760 | stage_step= 251904 | sr=0.00% | reward=277.25 +/- 0.00 | pickups=2.00 deliveries=0.00 delivered_agents=0.00/2
Step  761856 | stage_step= 256000 | Episodes: 58223
Step  770048 | stage_step= 264192 | Episodes: 58867
Step  780288 | stage_step= 274432 | Episodes: 59635
Eval @ 782336 | stage_step= 276480 | sr=0.00% | reward=277.25 +/- 0.00 | pickups=2.00 deliveries=0.00 delivered_agents=0.00/2
[MultiQuadEnv] Steps 120001-140000 | pickups=6125 | deliveries=0 | total_pickups=39479 | total_deliveries=14
Step  790528 | stage_step= 284672 | Episodes: 60402
Step  800768 | stage_step= 294912 | Episodes: 61161
Eval @ 806912 | stage_step= 301056 | sr=0.00% | reward=277.25 +/- 0.00 | pickups=2.00 deliveries=0.00 delivered_agents=0.00/2
Step  811008 | stage_step= 305152 | Episodes: 61938
Step  821248 | stage_step= 315392 | Episodes: 62735
[MultiQuadEnv] Steps 140001-160000 | pickups=6051 | deliveries=0 | total_pickups=45530 | total_deliveries=14
Step  831488 | stage_step= 325632 | Episodes: 63501
Eval @ 831488 | stage_step= 325632 | sr=0.00% | reward=277.25 +/- 0.00 | pickups=2.00 deliveries=0.00 delivered_agents=0.00/2
Step  841728 | stage_step= 335872 | Episodes: 64261
Step  851968 | stage_step= 346112 | Episodes: 65037
Eval @ 856064 | stage_step= 350208 | sr=0.00% | reward=277.25 +/- 0.00 | pickups=2.00 deliveries=0.00 delivered_agents=0.00/2
Step  860160 | stage_step= 354304 | Episodes: 65666
[MultiQuadEnv] Steps 160001-180000 | pickups=6012 | deliveries=2 | total_pickups=51542 | total_deliveries=16
Step  870400 | stage_step= 364544 | Episodes: 66429
Step  880640 | stage_step= 374784 | Episodes: 67216
Eval @ 882688 | stage_step= 376832 | sr=0.00% | reward=277.25 +/- 0.00 | pickups=2.00 deliveries=0.00 delivered_agents=0.00/2
Step  890880 | stage_step= 385024 | Episodes: 68004
Step  901120 | stage_step= 395264 | Episodes: 68793
[MultiQuadEnv] Steps 180001-200000 | pickups=6123 | deliveries=1 | total_pickups=57665 | total_deliveries=17
Eval @ 907264 | stage_step= 401408 | sr=0.00% | reward=277.25 +/- 0.00 | pickups=2.00 deliveries=0.00 delivered_agents=0.00/2
Step  911360 | stage_step= 405504 | Episodes: 69583
Step  921600 | stage_step= 415744 | Episodes: 70366
Step  931840 | stage_step= 425984 | Episodes: 71149
Eval @ 931840 | stage_step= 425984 | sr=0.00% | reward=277.25 +/- 0.00 | pickups=2.00 deliveries=0.00 delivered_agents=0.00/2
Step  940032 | stage_step= 434176 | Episodes: 71786
[MultiQuadEnv] Steps 200001-220000 | pickups=6137 | deliveries=0 | total_pickups=63802 | total_deliveries=17
Step  950272 | stage_step= 444416 | Episodes: 72575
Eval @ 956416 | stage_step= 450560 | sr=0.00% | reward=277.25 +/- 0.00 | pickups=2.00 deliveries=0.00 delivered_agents=0.00/2
Step  960512 | stage_step= 454656 | Episodes: 73374
Step  970752 | stage_step= 464896 | Episodes: 74175
Step  980992 | stage_step= 475136 | Episodes: 74978
Eval @ 980992 | stage_step= 475136 | sr=0.00% | reward=277.25 +/- 0.00 | pickups=2.00 deliveries=0.00 delivered_agents=0.00/2
[MultiQuadEnv] Steps 220001-240000 | pickups=6244 | deliveries=0 | total_pickups=70046 | total_deliveries=17
Step  991232 | stage_step= 485376 | Episodes: 75779
Step 1001472 | stage_step= 495616 | Episodes: 76598
Eval @1007616 | stage_step= 501760 | sr=0.00% | reward=277.25 +/- 0.00 | pickups=2.00 deliveries=0.00 delivered_agents=0.00/2
Step 1011712 | stage_step= 505856 | Episodes: 77417
Step 1021952 | stage_step= 516096 | Episodes: 78248
[MultiQuadEnv] Steps 240001-260000 | pickups=6412 | deliveries=0 | total_pickups=76458 | total_deliveries=17
Step 1030144 | stage_step= 524288 | Episodes: 78909
Eval @1032192 | stage_step= 526336 | sr=0.00% | reward=277.25 +/- 0.00 | pickups=2.00 deliveries=0.00 delivered_agents=0.00/2
Step 1040384 | stage_step= 534528 | Episodes: 79739
Step 1050624 | stage_step= 544768 | Episodes: 80568
Eval @1056768 | stage_step= 550912 | sr=0.00% | reward=277.25 +/- 0.00 | pickups=2.00 deliveries=0.00 delivered_agents=0.00/2
Step 1060864 | stage_step= 555008 | Episodes: 81399
[MultiQuadEnv] Steps 260001-280000 | pickups=6478 | deliveries=0 | total_pickups=82936 | total_deliveries=17
Step 1071104 | stage_step= 565248 | Episodes: 82224
Step 1081344 | stage_step= 575488 | Episodes: 83042
Eval @1081344 | stage_step= 575488 | sr=0.00% | reward=277.25 +/- 0.00 | pickups=2.00 deliveries=0.00 delivered_agents=0.00/2
Step 1091584 | stage_step= 585728 | Episodes: 83862
Step 1101824 | stage_step= 595968 | Episodes: 84694
[MultiQuadEnv] Steps 280001-300000 | pickups=6429 | deliveries=0 | total_pickups=89365 | total_deliveries=17
Eval @1105920 | stage_step= 600064 | sr=0.00% | reward=277.25 +/- 0.00 | pickups=2.00 deliveries=0.00 delivered_agents=0.00/2
Step 1110016 | stage_step= 604160 | Episodes: 85359
Step 1120256 | stage_step= 614400 | Episodes: 86182
Step 1130496 | stage_step= 624640 | Episodes: 87013
Eval @1132544 | stage_step= 626688 | sr=0.00% | reward=277.25 +/- 0.00 | pickups=2.00 deliveries=0.00 delivered_agents=0.00/2
Step 1140736 | stage_step= 634880 | Episodes: 87835
[MultiQuadEnv] Steps 300001-320000 | pickups=6421 | deliveries=0 | total_pickups=95786 | total_deliveries=17
Step 1150976 | stage_step= 645120 | Episodes: 88651
Eval @1157120 | stage_step= 651264 | sr=0.00% | reward=277.25 +/- 0.00 | pickups=2.00 deliveries=0.00 delivered_agents=0.00/2
Step 1161216 | stage_step= 655360 | Episodes: 89467
Step 1171456 | stage_step= 665600 | Episodes: 90273
Step 1181696 | stage_step= 675840 | Episodes: 91067
Eval @1181696 | stage_step= 675840 | sr=0.00% | reward=277.25 +/- 0.00 | pickups=2.00 deliveries=0.00 delivered_agents=0.00/2
[MultiQuadEnv] Steps 320001-340000 | pickups=6282 | deliveries=0 | total_pickups=102068 | total_deliveries=17
Step 1191936 | stage_step= 686080 | Episodes: 91857
Step 1200128 | stage_step= 694272 | Episodes: 92501
Eval @1206272 | stage_step= 700416 | sr=0.00% | reward=277.25 +/- 0.00 | pickups=2.00 deliveries=0.00 delivered_agents=0.00/2
Step 1210368 | stage_step= 704512 | Episodes: 93308
Step 1220608 | stage_step= 714752 | Episodes: 94113
[MultiQuadEnv] Steps 340001-360000 | pickups=6279 | deliveries=0 | total_pickups=108347 | total_deliveries=17
Step 1230848 | stage_step= 724992 | Episodes: 94917
Eval @1232896 | stage_step= 727040 | sr=0.00% | reward=277.25 +/- 0.00 | pickups=2.00 deliveries=0.00 delivered_agents=0.00/2
Step 1241088 | stage_step= 735232 | Episodes: 95745
Step 1251328 | stage_step= 745472 | Episodes: 96586
Eval @1257472 | stage_step= 751616 | sr=0.00% | reward=277.25 +/- 0.00 | pickups=2.00 deliveries=0.00 delivered_agents=0.00/2
Step 1261568 | stage_step= 755712 | Episodes: 97426
[MultiQuadEnv] Steps 360001-380000 | pickups=6518 | deliveries=0 | total_pickups=114865 | total_deliveries=17
Step 1271808 | stage_step= 765952 | Episodes: 98268
Step 1280000 | stage_step= 774144 | Episodes: 98942
Eval @1282048 | stage_step= 776192 | sr=0.00% | reward=277.25 +/- 0.00 | pickups=2.00 deliveries=0.00 delivered_agents=0.00/2
Step 1290240 | stage_step= 784384 | Episodes: 99790
Step 1300480 | stage_step= 794624 | Episodes: 100637
[MultiQuadEnv] Steps 380001-400000 | pickups=6607 | deliveries=0 | total_pickups=121472 | total_deliveries=17
Eval @1306624 | stage_step= 800768 | sr=0.00% | reward=277.25 +/- 0.00 | pickups=2.00 deliveries=0.00 delivered_agents=0.00/2
Step 1310720 | stage_step= 804864 | Episodes: 101484
Step 1320960 | stage_step= 815104 | Episodes: 102332
Step 1331200 | stage_step= 825344 | Episodes: 103182
Eval @1331200 | stage_step= 825344 | sr=0.00% | reward=277.25 +/- 0.00 | pickups=2.00 deliveries=0.00 delivered_agents=0.00/2
Step 1341440 | stage_step= 835584 | Episodes: 104032
[MultiQuadEnv] Steps 400001-420000 | pickups=6631 | deliveries=0 | total_pickups=128103 | total_deliveries=17
Step 1351680 | stage_step= 845824 | Episodes: 104883
Eval @1357824 | stage_step= 851968 | sr=0.00% | reward=277.25 +/- 0.00 | pickups=2.00 deliveries=0.00 delivered_agents=0.00/2
Step 1361920 | stage_step= 856064 | Episodes: 105733
Step 1370112 | stage_step= 864256 | Episodes: 106411
Step 1380352 | stage_step= 874496 | Episodes: 107262
Eval @1382400 | stage_step= 876544 | sr=0.00% | reward=277.25 +/- 0.00 | pickups=2.00 deliveries=0.00 delivered_agents=0.00/2
[MultiQuadEnv] Steps 420001-440000 | pickups=6640 | deliveries=0 | total_pickups=134743 | total_deliveries=17
Step 1390592 | stage_step= 884736 | Episodes: 108112
Step 1400832 | stage_step= 894976 | Episodes: 108962
Eval @1406976 | stage_step= 901120 | sr=0.00% | reward=277.25 +/- 0.00 | pickups=2.00 deliveries=0.00 delivered_agents=0.00/2
Step 1411072 | stage_step= 905216 | Episodes: 109812
Step 1421312 | stage_step= 915456 | Episodes: 110662
[MultiQuadEnv] Steps 440001-460000 | pickups=6643 | deliveries=0 | total_pickups=141386 | total_deliveries=17
Step 1431552 | stage_step= 925696 | Episodes: 111512
Eval @1431552 | stage_step= 925696 | sr=0.00% | reward=277.25 +/- 0.00 | pickups=2.00 deliveries=0.00 delivered_agents=0.00/2
Step 1441792 | stage_step= 935936 | Episodes: 112362
Step 1452032 | stage_step= 946176 | Episodes: 113212
Eval @1456128 | stage_step= 950272 | sr=0.00% | reward=277.25 +/- 0.00 | pickups=2.00 deliveries=0.00 delivered_agents=0.00/2
Step 1460224 | stage_step= 954368 | Episodes: 113892
[MultiQuadEnv] Steps 460001-480000 | pickups=6645 | deliveries=0 | total_pickups=148031 | total_deliveries=17
Step 1470464 | stage_step= 964608 | Episodes: 114742
Step 1480704 | stage_step= 974848 | Episodes: 115592
Eval @1482752 | stage_step= 976896 | sr=0.00% | reward=277.25 +/- 0.00 | pickups=2.00 deliveries=0.00 delivered_agents=0.00/2
Step 1490944 | stage_step= 985088 | Episodes: 116441
Step 1501184 | stage_step= 995328 | Episodes: 117290
[MultiQuadEnv] Steps 480001-500000 | pickups=6642 | deliveries=0 | total_pickups=154673 | total_deliveries=17
Eval @1507328 | stage_step=1001472 | sr=0.00% | reward=277.25 +/- 0.00 | pickups=2.00 deliveries=0.00 delivered_agents=0.00/2
Full budget used for s4_wider_t_branch_fixed. Best stage success=0.00%.
No successful checkpoint found for s4_wider_t_branch_fixed; restored pre-stage model.
Final eval | success_rate=100.00% | mean_reward=2279.20 +/- 0.00 | pickups=2.00 deliveries=2.00 | delivered_agents=2.00/2 

### SLOW FIXED SWEEP 17/20: quad_physics_mappo_fixed_v12_slow_sweep_delivery_seed7 ###

Using device: cpu
Initial Quad MAPPO: agents=2 obs=(36,) grid=(6, 5) starts=[(4, 2), (3, 2)] package=(2, 2) deliveries=[(1, 1), (1, 3)] lanes=6 rand_pkg=False rand_del=False dt=0.05 substeps=8 max_tilt=0.32

=== Stage 1/25: s1_short_t_fixed (fixed positions) ===
Stage: agents=2 obs=(36,) grid=(6, 5) starts=[(4, 2), (3, 2)] package=(2, 2) deliveries=[(1, 1), (1, 3)] lanes=6 rand_pkg=False rand_del=False dt=0.05 substeps=8 max_tilt=0.32
Step   10240 | stage_step=  10240 | Episodes:   974
Step   20480 | stage_step=  20480 | Episodes:  2035
Eval @  20480 | stage_step=  20480 | sr=0.00% | reward=77.20 +/- 0.00 | pickups=1.00 deliveries=0.00 delivered_agents=0.00/2
Step   30720 | stage_step=  30720 | Episodes:  3071
[MultiQuadEnv] Steps 1-20000 | pickups=2377 | deliveries=306 | total_pickups=2377 | total_deliveries=306
Step   40960 | stage_step=  40960 | Episodes:  4136
Eval @  40960 | stage_step=  40960 | sr=0.00% | reward=877.20 +/- 0.00 | pickups=2.00 deliveries=1.00 delivered_agents=1.00/2
Step   51200 | stage_step=  51200 | Episodes:  5253
Step   61440 | stage_step=  61440 | Episodes:  6348
Eval @  61440 | stage_step=  61440 | sr=0.00% | reward=927.80 +/- 0.00 | pickups=2.00 deliveries=1.00 delivered_agents=1.00/2
Step   71680 | stage_step=  71680 | Episodes:  7476
[MultiQuadEnv] Steps 20001-40000 | pickups=4318 | deliveries=1098 | total_pickups=6695 | total_deliveries=1404
Step   81920 | stage_step=  81920 | Episodes:  8571
Eval @  81920 | stage_step=  81920 | sr=0.00% | reward=927.80 +/- 0.00 | pickups=2.00 deliveries=1.00 delivered_agents=1.00/2
Step   90112 | stage_step=  90112 | Episodes:  9474
Step  100352 | stage_step= 100352 | Episodes: 10599
Eval @ 100352 | stage_step= 100352 | sr=0.00% | reward=928.00 +/- 0.00 | pickups=2.00 deliveries=1.00 delivered_agents=1.00/2
Step  110592 | stage_step= 110592 | Episodes: 11702
[MultiQuadEnv] Steps 40001-60000 | pickups=4921 | deliveries=1431 | total_pickups=11616 | total_deliveries=2835
Step  120832 | stage_step= 120832 | Episodes: 12846
Eval @ 120832 | stage_step= 120832 | sr=0.00% | reward=928.00 +/- 0.00 | pickups=2.00 deliveries=1.00 delivered_agents=1.00/2
Step  131072 | stage_step= 131072 | Episodes: 14009
Step  141312 | stage_step= 141312 | Episodes: 15175
Eval @ 141312 | stage_step= 141312 | sr=0.00% | reward=928.00 +/- 0.00 | pickups=2.00 deliveries=1.00 delivered_agents=1.00/2
Step  151552 | stage_step= 151552 | Episodes: 16346
[MultiQuadEnv] Steps 60001-80000 | pickups=5112 | deliveries=1629 | total_pickups=16728 | total_deliveries=4464
Step  161792 | stage_step= 161792 | Episodes: 17488
Eval @ 161792 | stage_step= 161792 | sr=0.00% | reward=928.00 +/- 0.00 | pickups=2.00 deliveries=1.00 delivered_agents=1.00/2
Step  172032 | stage_step= 172032 | Episodes: 18643
Step  180224 | stage_step= 180224 | Episodes: 19607
Eval @ 180224 | stage_step= 180224 | sr=100.00% | reward=3198.20 +/- 0.00 | pickups=2.00 deliveries=2.00 delivered_agents=2.00/2
Early promotion from s1_short_t_fixed: 100.00% >= 90.00%
Restored best for s1_short_t_fixed: sr=100.00% | reward=3198.20

=== Stage 2/25: s2_wider_t_stem_fixed (fixed positions) ===
Stage: agents=2 obs=(36,) grid=(8, 9) starts=[(6, 4), (5, 4)] package=(3, 4) deliveries=[(2, 4), (1, 4)] lanes=12 rand_pkg=False rand_del=False dt=0.05 substeps=8 max_tilt=0.32
Step  190464 | stage_step=  10240 | Episodes: 20726
Step  200704 | stage_step=  20480 | Episodes: 21794
Eval @ 206848 | stage_step=  26624 | sr=0.00% | reward=77.60 +/- 0.00 | pickups=2.00 deliveries=0.00 delivered_agents=0.00/2
Step  210944 | stage_step=  30720 | Episodes: 22806
[MultiQuadEnv] Steps 1-20000 | pickups=3494 | deliveries=1041 | total_pickups=3494 | total_deliveries=1041
Step  221184 | stage_step=  40960 | Episodes: 23814
Step  231424 | stage_step=  51200 | Episodes: 24798
Eval @ 231424 | stage_step=  51200 | sr=0.00% | reward=111.60 +/- 0.00 | pickups=2.00 deliveries=0.00 delivered_agents=0.00/2
Step  241664 | stage_step=  61440 | Episodes: 25759
Step  251904 | stage_step=  71680 | Episodes: 26701
Eval @ 256000 | stage_step=  75776 | sr=0.00% | reward=111.60 +/- 0.00 | pickups=2.00 deliveries=0.00 delivered_agents=0.00/2
Step  260096 | stage_step=  79872 | Episodes: 27450
[MultiQuadEnv] Steps 20001-40000 | pickups=4041 | deliveries=1540 | total_pickups=7535 | total_deliveries=2581
Step  270336 | stage_step=  90112 | Episodes: 28361
Step  280576 | stage_step= 100352 | Episodes: 29234
Eval @ 280576 | stage_step= 100352 | sr=100.00% | reward=3147.60 +/- 0.00 | pickups=2.00 deliveries=2.00 delivered_agents=2.00/2
Early promotion from s2_wider_t_stem_fixed: 100.00% >= 85.00%
Restored best for s2_wider_t_stem_fixed: sr=100.00% | reward=3147.60

=== Stage 3/25: s3_wider_t_near_branch_fixed (fixed positions) ===
Stage: agents=2 obs=(36,) grid=(8, 9) starts=[(6, 4), (5, 4)] package=(2, 4) deliveries=[(1, 3), (1, 5)] lanes=12 rand_pkg=False rand_del=False dt=0.05 substeps=8 max_tilt=0.32
Step  290816 | stage_step=  10240 | Episodes: 30060
Step  301056 | stage_step=  20480 | Episodes: 30842
Eval @ 307200 | stage_step=  26624 | sr=0.00% | reward=157.20 +/- 0.00 | pickups=2.00 deliveries=0.00 delivered_agents=0.00/2
Step  311296 | stage_step=  30720 | Episodes: 31598
[MultiQuadEnv] Steps 1-20000 | pickups=3320 | deliveries=312 | total_pickups=3320 | total_deliveries=312
Step  321536 | stage_step=  40960 | Episodes: 32326
Step  331776 | stage_step=  51200 | Episodes: 33092
Eval @ 331776 | stage_step=  51200 | sr=0.00% | reward=927.40 +/- 0.00 | pickups=2.00 deliveries=1.00 delivered_agents=1.00/2
Step  342016 | stage_step=  61440 | Episodes: 33833
Step  350208 | stage_step=  69632 | Episodes: 34400
Eval @ 356352 | stage_step=  75776 | sr=0.00% | reward=827.40 +/- 0.00 | pickups=1.00 deliveries=1.00 delivered_agents=1.00/2
Step  360448 | stage_step=  79872 | Episodes: 35100
[MultiQuadEnv] Steps 20001-40000 | pickups=3402 | deliveries=666 | total_pickups=6722 | total_deliveries=978
Step  370688 | stage_step=  90112 | Episodes: 35800
Step  380928 | stage_step= 100352 | Episodes: 36505
Eval @ 380928 | stage_step= 100352 | sr=0.00% | reward=927.40 +/- 0.00 | pickups=2.00 deliveries=1.00 delivered_agents=1.00/2
Step  391168 | stage_step= 110592 | Episodes: 37212
[MultiQuadEnv] Steps 40001-60000 | pickups=3565 | deliveries=926 | total_pickups=10287 | total_deliveries=1904
Step  401408 | stage_step= 120832 | Episodes: 37920
Eval @ 407552 | stage_step= 126976 | sr=0.00% | reward=827.40 +/- 0.00 | pickups=1.00 deliveries=1.00 delivered_agents=1.00/2
Step  411648 | stage_step= 131072 | Episodes: 38633
Step  421888 | stage_step= 141312 | Episodes: 39358
Step  430080 | stage_step= 149504 | Episodes: 39947
Eval @ 432128 | stage_step= 151552 | sr=0.00% | reward=927.40 +/- 0.00 | pickups=2.00 deliveries=1.00 delivered_agents=1.00/2
Step  440320 | stage_step= 159744 | Episodes: 40694
[MultiQuadEnv] Steps 60001-80000 | pickups=3679 | deliveries=1228 | total_pickups=13966 | total_deliveries=3132
Step  450560 | stage_step= 169984 | Episodes: 41442
Eval @ 456704 | stage_step= 176128 | sr=100.00% | reward=3197.40 +/- 0.00 | pickups=2.00 deliveries=2.00 delivered_agents=2.00/2
Early promotion from s3_wider_t_near_branch_fixed: 100.00% >= 75.00%
Restored best for s3_wider_t_near_branch_fixed: sr=100.00% | reward=3197.40

=== Stage 4/25: s4_wider_t_branch_fixed (fixed positions) ===
Stage: agents=2 obs=(36,) grid=(8, 9) starts=[(6, 4), (5, 4)] package=(3, 4) deliveries=[(1, 1), (1, 7)] lanes=12 rand_pkg=False rand_del=False dt=0.05 substeps=8 max_tilt=0.32
Step  460800 | stage_step=   4096 | Episodes: 42267
Step  471040 | stage_step=  14336 | Episodes: 43113
Step  481280 | stage_step=  24576 | Episodes: 43902
Eval @ 483328 | stage_step=  26624 | sr=0.00% | reward=177.25 +/- 0.00 | pickups=2.00 deliveries=0.00 delivered_agents=0.00/2
Step  491520 | stage_step=  34816 | Episodes: 44688
[MultiQuadEnv] Steps 1-20000 | pickups=5183 | deliveries=0 | total_pickups=5183 | total_deliveries=0
Step  501760 | stage_step=  45056 | Episodes: 45480
Eval @ 507904 | stage_step=  51200 | sr=0.00% | reward=177.25 +/- 0.00 | pickups=2.00 deliveries=0.00 delivered_agents=0.00/2
Step  512000 | stage_step=  55296 | Episodes: 46262
Step  520192 | stage_step=  63488 | Episodes: 46886
Step  530432 | stage_step=  73728 | Episodes: 47669
Eval @ 532480 | stage_step=  75776 | sr=0.00% | reward=177.25 +/- 0.00 | pickups=2.00 deliveries=0.00 delivered_agents=0.00/2
[MultiQuadEnv] Steps 20001-40000 | pickups=5949 | deliveries=0 | total_pickups=11132 | total_deliveries=0
Step  540672 | stage_step=  83968 | Episodes: 48449
Step  550912 | stage_step=  94208 | Episodes: 49228
Eval @ 557056 | stage_step= 100352 | sr=0.00% | reward=177.25 +/- 0.00 | pickups=2.00 deliveries=0.00 delivered_agents=0.00/2
Step  561152 | stage_step= 104448 | Episodes: 50012
Step  571392 | stage_step= 114688 | Episodes: 50800
[MultiQuadEnv] Steps 40001-60000 | pickups=6085 | deliveries=0 | total_pickups=17217 | total_deliveries=0
Step  581632 | stage_step= 124928 | Episodes: 51591
Eval @ 583680 | stage_step= 126976 | sr=0.00% | reward=177.25 +/- 0.00 | pickups=2.00 deliveries=0.00 delivered_agents=0.00/2
Step  591872 | stage_step= 135168 | Episodes: 52385
Step  600064 | stage_step= 143360 | Episodes: 53035
Eval @ 608256 | stage_step= 151552 | sr=0.00% | reward=177.25 +/- 0.00 | pickups=2.00 deliveries=0.00 delivered_agents=0.00/2
Step  610304 | stage_step= 153600 | Episodes: 53827
[MultiQuadEnv] Steps 60001-80000 | pickups=6182 | deliveries=0 | total_pickups=23399 | total_deliveries=0
Step  620544 | stage_step= 163840 | Episodes: 54620
Step  630784 | stage_step= 174080 | Episodes: 55409
Eval @ 632832 | stage_step= 176128 | sr=0.00% | reward=177.25 +/- 0.00 | pickups=2.00 deliveries=0.00 delivered_agents=0.00/2
Step  641024 | stage_step= 184320 | Episodes: 56207
Step  651264 | stage_step= 194560 | Episodes: 57008
[MultiQuadEnv] Steps 80001-100000 | pickups=6220 | deliveries=0 | total_pickups=29619 | total_deliveries=0
Eval @ 657408 | stage_step= 200704 | sr=0.00% | reward=177.25 +/- 0.00 | pickups=2.00 deliveries=0.00 delivered_agents=0.00/2
Step  661504 | stage_step= 204800 | Episodes: 57822
Step  671744 | stage_step= 215040 | Episodes: 58629
Step  681984 | stage_step= 225280 | Episodes: 59447
Eval @ 681984 | stage_step= 225280 | sr=0.00% | reward=177.25 +/- 0.00 | pickups=2.00 deliveries=0.00 delivered_agents=0.00/2
Step  690176 | stage_step= 233472 | Episodes: 60079
[MultiQuadEnv] Steps 100001-120000 | pickups=6283 | deliveries=0 | total_pickups=35902 | total_deliveries=0
Step  700416 | stage_step= 243712 | Episodes: 60879
Eval @ 708608 | stage_step= 251904 | sr=0.00% | reward=177.25 +/- 0.00 | pickups=2.00 deliveries=0.00 delivered_agents=0.00/2
Step  710656 | stage_step= 253952 | Episodes: 61696
Step  720896 | stage_step= 264192 | Episodes: 62500
Step  731136 | stage_step= 274432 | Episodes: 63304
Eval @ 733184 | stage_step= 276480 | sr=0.00% | reward=177.25 +/- 0.00 | pickups=2.00 deliveries=0.00 delivered_agents=0.00/2
[MultiQuadEnv] Steps 120001-140000 | pickups=6308 | deliveries=0 | total_pickups=42210 | total_deliveries=0
Step  741376 | stage_step= 284672 | Episodes: 64114
Step  751616 | stage_step= 294912 | Episodes: 64936
Eval @ 757760 | stage_step= 301056 | sr=0.00% | reward=177.25 +/- 0.00 | pickups=2.00 deliveries=0.00 delivered_agents=0.00/2
Step  761856 | stage_step= 305152 | Episodes: 65767
Step  770048 | stage_step= 313344 | Episodes: 66427
[MultiQuadEnv] Steps 140001-160000 | pickups=6415 | deliveries=0 | total_pickups=48625 | total_deliveries=0
Step  780288 | stage_step= 323584 | Episodes: 67239
Eval @ 782336 | stage_step= 325632 | sr=0.00% | reward=177.25 +/- 0.00 | pickups=2.00 deliveries=0.00 delivered_agents=0.00/2
Step  790528 | stage_step= 333824 | Episodes: 68051
Step  800768 | stage_step= 344064 | Episodes: 68866
Eval @ 806912 | stage_step= 350208 | sr=0.00% | reward=177.25 +/- 0.00 | pickups=2.00 deliveries=0.00 delivered_agents=0.00/2
Step  811008 | stage_step= 354304 | Episodes: 69692
[MultiQuadEnv] Steps 160001-180000 | pickups=6387 | deliveries=0 | total_pickups=55012 | total_deliveries=0
Step  821248 | stage_step= 364544 | Episodes: 70517
Step  831488 | stage_step= 374784 | Episodes: 71345
Eval @ 833536 | stage_step= 376832 | sr=0.00% | reward=177.25 +/- 0.00 | pickups=2.00 deliveries=0.00 delivered_agents=0.00/2
Step  841728 | stage_step= 385024 | Episodes: 72168
Step  851968 | stage_step= 395264 | Episodes: 72992
[MultiQuadEnv] Steps 180001-200000 | pickups=6452 | deliveries=0 | total_pickups=61464 | total_deliveries=0
Eval @ 858112 | stage_step= 401408 | sr=0.00% | reward=177.25 +/- 0.00 | pickups=2.00 deliveries=0.00 delivered_agents=0.00/2
Step  860160 | stage_step= 403456 | Episodes: 73654
Step  870400 | stage_step= 413696 | Episodes: 74483
Step  880640 | stage_step= 423936 | Episodes: 75317
Eval @ 882688 | stage_step= 425984 | sr=0.00% | reward=177.25 +/- 0.00 | pickups=2.00 deliveries=0.00 delivered_agents=0.00/2
Step  890880 | stage_step= 434176 | Episodes: 76150
[MultiQuadEnv] Steps 200001-220000 | pickups=6479 | deliveries=0 | total_pickups=67943 | total_deliveries=0
Step  901120 | stage_step= 444416 | Episodes: 76969
Eval @ 907264 | stage_step= 450560 | sr=0.00% | reward=177.25 +/- 0.00 | pickups=2.00 deliveries=0.00 delivered_agents=0.00/2
Step  911360 | stage_step= 454656 | Episodes: 77797
Step  921600 | stage_step= 464896 | Episodes: 78624
Step  931840 | stage_step= 475136 | Episodes: 79451
Eval @ 931840 | stage_step= 475136 | sr=0.00% | reward=177.25 +/- 0.00 | pickups=2.00 deliveries=0.00 delivered_agents=0.00/2
[MultiQuadEnv] Steps 220001-240000 | pickups=6448 | deliveries=0 | total_pickups=74391 | total_deliveries=0
Step  940032 | stage_step= 483328 | Episodes: 80116
Step  950272 | stage_step= 493568 | Episodes: 80940
Eval @ 958464 | stage_step= 501760 | sr=0.00% | reward=177.25 +/- 0.00 | pickups=2.00 deliveries=0.00 delivered_agents=0.00/2
Step  960512 | stage_step= 503808 | Episodes: 81764
Step  970752 | stage_step= 514048 | Episodes: 82598
[MultiQuadEnv] Steps 240001-260000 | pickups=6486 | deliveries=0 | total_pickups=80877 | total_deliveries=0
Step  980992 | stage_step= 524288 | Episodes: 83438
Eval @ 983040 | stage_step= 526336 | sr=0.00% | reward=177.25 +/- 0.00 | pickups=2.00 deliveries=0.00 delivered_agents=0.00/2
Step  991232 | stage_step= 534528 | Episodes: 84270
Step 1001472 | stage_step= 544768 | Episodes: 85108
Eval @1007616 | stage_step= 550912 | sr=0.00% | reward=177.25 +/- 0.00 | pickups=2.00 deliveries=0.00 delivered_agents=0.00/2
Step 1011712 | stage_step= 555008 | Episodes: 85945
[MultiQuadEnv] Steps 260001-280000 | pickups=6534 | deliveries=0 | total_pickups=87411 | total_deliveries=0
Step 1021952 | stage_step= 565248 | Episodes: 86780
Step 1030144 | stage_step= 573440 | Episodes: 87445
Eval @1032192 | stage_step= 575488 | sr=0.00% | reward=177.25 +/- 0.00 | pickups=2.00 deliveries=0.00 delivered_agents=0.00/2
Step 1040384 | stage_step= 583680 | Episodes: 88282
Step 1050624 | stage_step= 593920 | Episodes: 89129
[MultiQuadEnv] Steps 280001-300000 | pickups=6540 | deliveries=0 | total_pickups=93951 | total_deliveries=0
Eval @1056768 | stage_step= 600064 | sr=0.00% | reward=177.25 +/- 0.00 | pickups=2.00 deliveries=0.00 delivered_agents=0.00/2
Step 1060864 | stage_step= 604160 | Episodes: 89968
Step 1071104 | stage_step= 614400 | Episodes: 90807
Step 1081344 | stage_step= 624640 | Episodes: 91651
Eval @1083392 | stage_step= 626688 | sr=0.00% | reward=177.25 +/- 0.00 | pickups=2.00 deliveries=0.00 delivered_agents=0.00/2
Step 1091584 | stage_step= 634880 | Episodes: 92495
[MultiQuadEnv] Steps 300001-320000 | pickups=6581 | deliveries=0 | total_pickups=100532 | total_deliveries=0
Step 1101824 | stage_step= 645120 | Episodes: 93341
Eval @1107968 | stage_step= 651264 | sr=0.00% | reward=177.25 +/- 0.00 | pickups=2.00 deliveries=0.00 delivered_agents=0.00/2
Step 1110016 | stage_step= 653312 | Episodes: 94019
Step 1120256 | stage_step= 663552 | Episodes: 94869
Step 1130496 | stage_step= 673792 | Episodes: 95717
Eval @1132544 | stage_step= 675840 | sr=0.00% | reward=177.25 +/- 0.00 | pickups=2.00 deliveries=0.00 delivered_agents=0.00/2
[MultiQuadEnv] Steps 320001-340000 | pickups=6612 | deliveries=0 | total_pickups=107144 | total_deliveries=0
Step 1140736 | stage_step= 684032 | Episodes: 96560
Step 1150976 | stage_step= 694272 | Episodes: 97406
Eval @1157120 | stage_step= 700416 | sr=0.00% | reward=177.25 +/- 0.00 | pickups=2.00 deliveries=0.00 delivered_agents=0.00/2
Step 1161216 | stage_step= 704512 | Episodes: 98255
Step 1171456 | stage_step= 714752 | Episodes: 99104
[MultiQuadEnv] Steps 340001-360000 | pickups=6621 | deliveries=0 | total_pickups=113765 | total_deliveries=0
Step 1181696 | stage_step= 724992 | Episodes: 99952
Eval @1183744 | stage_step= 727040 | sr=0.00% | reward=177.25 +/- 0.00 | pickups=2.00 deliveries=0.00 delivered_agents=0.00/2
Step 1191936 | stage_step= 735232 | Episodes: 100802
Step 1200128 | stage_step= 743424 | Episodes: 101481
Eval @1208320 | stage_step= 751616 | sr=0.00% | reward=177.25 +/- 0.00 | pickups=2.00 deliveries=0.00 delivered_agents=0.00/2
Step 1210368 | stage_step= 753664 | Episodes: 102328
[MultiQuadEnv] Steps 360001-380000 | pickups=6631 | deliveries=0 | total_pickups=120396 | total_deliveries=0
Step 1220608 | stage_step= 763904 | Episodes: 103172
Step 1230848 | stage_step= 774144 | Episodes: 104019
Eval @1232896 | stage_step= 776192 | sr=0.00% | reward=177.25 +/- 0.00 | pickups=2.00 deliveries=0.00 delivered_agents=0.00/2
Step 1241088 | stage_step= 784384 | Episodes: 104868
Step 1251328 | stage_step= 794624 | Episodes: 105717
[MultiQuadEnv] Steps 380001-400000 | pickups=6636 | deliveries=0 | total_pickups=127032 | total_deliveries=0
Eval @1257472 | stage_step= 800768 | sr=0.00% | reward=177.25 +/- 0.00 | pickups=2.00 deliveries=0.00 delivered_agents=0.00/2
Step 1261568 | stage_step= 804864 | Episodes: 106565
Step 1271808 | stage_step= 815104 | Episodes: 107415
Step 1280000 | stage_step= 823296 | Episodes: 108095
Eval @1282048 | stage_step= 825344 | sr=0.00% | reward=177.25 +/- 0.00 | pickups=2.00 deliveries=0.00 delivered_agents=0.00/2
Step 1290240 | stage_step= 833536 | Episodes: 108945
[MultiQuadEnv] Steps 400001-420000 | pickups=6639 | deliveries=0 | total_pickups=133671 | total_deliveries=0
Step 1300480 | stage_step= 843776 | Episodes: 109796
Eval @1308672 | stage_step= 851968 | sr=0.00% | reward=177.25 +/- 0.00 | pickups=2.00 deliveries=0.00 delivered_agents=0.00/2
Step 1310720 | stage_step= 854016 | Episodes: 110645
Step 1320960 | stage_step= 864256 | Episodes: 111495
Step 1331200 | stage_step= 874496 | Episodes: 112345
Eval @1333248 | stage_step= 876544 | sr=0.00% | reward=177.25 +/- 0.00 | pickups=2.00 deliveries=0.00 delivered_agents=0.00/2
[MultiQuadEnv] Steps 420001-440000 | pickups=6644 | deliveries=0 | total_pickups=140315 | total_deliveries=0
Step 1341440 | stage_step= 884736 | Episodes: 113195
Step 1351680 | stage_step= 894976 | Episodes: 114042
Eval @1357824 | stage_step= 901120 | sr=0.00% | reward=177.25 +/- 0.00 | pickups=2.00 deliveries=0.00 delivered_agents=0.00/2
Step 1361920 | stage_step= 905216 | Episodes: 114890
Step 1370112 | stage_step= 913408 | Episodes: 115569
[MultiQuadEnv] Steps 440001-460000 | pickups=6635 | deliveries=0 | total_pickups=146950 | total_deliveries=0
Step 1380352 | stage_step= 923648 | Episodes: 116416
Eval @1382400 | stage_step= 925696 | sr=0.00% | reward=177.25 +/- 0.00 | pickups=2.00 deliveries=0.00 delivered_agents=0.00/2
Step 1390592 | stage_step= 933888 | Episodes: 117266
Step 1400832 | stage_step= 944128 | Episodes: 118116
Eval @1406976 | stage_step= 950272 | sr=0.00% | reward=177.25 +/- 0.00 | pickups=2.00 deliveries=0.00 delivered_agents=0.00/2
Step 1411072 | stage_step= 954368 | Episodes: 118964
[MultiQuadEnv] Steps 460001-480000 | pickups=6641 | deliveries=0 | total_pickups=153591 | total_deliveries=0
Step 1421312 | stage_step= 964608 | Episodes: 119814
Step 1431552 | stage_step= 974848 | Episodes: 120665
Eval @1433600 | stage_step= 976896 | sr=0.00% | reward=177.25 +/- 0.00 | pickups=2.00 deliveries=0.00 delivered_agents=0.00/2
Step 1441792 | stage_step= 985088 | Episodes: 121513
Step 1452032 | stage_step= 995328 | Episodes: 122363
[MultiQuadEnv] Steps 480001-500000 | pickups=6637 | deliveries=0 | total_pickups=160228 | total_deliveries=0
Eval @1458176 | stage_step=1001472 | sr=0.00% | reward=177.25 +/- 0.00 | pickups=2.00 deliveries=0.00 delivered_agents=0.00/2
Full budget used for s4_wider_t_branch_fixed. Best stage success=0.00%.
No successful checkpoint found for s4_wider_t_branch_fixed; restored pre-stage model.
Final eval | success_rate=100.00% | mean_reward=3197.40 +/- 0.00 | pickups=2.00 deliveries=2.00 | delivered_agents=2.00/2 

### SLOW FIXED SWEEP 18/20: quad_physics_mappo_fixed_v12_slow_sweep_delivery_seed11 ###

Using device: cpu
Initial Quad MAPPO: agents=2 obs=(36,) grid=(6, 5) starts=[(4, 2), (3, 2)] package=(2, 2) deliveries=[(1, 1), (1, 3)] lanes=6 rand_pkg=False rand_del=False dt=0.05 substeps=8 max_tilt=0.32

=== Stage 1/25: s1_short_t_fixed (fixed positions) ===
Stage: agents=2 obs=(36,) grid=(6, 5) starts=[(4, 2), (3, 2)] package=(2, 2) deliveries=[(1, 1), (1, 3)] lanes=6 rand_pkg=False rand_del=False dt=0.05 substeps=8 max_tilt=0.32
Step   10240 | stage_step=  10240 | Episodes:   975
Step   20480 | stage_step=  20480 | Episodes:  2013
Eval @  20480 | stage_step=  20480 | sr=0.00% | reward=876.20 +/- 0.00 | pickups=2.00 deliveries=1.00 delivered_agents=1.00/2
Step   30720 | stage_step=  30720 | Episodes:  3038
[MultiQuadEnv] Steps 1-20000 | pickups=2418 | deliveries=361 | total_pickups=2418 | total_deliveries=361
Step   40960 | stage_step=  40960 | Episodes:  4104
Eval @  40960 | stage_step=  40960 | sr=0.00% | reward=78.40 +/- 0.00 | pickups=1.00 deliveries=0.00 delivered_agents=0.00/2
Step   51200 | stage_step=  51200 | Episodes:  5207
Step   61440 | stage_step=  61440 | Episodes:  6299
Eval @  61440 | stage_step=  61440 | sr=0.00% | reward=927.60 +/- 0.00 | pickups=2.00 deliveries=1.00 delivered_agents=1.00/2
Step   71680 | stage_step=  71680 | Episodes:  7383
[MultiQuadEnv] Steps 20001-40000 | pickups=4282 | deliveries=1113 | total_pickups=6700 | total_deliveries=1474
Step   81920 | stage_step=  81920 | Episodes:  8483
Eval @  81920 | stage_step=  81920 | sr=0.00% | reward=927.80 +/- 0.00 | pickups=2.00 deliveries=1.00 delivered_agents=1.00/2
Step   90112 | stage_step=  90112 | Episodes:  9373
Step  100352 | stage_step= 100352 | Episodes: 10482
Eval @ 100352 | stage_step= 100352 | sr=0.00% | reward=928.00 +/- 0.00 | pickups=2.00 deliveries=1.00 delivered_agents=1.00/2
Step  110592 | stage_step= 110592 | Episodes: 11596
[MultiQuadEnv] Steps 40001-60000 | pickups=4843 | deliveries=1422 | total_pickups=11543 | total_deliveries=2896
Step  120832 | stage_step= 120832 | Episodes: 12709
Eval @ 120832 | stage_step= 120832 | sr=0.00% | reward=928.00 +/- 0.00 | pickups=2.00 deliveries=1.00 delivered_agents=1.00/2
Step  131072 | stage_step= 131072 | Episodes: 13817
Step  141312 | stage_step= 141312 | Episodes: 14960
Eval @ 141312 | stage_step= 141312 | sr=0.00% | reward=928.00 +/- 0.00 | pickups=2.00 deliveries=1.00 delivered_agents=1.00/2
Step  151552 | stage_step= 151552 | Episodes: 16085
[MultiQuadEnv] Steps 60001-80000 | pickups=5049 | deliveries=1604 | total_pickups=16592 | total_deliveries=4500
Step  161792 | stage_step= 161792 | Episodes: 17197
Eval @ 161792 | stage_step= 161792 | sr=0.00% | reward=928.00 +/- 0.00 | pickups=2.00 deliveries=1.00 delivered_agents=1.00/2
Step  172032 | stage_step= 172032 | Episodes: 18325
Step  180224 | stage_step= 180224 | Episodes: 19229
Eval @ 180224 | stage_step= 180224 | sr=0.00% | reward=928.00 +/- 0.00 | pickups=2.00 deliveries=1.00 delivered_agents=1.00/2
Full budget used for s1_short_t_fixed. Best stage success=0.00%.
No successful checkpoint found for s1_short_t_fixed; restored pre-stage model.
Final eval | success_rate=0.00% | mean_reward=-48.00 +/- 0.00 | pickups=0.00 deliveries=0.00 | delivered_agents=0.00/2 

### SLOW FIXED SWEEP 19/20: quad_physics_mappo_fixed_v12_slow_sweep_delivery_seed23 ###

Using device: cpu
Initial Quad MAPPO: agents=2 obs=(36,) grid=(6, 5) starts=[(4, 2), (3, 2)] package=(2, 2) deliveries=[(1, 1), (1, 3)] lanes=6 rand_pkg=False rand_del=False dt=0.05 substeps=8 max_tilt=0.32

=== Stage 1/25: s1_short_t_fixed (fixed positions) ===
Stage: agents=2 obs=(36,) grid=(6, 5) starts=[(4, 2), (3, 2)] package=(2, 2) deliveries=[(1, 1), (1, 3)] lanes=6 rand_pkg=False rand_del=False dt=0.05 substeps=8 max_tilt=0.32
Step   10240 | stage_step=  10240 | Episodes:   924
Step   20480 | stage_step=  20480 | Episodes:  1953
Eval @  20480 | stage_step=  20480 | sr=0.00% | reward=77.20 +/- 0.00 | pickups=1.00 deliveries=0.00 delivered_agents=0.00/2
Step   30720 | stage_step=  30720 | Episodes:  2886
[MultiQuadEnv] Steps 1-20000 | pickups=2453 | deliveries=495 | total_pickups=2453 | total_deliveries=495
Step   40960 | stage_step=  40960 | Episodes:  3768
Eval @  40960 | stage_step=  40960 | sr=0.00% | reward=876.80 +/- 0.00 | pickups=2.00 deliveries=1.00 delivered_agents=1.00/2
Step   51200 | stage_step=  51200 | Episodes:  4635
Step   61440 | stage_step=  61440 | Episodes:  5430
Eval @  61440 | stage_step=  61440 | sr=0.00% | reward=877.00 +/- 0.00 | pickups=2.00 deliveries=1.00 delivered_agents=1.00/2
Step   71680 | stage_step=  71680 | Episodes:  6179
[MultiQuadEnv] Steps 20001-40000 | pickups=3765 | deliveries=1448 | total_pickups=6218 | total_deliveries=1943
Step   81920 | stage_step=  81920 | Episodes:  6877
Eval @  81920 | stage_step=  81920 | sr=0.00% | reward=877.00 +/- 0.00 | pickups=2.00 deliveries=1.00 delivered_agents=1.00/2
Step   90112 | stage_step=  90112 | Episodes:  7411
Step  100352 | stage_step= 100352 | Episodes:  8075
Eval @ 100352 | stage_step= 100352 | sr=0.00% | reward=927.60 +/- 0.00 | pickups=2.00 deliveries=1.00 delivered_agents=1.00/2
Step  110592 | stage_step= 110592 | Episodes:  8756
[MultiQuadEnv] Steps 40001-60000 | pickups=4070 | deliveries=1751 | total_pickups=10288 | total_deliveries=3694
Step  120832 | stage_step= 120832 | Episodes:  9422
Eval @ 120832 | stage_step= 120832 | sr=0.00% | reward=877.20 +/- 0.00 | pickups=2.00 deliveries=1.00 delivered_agents=1.00/2
Step  131072 | stage_step= 131072 | Episodes: 10050
Step  141312 | stage_step= 141312 | Episodes: 10680
Eval @ 141312 | stage_step= 141312 | sr=0.00% | reward=877.20 +/- 0.00 | pickups=2.00 deliveries=1.00 delivered_agents=1.00/2
Step  151552 | stage_step= 151552 | Episodes: 11294
[MultiQuadEnv] Steps 60001-80000 | pickups=4009 | deliveries=1899 | total_pickups=14297 | total_deliveries=5593
Step  161792 | stage_step= 161792 | Episodes: 11887
Eval @ 161792 | stage_step= 161792 | sr=0.00% | reward=877.00 +/- 0.00 | pickups=2.00 deliveries=1.00 delivered_agents=1.00/2
Step  172032 | stage_step= 172032 | Episodes: 12449
Step  180224 | stage_step= 180224 | Episodes: 12908
Eval @ 180224 | stage_step= 180224 | sr=0.00% | reward=877.20 +/- 0.00 | pickups=2.00 deliveries=1.00 delivered_agents=1.00/2
Full budget used for s1_short_t_fixed. Best stage success=0.00%.
No successful checkpoint found for s1_short_t_fixed; restored pre-stage model.
Final eval | success_rate=0.00% | mean_reward=-48.00 +/- 0.00 | pickups=0.00 deliveries=0.00 | delivered_agents=0.00/2 

### SLOW FIXED SWEEP 20/20: quad_physics_mappo_fixed_v12_slow_sweep_delivery_seed41 ###

Using device: cpu
Initial Quad MAPPO: agents=2 obs=(36,) grid=(6, 5) starts=[(4, 2), (3, 2)] package=(2, 2) deliveries=[(1, 1), (1, 3)] lanes=6 rand_pkg=False rand_del=False dt=0.05 substeps=8 max_tilt=0.32

=== Stage 1/25: s1_short_t_fixed (fixed positions) ===
Stage: agents=2 obs=(36,) grid=(6, 5) starts=[(4, 2), (3, 2)] package=(2, 2) deliveries=[(1, 1), (1, 3)] lanes=6 rand_pkg=False rand_del=False dt=0.05 substeps=8 max_tilt=0.32
Step   10240 | stage_step=  10240 | Episodes:   905
Step   20480 | stage_step=  20480 | Episodes:  1926
Eval @  20480 | stage_step=  20480 | sr=0.00% | reward=77.20 +/- 0.00 | pickups=1.00 deliveries=0.00 delivered_agents=0.00/2
Step   30720 | stage_step=  30720 | Episodes:  2996
[MultiQuadEnv] Steps 1-20000 | pickups=2335 | deliveries=314 | total_pickups=2335 | total_deliveries=314
Step   40960 | stage_step=  40960 | Episodes:  4056
Eval @  40960 | stage_step=  40960 | sr=0.00% | reward=877.40 +/- 0.00 | pickups=2.00 deliveries=1.00 delivered_agents=1.00/2
Step   51200 | stage_step=  51200 | Episodes:  5143
Step   61440 | stage_step=  61440 | Episodes:  6234
Eval @  61440 | stage_step=  61440 | sr=0.00% | reward=927.40 +/- 0.00 | pickups=2.00 deliveries=1.00 delivered_agents=1.00/2
Step   71680 | stage_step=  71680 | Episodes:  7316
[MultiQuadEnv] Steps 20001-40000 | pickups=4021 | deliveries=1196 | total_pickups=6356 | total_deliveries=1510
Step   81920 | stage_step=  81920 | Episodes:  8405
Eval @  81920 | stage_step=  81920 | sr=0.00% | reward=927.80 +/- 0.00 | pickups=2.00 deliveries=1.00 delivered_agents=1.00/2
Step   90112 | stage_step=  90112 | Episodes:  9292
Step  100352 | stage_step= 100352 | Episodes: 10392
Eval @ 100352 | stage_step= 100352 | sr=0.00% | reward=927.80 +/- 0.00 | pickups=2.00 deliveries=1.00 delivered_agents=1.00/2
Step  110592 | stage_step= 110592 | Episodes: 11512
[MultiQuadEnv] Steps 40001-60000 | pickups=4698 | deliveries=1516 | total_pickups=11054 | total_deliveries=3026
Step  120832 | stage_step= 120832 | Episodes: 12621
Eval @ 120832 | stage_step= 120832 | sr=100.00% | reward=3198.00 +/- 0.00 | pickups=2.00 deliveries=2.00 delivered_agents=2.00/2
Early promotion from s1_short_t_fixed: 100.00% >= 90.00%
Restored best for s1_short_t_fixed: sr=100.00% | reward=3198.00

=== Stage 2/25: s2_wider_t_stem_fixed (fixed positions) ===
Stage: agents=2 obs=(36,) grid=(8, 9) starts=[(6, 4), (5, 4)] package=(3, 4) deliveries=[(2, 4), (1, 4)] lanes=12 rand_pkg=False rand_del=False dt=0.05 substeps=8 max_tilt=0.32
Step  131072 | stage_step=  10240 | Episodes: 13735
Step  141312 | stage_step=  20480 | Episodes: 14786
Eval @ 147456 | stage_step=  26624 | sr=0.00% | reward=111.60 +/- 0.00 | pickups=2.00 deliveries=0.00 delivered_agents=0.00/2
Step  151552 | stage_step=  30720 | Episodes: 15821
[MultiQuadEnv] Steps 1-20000 | pickups=3060 | deliveries=1022 | total_pickups=3060 | total_deliveries=1022
Step  161792 | stage_step=  40960 | Episodes: 16854
Step  172032 | stage_step=  51200 | Episodes: 17883
Eval @ 172032 | stage_step=  51200 | sr=0.00% | reward=111.60 +/- 0.00 | pickups=2.00 deliveries=0.00 delivered_agents=0.00/2
Step  180224 | stage_step=  59392 | Episodes: 18687
Step  190464 | stage_step=  69632 | Episodes: 19696
Eval @ 196608 | stage_step=  75776 | sr=0.00% | reward=111.60 +/- 0.00 | pickups=2.00 deliveries=0.00 delivered_agents=0.00/2
Step  200704 | stage_step=  79872 | Episodes: 20687
[MultiQuadEnv] Steps 20001-40000 | pickups=3619 | deliveries=1391 | total_pickups=6679 | total_deliveries=2413
Step  210944 | stage_step=  90112 | Episodes: 21672
Step  221184 | stage_step= 100352 | Episodes: 22616
Eval @ 221184 | stage_step= 100352 | sr=0.00% | reward=111.60 +/- 0.00 | pickups=2.00 deliveries=0.00 delivered_agents=0.00/2
Step  231424 | stage_step= 110592 | Episodes: 23524
[MultiQuadEnv] Steps 40001-60000 | pickups=4017 | deliveries=1904 | total_pickups=10696 | total_deliveries=4317
Step  241664 | stage_step= 120832 | Episodes: 24460
Eval @ 247808 | stage_step= 126976 | sr=100.00% | reward=3147.60 +/- 0.00 | pickups=2.00 deliveries=2.00 delivered_agents=2.00/2
Early promotion from s2_wider_t_stem_fixed: 100.00% >= 85.00%
Restored best for s2_wider_t_stem_fixed: sr=100.00% | reward=3147.60

=== Stage 3/25: s3_wider_t_near_branch_fixed (fixed positions) ===
Stage: agents=2 obs=(36,) grid=(8, 9) starts=[(6, 4), (5, 4)] package=(2, 4) deliveries=[(1, 3), (1, 5)] lanes=12 rand_pkg=False rand_del=False dt=0.05 substeps=8 max_tilt=0.32
Step  251904 | stage_step=   4096 | Episodes: 25331
Step  260096 | stage_step=  12288 | Episodes: 26036
Step  270336 | stage_step=  22528 | Episodes: 26922
Eval @ 274432 | stage_step=  26624 | sr=0.00% | reward=77.60 +/- 0.00 | pickups=1.00 deliveries=0.00 delivered_agents=0.00/2
Step  280576 | stage_step=  32768 | Episodes: 27795
[MultiQuadEnv] Steps 1-20000 | pickups=2809 | deliveries=319 | total_pickups=2809 | total_deliveries=319
Step  290816 | stage_step=  43008 | Episodes: 28641
Eval @ 299008 | stage_step=  51200 | sr=0.00% | reward=-38.00 +/- 0.00 | pickups=0.00 deliveries=0.00 delivered_agents=0.00/2
Step  301056 | stage_step=  53248 | Episodes: 29526
Step  311296 | stage_step=  63488 | Episodes: 30353
Step  321536 | stage_step=  73728 | Episodes: 31165
Eval @ 323584 | stage_step=  75776 | sr=0.00% | reward=61.60 +/- 0.00 | pickups=1.00 deliveries=0.00 delivered_agents=0.00/2
[MultiQuadEnv] Steps 20001-40000 | pickups=2957 | deliveries=416 | total_pickups=5766 | total_deliveries=735
Step  331776 | stage_step=  83968 | Episodes: 31940
Step  342016 | stage_step=  94208 | Episodes: 32711
Eval @ 348160 | stage_step= 100352 | sr=0.00% | reward=61.60 +/- 0.00 | pickups=1.00 deliveries=0.00 delivered_agents=0.00/2
Step  350208 | stage_step= 102400 | Episodes: 33298
Step  360448 | stage_step= 112640 | Episodes: 34053
[MultiQuadEnv] Steps 40001-60000 | pickups=3419 | deliveries=474 | total_pickups=9185 | total_deliveries=1209
Step  370688 | stage_step= 122880 | Episodes: 34775
Eval @ 374784 | stage_step= 126976 | sr=0.00% | reward=827.40 +/- 0.00 | pickups=1.00 deliveries=1.00 delivered_agents=1.00/2
Step  380928 | stage_step= 133120 | Episodes: 35487
Step  391168 | stage_step= 143360 | Episodes: 36193
Eval @ 399360 | stage_step= 151552 | sr=0.00% | reward=157.20 +/- 0.00 | pickups=2.00 deliveries=0.00 delivered_agents=0.00/2
Step  401408 | stage_step= 153600 | Episodes: 36905
[MultiQuadEnv] Steps 60001-80000 | pickups=3437 | deliveries=584 | total_pickups=12622 | total_deliveries=1793
Step  411648 | stage_step= 163840 | Episodes: 37507
Step  421888 | stage_step= 174080 | Episodes: 38126
Eval @ 423936 | stage_step= 176128 | sr=0.00% | reward=157.20 +/- 0.00 | pickups=2.00 deliveries=0.00 delivered_agents=0.00/2
Step  430080 | stage_step= 182272 | Episodes: 38629
Step  440320 | stage_step= 192512 | Episodes: 39303
[MultiQuadEnv] Steps 80001-100000 | pickups=3493 | deliveries=504 | total_pickups=16115 | total_deliveries=2297
Eval @ 448512 | stage_step= 200704 | sr=0.00% | reward=827.40 +/- 0.00 | pickups=1.00 deliveries=1.00 delivered_agents=1.00/2
Step  450560 | stage_step= 202752 | Episodes: 40009
Step  460800 | stage_step= 212992 | Episodes: 40733
Step  471040 | stage_step= 223232 | Episodes: 41434
Eval @ 473088 | stage_step= 225280 | sr=0.00% | reward=827.40 +/- 0.00 | pickups=1.00 deliveries=1.00 delivered_agents=1.00/2
Step  481280 | stage_step= 233472 | Episodes: 42124
[MultiQuadEnv] Steps 100001-120000 | pickups=3169 | deliveries=779 | total_pickups=19284 | total_deliveries=3076
Step  491520 | stage_step= 243712 | Episodes: 42825
Eval @ 499712 | stage_step= 251904 | sr=0.00% | reward=827.40 +/- 0.00 | pickups=1.00 deliveries=1.00 delivered_agents=1.00/2
Step  501760 | stage_step= 253952 | Episodes: 43520
Step  512000 | stage_step= 264192 | Episodes: 44202
Step  520192 | stage_step= 272384 | Episodes: 44754
Eval @ 524288 | stage_step= 276480 | sr=0.00% | reward=827.40 +/- 0.00 | pickups=1.00 deliveries=1.00 delivered_agents=1.00/2
[MultiQuadEnv] Steps 120001-140000 | pickups=3491 | deliveries=739 | total_pickups=22775 | total_deliveries=3815
Step  530432 | stage_step= 282624 | Episodes: 45423
Step  540672 | stage_step= 292864 | Episodes: 46105
Eval @ 548864 | stage_step= 301056 | sr=0.00% | reward=827.40 +/- 0.00 | pickups=1.00 deliveries=1.00 delivered_agents=1.00/2
Step  550912 | stage_step= 303104 | Episodes: 46784
Step  561152 | stage_step= 313344 | Episodes: 47474
[MultiQuadEnv] Steps 140001-160000 | pickups=3383 | deliveries=856 | total_pickups=26158 | total_deliveries=4671
Step  571392 | stage_step= 323584 | Episodes: 48132
Eval @ 573440 | stage_step= 325632 | sr=0.00% | reward=827.40 +/- 0.00 | pickups=1.00 deliveries=1.00 delivered_agents=1.00/2
Step  581632 | stage_step= 333824 | Episodes: 48812
Step  591872 | stage_step= 344064 | Episodes: 49487
Eval @ 598016 | stage_step= 350208 | sr=0.00% | reward=827.40 +/- 0.00 | pickups=1.00 deliveries=1.00 delivered_agents=1.00/2
Step  600064 | stage_step= 352256 | Episodes: 50015
[MultiQuadEnv] Steps 160001-180000 | pickups=3389 | deliveries=930 | total_pickups=29547 | total_deliveries=5601
Step  610304 | stage_step= 362496 | Episodes: 50661
Step  620544 | stage_step= 372736 | Episodes: 51315
Eval @ 624640 | stage_step= 376832 | sr=0.00% | reward=827.40 +/- 0.00 | pickups=1.00 deliveries=1.00 delivered_agents=1.00/2
Step  630784 | stage_step= 382976 | Episodes: 51992
Step  641024 | stage_step= 393216 | Episodes: 52632
[MultiQuadEnv] Steps 180001-200000 | pickups=3438 | deliveries=962 | total_pickups=32985 | total_deliveries=6563
Eval @ 649216 | stage_step= 401408 | sr=0.00% | reward=827.40 +/- 0.00 | pickups=1.00 deliveries=1.00 delivered_agents=1.00/2
Step  651264 | stage_step= 403456 | Episodes: 53297
Step  661504 | stage_step= 413696 | Episodes: 53935
Step  671744 | stage_step= 423936 | Episodes: 54579
Eval @ 673792 | stage_step= 425984 | sr=0.00% | reward=927.40 +/- 0.00 | pickups=2.00 deliveries=1.00 delivered_agents=1.00/2
Step  681984 | stage_step= 434176 | Episodes: 55209
[MultiQuadEnv] Steps 200001-220000 | pickups=3473 | deliveries=1009 | total_pickups=36458 | total_deliveries=7572
Step  690176 | stage_step= 442368 | Episodes: 55729
Eval @ 698368 | stage_step= 450560 | sr=0.00% | reward=827.40 +/- 0.00 | pickups=1.00 deliveries=1.00 delivered_agents=1.00/2
Step  700416 | stage_step= 452608 | Episodes: 56377
Step  710656 | stage_step= 462848 | Episodes: 57022
Step  720896 | stage_step= 473088 | Episodes: 57685
Eval @ 722944 | stage_step= 475136 | sr=0.00% | reward=927.40 +/- 0.00 | pickups=2.00 deliveries=1.00 delivered_agents=1.00/2
[MultiQuadEnv] Steps 220001-240000 | pickups=3583 | deliveries=1099 | total_pickups=40041 | total_deliveries=8671
Step  731136 | stage_step= 483328 | Episodes: 58311
Step  741376 | stage_step= 493568 | Episodes: 58916
Eval @ 749568 | stage_step= 501760 | sr=0.00% | reward=927.40 +/- 0.00 | pickups=2.00 deliveries=1.00 delivered_agents=1.00/2
Step  751616 | stage_step= 503808 | Episodes: 59539
Step  761856 | stage_step= 514048 | Episodes: 60165
[MultiQuadEnv] Steps 240001-260000 | pickups=3627 | deliveries=1126 | total_pickups=43668 | total_deliveries=9797
Step  770048 | stage_step= 522240 | Episodes: 60679
Eval @ 774144 | stage_step= 526336 | sr=0.00% | reward=927.40 +/- 0.00 | pickups=2.00 deliveries=1.00 delivered_agents=1.00/2
Step  780288 | stage_step= 532480 | Episodes: 61326
Step  790528 | stage_step= 542720 | Episodes: 61973
Eval @ 798720 | stage_step= 550912 | sr=0.00% | reward=927.40 +/- 0.00 | pickups=2.00 deliveries=1.00 delivered_agents=1.00/2
Step  800768 | stage_step= 552960 | Episodes: 62622
[MultiQuadEnv] Steps 260001-280000 | pickups=3684 | deliveries=1249 | total_pickups=47352 | total_deliveries=11046
Step  811008 | stage_step= 563200 | Episodes: 63274
Step  821248 | stage_step= 573440 | Episodes: 63901
Eval @ 823296 | stage_step= 575488 | sr=0.00% | reward=927.40 +/- 0.00 | pickups=2.00 deliveries=1.00 delivered_agents=1.00/2
Step  831488 | stage_step= 583680 | Episodes: 64550
Step  841728 | stage_step= 593920 | Episodes: 65190
[MultiQuadEnv] Steps 280001-300000 | pickups=3820 | deliveries=1313 | total_pickups=51172 | total_deliveries=12359
Eval @ 847872 | stage_step= 600064 | sr=0.00% | reward=927.40 +/- 0.00 | pickups=2.00 deliveries=1.00 delivered_agents=1.00/2
Step  851968 | stage_step= 604160 | Episodes: 65851
Step  860160 | stage_step= 612352 | Episodes: 66376
Step  870400 | stage_step= 622592 | Episodes: 67037
Eval @ 874496 | stage_step= 626688 | sr=0.00% | reward=927.40 +/- 0.00 | pickups=2.00 deliveries=1.00 delivered_agents=1.00/2
Step  880640 | stage_step= 632832 | Episodes: 67705
[MultiQuadEnv] Steps 300001-320000 | pickups=3856 | deliveries=1516 | total_pickups=55028 | total_deliveries=13875
Step  890880 | stage_step= 643072 | Episodes: 68368
Eval @ 899072 | stage_step= 651264 | sr=0.00% | reward=927.40 +/- 0.00 | pickups=2.00 deliveries=1.00 delivered_agents=1.00/2
Step  901120 | stage_step= 653312 | Episodes: 69042
Step  911360 | stage_step= 663552 | Episodes: 69706
Step  921600 | stage_step= 673792 | Episodes: 70372
Eval @ 923648 | stage_step= 675840 | sr=0.00% | reward=927.20 +/- 0.00 | pickups=2.00 deliveries=1.00 delivered_agents=1.00/2
[MultiQuadEnv] Steps 320001-340000 | pickups=3940 | deliveries=1619 | total_pickups=58968 | total_deliveries=15494
Step  931840 | stage_step= 684032 | Episodes: 71012
Step  940032 | stage_step= 692224 | Episodes: 71541
Eval @ 948224 | stage_step= 700416 | sr=0.00% | reward=927.20 +/- 0.00 | pickups=2.00 deliveries=1.00 delivered_agents=1.00/2
Step  950272 | stage_step= 702464 | Episodes: 72189
Step  960512 | stage_step= 712704 | Episodes: 72843
[MultiQuadEnv] Steps 340001-360000 | pickups=4190 | deliveries=1849 | total_pickups=63158 | total_deliveries=17343
Step  970752 | stage_step= 722944 | Episodes: 73488
Eval @ 974848 | stage_step= 727040 | sr=0.00% | reward=927.20 +/- 0.00 | pickups=2.00 deliveries=1.00 delivered_agents=1.00/2
Step  980992 | stage_step= 733184 | Episodes: 74132
Step  991232 | stage_step= 743424 | Episodes: 74766
Eval @ 999424 | stage_step= 751616 | sr=0.00% | reward=927.20 +/- 0.00 | pickups=2.00 deliveries=1.00 delivered_agents=1.00/2
Full budget used for s3_wider_t_near_branch_fixed. Best stage success=0.00%.
No successful checkpoint found for s3_wider_t_near_branch_fixed; restored pre-stage model.
Final eval | success_rate=100.00% | mean_reward=3147.60 +/- 0.00 | pickups=2.00 deliveries=2.00 | delivered_agents=2.00/2 
