
### DYNAMIC MAPPO SWEEP 1/20: quad_physics_mappo_v1_random_delivery_dynamic_slow_sweep_base_seed7 ###

Using device: cuda (NVIDIA GeForce RTX 4090)
Initial Quad MAPPO: agents=2 obs=(36,) grid=(6, 5) starts=[(4, 2), (3, 2)] package=(2, 2) deliveries=[(1, 1), (1, 3)] lanes=6 rand_pkg=False rand_del=False dt=0.05 substeps=8 max_tilt=0.32

=== Stage 1/21: s1_short_t_fixed (fixed positions) ===
Stage: agents=2 obs=(36,) grid=(6, 5) starts=[(4, 2), (3, 2)] package=(2, 2) deliveries=[(1, 1), (1, 3)] lanes=6 rand_pkg=False rand_del=False dt=0.05 substeps=8 max_tilt=0.32
Step   10240 | stage_step=  10240 | Episodes:   975
Step   20480 | stage_step=  20480 | Episodes:  2043
Eval @  20480 | stage_step=  20480 | sr=0.00% | reward=127.20 +/- 0.00 | pickups=1.00 deliveries=0.00 delivered_agents=0.00/2
Step   30720 | stage_step=  30720 | Episodes:  3110
[MultiQuadEnv] Steps 1-20000 | pickups=2441 | deliveries=299 | total_pickups=2441 | total_deliveries=299
Step   40960 | stage_step=  40960 | Episodes:  4183
Eval @  40960 | stage_step=  40960 | sr=0.00% | reward=127.60 +/- 0.00 | pickups=1.00 deliveries=0.00 delivered_agents=0.00/2
Step   51200 | stage_step=  51200 | Episodes:  5264
Step   61440 | stage_step=  61440 | Episodes:  6333
Eval @  61440 | stage_step=  61440 | sr=0.00% | reward=777.60 +/- 0.00 | pickups=2.00 deliveries=1.00 delivered_agents=1.00/2
Step   71680 | stage_step=  71680 | Episodes:  7422
[MultiQuadEnv] Steps 20001-40000 | pickups=4181 | deliveries=921 | total_pickups=6622 | total_deliveries=1220
Step   81920 | stage_step=  81920 | Episodes:  8504
Eval @  81920 | stage_step=  81920 | sr=0.00% | reward=278.00 +/- 0.00 | pickups=2.00 deliveries=0.00 delivered_agents=0.00/2
Step   90112 | stage_step=  90112 | Episodes:  9378
Step  100352 | stage_step= 100352 | Episodes: 10494
Eval @ 100352 | stage_step= 100352 | sr=0.00% | reward=262.00 +/- 0.00 | pickups=2.00 deliveries=0.00 delivered_agents=0.00/2
Step  110592 | stage_step= 110592 | Episodes: 11595
[MultiQuadEnv] Steps 40001-60000 | pickups=5143 | deliveries=1229 | total_pickups=11765 | total_deliveries=2449
Step  120832 | stage_step= 120832 | Episodes: 12721
Eval @ 120832 | stage_step= 120832 | sr=0.00% | reward=778.00 +/- 0.00 | pickups=2.00 deliveries=1.00 delivered_agents=1.00/2
Step  131072 | stage_step= 131072 | Episodes: 13840
Step  141312 | stage_step= 141312 | Episodes: 14972
Eval @ 141312 | stage_step= 141312 | sr=0.00% | reward=778.00 +/- 0.00 | pickups=2.00 deliveries=1.00 delivered_agents=1.00/2
Step  151552 | stage_step= 151552 | Episodes: 16104
[MultiQuadEnv] Steps 60001-80000 | pickups=5370 | deliveries=1623 | total_pickups=17135 | total_deliveries=4072
Step  161792 | stage_step= 161792 | Episodes: 17245
Eval @ 161792 | stage_step= 161792 | sr=0.00% | reward=778.00 +/- 0.00 | pickups=2.00 deliveries=1.00 delivered_agents=1.00/2
Step  172032 | stage_step= 172032 | Episodes: 18367
Step  180224 | stage_step= 180224 | Episodes: 19253
Eval @ 180224 | stage_step= 180224 | sr=0.00% | reward=778.00 +/- 0.00 | pickups=2.00 deliveries=1.00 delivered_agents=1.00/2
Full budget used for s1_short_t_fixed. Best stage success=0.00%.
No successful checkpoint found for s1_short_t_fixed; restored pre-stage model.
Final eval | success_rate=0.00% | mean_reward=-48.00 +/- 0.00 | pickups=0.00 deliveries=0.00 | delivered_agents=0.00/2 

### DYNAMIC MAPPO SWEEP 2/20: quad_physics_mappo_v1_random_delivery_dynamic_slow_sweep_base_seed11 ###


### DYNAMIC MAPPO SWEEP 1/20: quad_physics_mappo_v1_random_delivery_dynamic_slow_sweep_base_seed7 ###

Using device: cuda (NVIDIA GeForce RTX 4090)
Initial Quad MAPPO: agents=2 obs=(36,) grid=(6, 5) starts=[(4, 2), (3, 2)] package=(2, 2) deliveries=[(1, 1), (1, 3)] lanes=6 rand_pkg=False rand_del=False dt=0.05 substeps=8 max_tilt=0.32

=== Stage 1/21: s1_short_t_fixed (fixed positions) ===
Stage: agents=2 obs=(36,) grid=(6, 5) starts=[(4, 2), (3, 2)] package=(2, 2) deliveries=[(1, 1), (1, 3)] lanes=6 rand_pkg=False rand_del=False dt=0.05 substeps=8 max_tilt=0.32
Step   10240 | stage_step=  10240 | Episodes:   975
Step   20480 | stage_step=  20480 | Episodes:  2043
Eval @  20480 | stage_step=  20480 | sr=0.00% | reward=127.20 +/- 0.00 | pickups=1.00 deliveries=0.00 delivered_agents=0.00/2
Step   30720 | stage_step=  30720 | Episodes:  3110
[MultiQuadEnv] Steps 1-20000 | pickups=2441 | deliveries=299 | total_pickups=2441 | total_deliveries=299
Step   40960 | stage_step=  40960 | Episodes:  4183
Eval @  40960 | stage_step=  40960 | sr=0.00% | reward=127.60 +/- 0.00 | pickups=1.00 deliveries=0.00 delivered_agents=0.00/2
Step   51200 | stage_step=  51200 | Episodes:  5264
Step   61440 | stage_step=  61440 | Episodes:  6333
Eval @  61440 | stage_step=  61440 | sr=0.00% | reward=777.60 +/- 0.00 | pickups=2.00 deliveries=1.00 delivered_agents=1.00/2
Step   71680 | stage_step=  71680 | Episodes:  7422
[MultiQuadEnv] Steps 20001-40000 | pickups=4181 | deliveries=921 | total_pickups=6622 | total_deliveries=1220
Step   81920 | stage_step=  81920 | Episodes:  8504
Eval @  81920 | stage_step=  81920 | sr=0.00% | reward=278.00 +/- 0.00 | pickups=2.00 deliveries=0.00 delivered_agents=0.00/2
Step   90112 | stage_step=  90112 | Episodes:  9378
Step  100352 | stage_step= 100352 | Episodes: 10494
Eval @ 100352 | stage_step= 100352 | sr=0.00% | reward=262.00 +/- 0.00 | pickups=2.00 deliveries=0.00 delivered_agents=0.00/2
Step  110592 | stage_step= 110592 | Episodes: 11595
[MultiQuadEnv] Steps 40001-60000 | pickups=5143 | deliveries=1229 | total_pickups=11765 | total_deliveries=2449
Step  120832 | stage_step= 120832 | Episodes: 12721
Eval @ 120832 | stage_step= 120832 | sr=0.00% | reward=778.00 +/- 0.00 | pickups=2.00 deliveries=1.00 delivered_agents=1.00/2
Step  131072 | stage_step= 131072 | Episodes: 13840
Step  141312 | stage_step= 141312 | Episodes: 14972
Eval @ 141312 | stage_step= 141312 | sr=0.00% | reward=778.00 +/- 0.00 | pickups=2.00 deliveries=1.00 delivered_agents=1.00/2
Step  151552 | stage_step= 151552 | Episodes: 16104
[MultiQuadEnv] Steps 60001-80000 | pickups=5370 | deliveries=1623 | total_pickups=17135 | total_deliveries=4072
Step  161792 | stage_step= 161792 | Episodes: 17245
Eval @ 161792 | stage_step= 161792 | sr=0.00% | reward=778.00 +/- 0.00 | pickups=2.00 deliveries=1.00 delivered_agents=1.00/2
Step  172032 | stage_step= 172032 | Episodes: 18367
Step  180224 | stage_step= 180224 | Episodes: 19253
Eval @ 180224 | stage_step= 180224 | sr=0.00% | reward=778.00 +/- 0.00 | pickups=2.00 deliveries=1.00 delivered_agents=1.00/2
Full budget used for s1_short_t_fixed. Best stage success=0.00%.
No successful checkpoint found for s1_short_t_fixed; restored pre-stage model.
Final eval | success_rate=0.00% | mean_reward=-48.00 +/- 0.00 | pickups=0.00 deliveries=0.00 | delivered_agents=0.00/2 

### DYNAMIC MAPPO SWEEP 2/20: quad_physics_mappo_v1_random_delivery_dynamic_slow_sweep_base_seed11 ###

Using device: cuda (NVIDIA GeForce RTX 4090)
Initial Quad MAPPO: agents=2 obs=(36,) grid=(6, 5) starts=[(4, 2), (3, 2)] package=(2, 2) deliveries=[(1, 1), (1, 3)] lanes=6 rand_pkg=False rand_del=False dt=0.05 substeps=8 max_tilt=0.32

=== Stage 1/21: s1_short_t_fixed (fixed positions) ===
Stage: agents=2 obs=(36,) grid=(6, 5) starts=[(4, 2), (3, 2)] package=(2, 2) deliveries=[(1, 1), (1, 3)] lanes=6 rand_pkg=False rand_del=False dt=0.05 substeps=8 max_tilt=0.32
Step   10240 | stage_step=  10240 | Episodes:   993
Step   20480 | stage_step=  20480 | Episodes:  1979
Eval @  20480 | stage_step=  20480 | sr=0.00% | reward=127.20 +/- 0.00 | pickups=1.00 deliveries=0.00 delivered_agents=0.00/2
Step   30720 | stage_step=  30720 | Episodes:  2967
[MultiQuadEnv] Steps 1-20000 | pickups=2467 | deliveries=398 | total_pickups=2467 | total_deliveries=398
Step   40960 | stage_step=  40960 | Episodes:  3903
Eval @  40960 | stage_step=  40960 | sr=0.00% | reward=727.00 +/- 0.00 | pickups=2.00 deliveries=1.00 delivered_agents=1.00/2
Step   51200 | stage_step=  51200 | Episodes:  4800
Step   61440 | stage_step=  61440 | Episodes:  5651
Eval @  61440 | stage_step=  61440 | sr=0.00% | reward=777.40 +/- 0.00 | pickups=2.00 deliveries=1.00 delivered_agents=1.00/2
Step   71680 | stage_step=  71680 | Episodes:  6462
[MultiQuadEnv] Steps 20001-40000 | pickups=4298 | deliveries=1319 | total_pickups=6765 | total_deliveries=1717
Step   81920 | stage_step=  81920 | Episodes:  7201
Eval @  81920 | stage_step=  81920 | sr=0.00% | reward=777.40 +/- 0.00 | pickups=2.00 deliveries=1.00 delivered_agents=1.00/2
Step   90112 | stage_step=  90112 | Episodes:  7767
Step  100352 | stage_step= 100352 | Episodes:  8442
Eval @ 100352 | stage_step= 100352 | sr=0.00% | reward=777.40 +/- 0.00 | pickups=2.00 deliveries=1.00 delivered_agents=1.00/2
Step  110592 | stage_step= 110592 | Episodes:  9105
[MultiQuadEnv] Steps 40001-60000 | pickups=4344 | deliveries=1614 | total_pickups=11109 | total_deliveries=3331
Step  120832 | stage_step= 120832 | Episodes:  9780
Eval @ 120832 | stage_step= 120832 | sr=0.00% | reward=777.20 +/- 0.00 | pickups=2.00 deliveries=1.00 delivered_agents=1.00/2
Step  131072 | stage_step= 131072 | Episodes: 10415
Step  141312 | stage_step= 141312 | Episodes: 10983
Eval @ 141312 | stage_step= 141312 | sr=100.00% | reward=2296.80 +/- 0.00 | pickups=2.00 deliveries=2.00 delivered_agents=2.00/2
Early promotion from s1_short_t_fixed: 100.00% >= 90.00%
Restored best for s1_short_t_fixed: sr=100.00% | reward=2296.80

=== Stage 2/21: s2_wider_t_stem_fixed (fixed positions) ===
Stage: agents=2 obs=(36,) grid=(8, 9) starts=[(6, 4), (5, 4)] package=(3, 4) deliveries=[(2, 4), (1, 4)] lanes=12 rand_pkg=False rand_del=False dt=0.05 substeps=8 max_tilt=0.32
Step  151552 | stage_step=  10240 | Episodes: 11771
Step  161792 | stage_step=  20480 | Episodes: 12429
Eval @ 167936 | stage_step=  26624 | sr=100.00% | reward=2247.00 +/- 0.00 | pickups=2.00 deliveries=2.00 delivered_agents=2.00/2
Step  172032 | stage_step=  30720 | Episodes: 13072
Step  180224 | stage_step=  38912 | Episodes: 13590
[MultiQuadEnv] Steps 1-20000 | pickups=3580 | deliveries=1989 | total_pickups=3580 | total_deliveries=1989
Step  190464 | stage_step=  49152 | Episodes: 14252
Eval @ 192512 | stage_step=  51200 | sr=100.00% | reward=2247.40 +/- 0.00 | pickups=2.00 deliveries=2.00 delivered_agents=2.00/2
Step  200704 | stage_step=  59392 | Episodes: 14935
Step  210944 | stage_step=  69632 | Episodes: 15627
Eval @ 217088 | stage_step=  75776 | sr=100.00% | reward=2247.40 +/- 0.00 | pickups=2.00 deliveries=2.00 delivered_agents=2.00/2
Early promotion from s2_wider_t_stem_fixed: 100.00% >= 85.00%
Restored best for s2_wider_t_stem_fixed: sr=100.00% | reward=2247.40

=== Stage 3/21: s3_wider_t_near_branch_fixed (fixed positions) ===
Stage: agents=2 obs=(36,) grid=(8, 9) starts=[(6, 4), (5, 4)] package=(2, 4) deliveries=[(1, 3), (1, 5)] lanes=12 rand_pkg=False rand_del=False dt=0.05 substeps=8 max_tilt=0.32
Step  221184 | stage_step=   4096 | Episodes: 16270
Step  231424 | stage_step=  14336 | Episodes: 16753
Step  241664 | stage_step=  24576 | Episodes: 17204
Eval @ 243712 | stage_step=  26624 | sr=100.00% | reward=2295.80 +/- 0.00 | pickups=2.00 deliveries=2.00 delivered_agents=2.00/2
Step  251904 | stage_step=  34816 | Episodes: 17701
[MultiQuadEnv] Steps 1-20000 | pickups=3008 | deliveries=950 | total_pickups=3008 | total_deliveries=950
Step  260096 | stage_step=  43008 | Episodes: 18111
Eval @ 268288 | stage_step=  51200 | sr=100.00% | reward=2296.40 +/- 0.00 | pickups=2.00 deliveries=2.00 delivered_agents=2.00/2
Step  270336 | stage_step=  53248 | Episodes: 18615
Step  280576 | stage_step=  63488 | Episodes: 19100
Step  290816 | stage_step=  73728 | Episodes: 19601
Eval @ 292864 | stage_step=  75776 | sr=100.00% | reward=2296.40 +/- 0.00 | pickups=2.00 deliveries=2.00 delivered_agents=2.00/2
Early promotion from s3_wider_t_near_branch_fixed: 100.00% >= 75.00%
Restored best for s3_wider_t_near_branch_fixed: sr=100.00% | reward=2296.40

=== Stage 4/21: s4a_wider_t_mid_branch_fixed (fixed positions) ===
Stage: agents=2 obs=(36,) grid=(8, 9) starts=[(6, 4), (5, 4)] package=(3, 4) deliveries=[(1, 2), (1, 6)] lanes=12 rand_pkg=False rand_del=False dt=0.05 substeps=8 max_tilt=0.32
Step  301056 | stage_step=   8192 | Episodes: 20205
Step  311296 | stage_step=  18432 | Episodes: 20730
Eval @ 319488 | stage_step=  26624 | sr=100.00% | reward=2294.25 +/- 0.00 | pickups=2.00 deliveries=2.00 delivered_agents=2.00/2
Step  321536 | stage_step=  28672 | Episodes: 21259
Step  331776 | stage_step=  38912 | Episodes: 21769
[MultiQuadEnv] Steps 1-20000 | pickups=3707 | deliveries=741 | total_pickups=3707 | total_deliveries=741
Step  342016 | stage_step=  49152 | Episodes: 22272
Eval @ 344064 | stage_step=  51200 | sr=100.00% | reward=2294.55 +/- 0.00 | pickups=2.00 deliveries=2.00 delivered_agents=2.00/2
Step  350208 | stage_step=  57344 | Episodes: 22685
Step  360448 | stage_step=  67584 | Episodes: 23187
Eval @ 368640 | stage_step=  75776 | sr=100.00% | reward=2294.90 +/- 0.00 | pickups=2.00 deliveries=2.00 delivered_agents=2.00/2
Early promotion from s4a_wider_t_mid_branch_fixed: 100.00% >= 80.00%
Restored best for s4a_wider_t_mid_branch_fixed: sr=100.00% | reward=2294.90

=== Stage 5/21: s4b_wider_t_far_branch_fixed (fixed positions) ===
Stage: agents=2 obs=(36,) grid=(8, 9) starts=[(6, 4), (5, 4)] package=(3, 4) deliveries=[(1, 1), (1, 7)] lanes=12 rand_pkg=False rand_del=False dt=0.05 substeps=8 max_tilt=0.32
Step  370688 | stage_step=   2048 | Episodes: 23707
Step  380928 | stage_step=  12288 | Episodes: 24280
Step  391168 | stage_step=  22528 | Episodes: 24823
Eval @ 395264 | stage_step=  26624 | sr=100.00% | reward=2294.55 +/- 0.00 | pickups=2.00 deliveries=2.00 delivered_agents=2.00/2
Step  401408 | stage_step=  32768 | Episodes: 25357
[MultiQuadEnv] Steps 1-20000 | pickups=3862 | deliveries=778 | total_pickups=3862 | total_deliveries=778
Step  411648 | stage_step=  43008 | Episodes: 25870
Eval @ 419840 | stage_step=  51200 | sr=100.00% | reward=2294.55 +/- 0.00 | pickups=2.00 deliveries=2.00 delivered_agents=2.00/2
Step  421888 | stage_step=  53248 | Episodes: 26368
Step  430080 | stage_step=  61440 | Episodes: 26770
Step  440320 | stage_step=  71680 | Episodes: 27255
Eval @ 444416 | stage_step=  75776 | sr=100.00% | reward=2294.55 +/- 0.00 | pickups=2.00 deliveries=2.00 delivered_agents=2.00/2
Early promotion from s4b_wider_t_far_branch_fixed: 100.00% >= 80.00%
Restored best for s4b_wider_t_far_branch_fixed: sr=100.00% | reward=2294.55

=== Stage 6/21: s5_wider_t_random_package (random package) ===
Stage: agents=2 obs=(36,) grid=(9, 11) starts=[(7, 5), (6, 5)] package=(2, 5) deliveries=[(1, 1), (1, 9)] lanes=15 rand_pkg=True rand_del=False dt=0.05 substeps=8 max_tilt=0.32
Step  450560 | stage_step=   6144 | Episodes: 27848
Step  460800 | stage_step=  16384 | Episodes: 28522
Step  471040 | stage_step=  26624 | Episodes: 29187
Eval @ 475136 | stage_step=  30720 | sr=0.00% | reward=270.19 +/- 14.10 | pickups=2.00 deliveries=0.00 delivered_agents=0.00/2
Step  481280 | stage_step=  36864 | Episodes: 29822
[MultiQuadEnv] Steps 1-20000 | pickups=4465 | deliveries=41 | total_pickups=4465 | total_deliveries=41
Step  491520 | stage_step=  47104 | Episodes: 30446
Step  501760 | stage_step=  57344 | Episodes: 31060
Eval @ 505856 | stage_step=  61440 | sr=0.00% | reward=268.31 +/- 14.51 | pickups=2.00 deliveries=0.00 delivered_agents=0.00/2
Step  512000 | stage_step=  67584 | Episodes: 31671
Step  520192 | stage_step=  75776 | Episodes: 32167
[MultiQuadEnv] Steps 20001-40000 | pickups=4391 | deliveries=1 | total_pickups=8856 | total_deliveries=42
Step  530432 | stage_step=  86016 | Episodes: 32784
Eval @ 534528 | stage_step=  90112 | sr=0.00% | reward=270.31 +/- 14.14 | pickups=2.00 deliveries=0.00 delivered_agents=0.00/2
Step  540672 | stage_step=  96256 | Episodes: 33381
Step  550912 | stage_step= 106496 | Episodes: 33941
Step  561152 | stage_step= 116736 | Episodes: 34537
[MultiQuadEnv] Steps 40001-60000 | pickups=4300 | deliveries=0 | total_pickups=13156 | total_deliveries=42
Eval @ 565248 | stage_step= 120832 | sr=0.00% | reward=274.33 +/- 5.90 | pickups=2.00 deliveries=0.00 delivered_agents=0.00/2
Step  571392 | stage_step= 126976 | Episodes: 35137
Step  581632 | stage_step= 137216 | Episodes: 35731
Step  591872 | stage_step= 147456 | Episodes: 36330
Eval @ 595968 | stage_step= 151552 | sr=0.00% | reward=275.37 +/- 0.85 | pickups=2.00 deliveries=0.00 delivered_agents=0.00/2
Step  600064 | stage_step= 155648 | Episodes: 36808
[MultiQuadEnv] Steps 60001-80000 | pickups=4452 | deliveries=2 | total_pickups=17608 | total_deliveries=44
Step  610304 | stage_step= 165888 | Episodes: 37422
Step  620544 | stage_step= 176128 | Episodes: 38035
Eval @ 624640 | stage_step= 180224 | sr=0.00% | reward=214.61 +/- 65.23 | pickups=1.65 deliveries=0.00 delivered_agents=0.00/2
Step  630784 | stage_step= 186368 | Episodes: 38623
Step  641024 | stage_step= 196608 | Episodes: 39190
[MultiQuadEnv] Steps 80001-100000 | pickups=3793 | deliveries=1 | total_pickups=21401 | total_deliveries=45
Step  651264 | stage_step= 206848 | Episodes: 39751
Eval @ 655360 | stage_step= 210944 | sr=0.00% | reward=188.47 +/- 57.34 | pickups=1.65 deliveries=0.00 delivered_agents=0.00/2
Step  661504 | stage_step= 217088 | Episodes: 40329
Step  671744 | stage_step= 227328 | Episodes: 40887
Step  681984 | stage_step= 237568 | Episodes: 41453
[MultiQuadEnv] Steps 100001-120000 | pickups=3865 | deliveries=1 | total_pickups=25266 | total_deliveries=46
Eval @ 686080 | stage_step= 241664 | sr=0.00% | reward=275.49 +/- 0.58 | pickups=2.00 deliveries=0.00 delivered_agents=0.00/2
Step  690176 | stage_step= 245760 | Episodes: 41899
Step  700416 | stage_step= 256000 | Episodes: 42464
Step  710656 | stage_step= 266240 | Episodes: 43030
Eval @ 714752 | stage_step= 270336 | sr=0.00% | reward=267.02 +/- 10.76 | pickups=2.00 deliveries=0.00 delivered_agents=0.00/2
Step  720896 | stage_step= 276480 | Episodes: 43588
[MultiQuadEnv] Steps 120001-140000 | pickups=4114 | deliveries=1 | total_pickups=29380 | total_deliveries=47
Step  731136 | stage_step= 286720 | Episodes: 44146
Step  741376 | stage_step= 296960 | Episodes: 44709
Eval @ 745472 | stage_step= 301056 | sr=0.00% | reward=276.04 +/- 0.51 | pickups=2.00 deliveries=0.00 delivered_agents=0.00/2
Step  751616 | stage_step= 307200 | Episodes: 45273
Step  761856 | stage_step= 317440 | Episodes: 45838
[MultiQuadEnv] Steps 140001-160000 | pickups=4209 | deliveries=0 | total_pickups=33589 | total_deliveries=47
Step  770048 | stage_step= 325632 | Episodes: 46285
Eval @ 776192 | stage_step= 331776 | sr=0.00% | reward=267.01 +/- 10.75 | pickups=2.00 deliveries=0.00 delivered_agents=0.00/2
Step  780288 | stage_step= 335872 | Episodes: 46830
Step  790528 | stage_step= 346112 | Episodes: 47389
Step  800768 | stage_step= 356352 | Episodes: 47949
[MultiQuadEnv] Steps 160001-180000 | pickups=4202 | deliveries=0 | total_pickups=37791 | total_deliveries=47
Eval @ 804864 | stage_step= 360448 | sr=0.00% | reward=273.17 +/- 5.71 | pickups=2.00 deliveries=0.00 delivered_agents=0.00/2
Step  811008 | stage_step= 366592 | Episodes: 48499
Step  821248 | stage_step= 376832 | Episodes: 49033
Step  831488 | stage_step= 387072 | Episodes: 49569
Eval @ 835584 | stage_step= 391168 | sr=0.00% | reward=275.82 +/- 0.38 | pickups=2.00 deliveries=0.00 delivered_agents=0.00/2
Step  841728 | stage_step= 397312 | Episodes: 50118
[MultiQuadEnv] Steps 180001-200000 | pickups=4177 | deliveries=0 | total_pickups=41968 | total_deliveries=47
Step  851968 | stage_step= 407552 | Episodes: 50660
Step  860160 | stage_step= 415744 | Episodes: 51100
Eval @ 866304 | stage_step= 421888 | sr=0.00% | reward=275.76 +/- 0.38 | pickups=2.00 deliveries=0.00 delivered_agents=0.00/2
Step  870400 | stage_step= 425984 | Episodes: 51656
Step  880640 | stage_step= 436224 | Episodes: 52206
[MultiQuadEnv] Steps 200001-220000 | pickups=4245 | deliveries=0 | total_pickups=46213 | total_deliveries=47
Step  890880 | stage_step= 446464 | Episodes: 52760
Eval @ 894976 | stage_step= 450560 | sr=0.00% | reward=275.77 +/- 0.36 | pickups=2.00 deliveries=0.00 delivered_agents=0.00/2
Step  901120 | stage_step= 456704 | Episodes: 53328
Step  911360 | stage_step= 466944 | Episodes: 53876
Step  921600 | stage_step= 477184 | Episodes: 54429
[MultiQuadEnv] Steps 220001-240000 | pickups=4297 | deliveries=0 | total_pickups=50510 | total_deliveries=47
Eval @ 925696 | stage_step= 481280 | sr=0.00% | reward=275.79 +/- 0.34 | pickups=2.00 deliveries=0.00 delivered_agents=0.00/2
Step  931840 | stage_step= 487424 | Episodes: 54992
Step  940032 | stage_step= 495616 | Episodes: 55434
Step  950272 | stage_step= 505856 | Episodes: 55979
Eval @ 956416 | stage_step= 512000 | sr=0.00% | reward=273.75 +/- 5.84 | pickups=2.00 deliveries=0.00 delivered_agents=0.00/2
Step  960512 | stage_step= 516096 | Episodes: 56517
[MultiQuadEnv] Steps 240001-260000 | pickups=4257 | deliveries=0 | total_pickups=54767 | total_deliveries=47
Step  970752 | stage_step= 526336 | Episodes: 57055
Step  980992 | stage_step= 536576 | Episodes: 57592
Eval @ 985088 | stage_step= 540672 | sr=0.00% | reward=267.01 +/- 10.62 | pickups=2.00 deliveries=0.00 delivered_agents=0.00/2
Step  991232 | stage_step= 546816 | Episodes: 58129
Step 1001472 | stage_step= 557056 | Episodes: 58669
[MultiQuadEnv] Steps 260001-280000 | pickups=4182 | deliveries=0 | total_pickups=58949 | total_deliveries=47
Step 1011712 | stage_step= 567296 | Episodes: 59207
Eval @1015808 | stage_step= 571392 | sr=0.00% | reward=275.03 +/- 0.83 | pickups=2.00 deliveries=0.00 delivered_agents=0.00/2
Step 1021952 | stage_step= 577536 | Episodes: 59747
Step 1030144 | stage_step= 585728 | Episodes: 60175
Step 1040384 | stage_step= 595968 | Episodes: 60707
[MultiQuadEnv] Steps 280001-300000 | pickups=4191 | deliveries=0 | total_pickups=63140 | total_deliveries=47
Eval @1044480 | stage_step= 600064 | sr=0.00% | reward=266.94 +/- 10.57 | pickups=2.00 deliveries=0.00 delivered_agents=0.00/2
Step 1050624 | stage_step= 606208 | Episodes: 61244
Step 1060864 | stage_step= 616448 | Episodes: 61779
Step 1071104 | stage_step= 626688 | Episodes: 62311
Eval @1075200 | stage_step= 630784 | sr=0.00% | reward=267.01 +/- 10.62 | pickups=2.00 deliveries=0.00 delivered_agents=0.00/2
Step 1081344 | stage_step= 636928 | Episodes: 62844
[MultiQuadEnv] Steps 300001-320000 | pickups=4180 | deliveries=0 | total_pickups=67320 | total_deliveries=47
Step 1091584 | stage_step= 647168 | Episodes: 63378
Step 1101824 | stage_step= 657408 | Episodes: 63917
Eval @1105920 | stage_step= 661504 | sr=0.00% | reward=266.97 +/- 10.59 | pickups=2.00 deliveries=0.00 delivered_agents=0.00/2
Step 1110016 | stage_step= 665600 | Episodes: 64344
Step 1120256 | stage_step= 675840 | Episodes: 64879
[MultiQuadEnv] Steps 320001-340000 | pickups=4187 | deliveries=5 | total_pickups=71507 | total_deliveries=52
Step 1130496 | stage_step= 686080 | Episodes: 65417
Eval @1134592 | stage_step= 690176 | sr=0.00% | reward=275.52 +/- 0.28 | pickups=2.00 deliveries=0.00 delivered_agents=0.00/2
Step 1140736 | stage_step= 696320 | Episodes: 65958
Step 1150976 | stage_step= 706560 | Episodes: 66496
Step 1161216 | stage_step= 716800 | Episodes: 67033
[MultiQuadEnv] Steps 340001-360000 | pickups=4211 | deliveries=6 | total_pickups=75718 | total_deliveries=58
Eval @1165312 | stage_step= 720896 | sr=0.00% | reward=275.25 +/- 0.58 | pickups=2.00 deliveries=0.00 delivered_agents=0.00/2
Step 1171456 | stage_step= 727040 | Episodes: 67577
Step 1181696 | stage_step= 737280 | Episodes: 68103
Step 1191936 | stage_step= 747520 | Episodes: 68633
Eval @1196032 | stage_step= 751616 | sr=0.00% | reward=475.07 +/- 244.20 | pickups=2.00 deliveries=0.40 delivered_agents=0.40/2
Step 1200128 | stage_step= 755712 | Episodes: 69063
[MultiQuadEnv] Steps 360001-380000 | pickups=4169 | deliveries=27 | total_pickups=79887 | total_deliveries=85
Step 1210368 | stage_step= 765952 | Episodes: 69596
Step 1220608 | stage_step= 776192 | Episodes: 70116
Eval @1224704 | stage_step= 780288 | sr=0.00% | reward=475.07 +/- 244.20 | pickups=2.00 deliveries=0.40 delivered_agents=0.40/2
Step 1230848 | stage_step= 786432 | Episodes: 70648
Step 1241088 | stage_step= 796672 | Episodes: 71166
[MultiQuadEnv] Steps 380001-400000 | pickups=4116 | deliveries=51 | total_pickups=84003 | total_deliveries=136
Eval @1245184 | stage_step= 800768 | sr=0.00% | reward=475.07 +/- 244.20 | pickups=2.00 deliveries=0.40 delivered_agents=0.40/2
Full budget used for s5_wider_t_random_package. Best stage success=0.00%.
No successful checkpoint found for s5_wider_t_random_package; restored pre-stage model.
Final eval | success_rate=100.00% | mean_reward=2294.55 +/- 0.00 | pickups=2.00 deliveries=2.00 | delivered_agents=2.00/2 

### DYNAMIC MAPPO SWEEP 3/20: quad_physics_mappo_v1_random_delivery_dynamic_slow_sweep_base_seed23 ###

Using device: cuda (NVIDIA GeForce RTX 4090)
Initial Quad MAPPO: agents=2 obs=(36,) grid=(6, 5) starts=[(4, 2), (3, 2)] package=(2, 2) deliveries=[(1, 1), (1, 3)] lanes=6 rand_pkg=False rand_del=False dt=0.05 substeps=8 max_tilt=0.32

=== Stage 1/21: s1_short_t_fixed (fixed positions) ===
Stage: agents=2 obs=(36,) grid=(6, 5) starts=[(4, 2), (3, 2)] package=(2, 2) deliveries=[(1, 1), (1, 3)] lanes=6 rand_pkg=False rand_del=False dt=0.05 substeps=8 max_tilt=0.32
Step   10240 | stage_step=  10240 | Episodes:   938
Step   20480 | stage_step=  20480 | Episodes:  1964
Eval @  20480 | stage_step=  20480 | sr=0.00% | reward=126.80 +/- 0.00 | pickups=1.00 deliveries=0.00 delivered_agents=0.00/2
Step   30720 | stage_step=  30720 | Episodes:  2936
[MultiQuadEnv] Steps 1-20000 | pickups=2629 | deliveries=420 | total_pickups=2629 | total_deliveries=420
Step   40960 | stage_step=  40960 | Episodes:  3927
Eval @  40960 | stage_step=  40960 | sr=0.00% | reward=727.00 +/- 0.00 | pickups=2.00 deliveries=1.00 delivered_agents=1.00/2
Step   51200 | stage_step=  51200 | Episodes:  4881
Step   61440 | stage_step=  61440 | Episodes:  5787
Eval @  61440 | stage_step=  61440 | sr=0.00% | reward=278.00 +/- 0.00 | pickups=2.00 deliveries=0.00 delivered_agents=0.00/2
Step   71680 | stage_step=  71680 | Episodes:  6677
[MultiQuadEnv] Steps 20001-40000 | pickups=4518 | deliveries=1278 | total_pickups=7147 | total_deliveries=1698
Step   81920 | stage_step=  81920 | Episodes:  7496
Eval @  81920 | stage_step=  81920 | sr=0.00% | reward=777.60 +/- 0.00 | pickups=2.00 deliveries=1.00 delivered_agents=1.00/2
Step   90112 | stage_step=  90112 | Episodes:  8118
Step  100352 | stage_step= 100352 | Episodes:  8840
Eval @ 100352 | stage_step= 100352 | sr=100.00% | reward=2297.20 +/- 0.00 | pickups=2.00 deliveries=2.00 delivered_agents=2.00/2
Early promotion from s1_short_t_fixed: 100.00% >= 90.00%
Restored best for s1_short_t_fixed: sr=100.00% | reward=2297.20

=== Stage 2/21: s2_wider_t_stem_fixed (fixed positions) ===
Stage: agents=2 obs=(36,) grid=(8, 9) starts=[(6, 4), (5, 4)] package=(3, 4) deliveries=[(2, 4), (1, 4)] lanes=12 rand_pkg=False rand_del=False dt=0.05 substeps=8 max_tilt=0.32
Step  110592 | stage_step=  10240 | Episodes:  9730
Step  120832 | stage_step=  20480 | Episodes: 10501
Eval @ 126976 | stage_step=  26624 | sr=100.00% | reward=2247.40 +/- 0.00 | pickups=2.00 deliveries=2.00 delivered_agents=2.00/2
Step  131072 | stage_step=  30720 | Episodes: 11289
[MultiQuadEnv] Steps 1-20000 | pickups=3908 | deliveries=2310 | total_pickups=3908 | total_deliveries=2310
Step  141312 | stage_step=  40960 | Episodes: 12092
Step  151552 | stage_step=  51200 | Episodes: 12886
Eval @ 151552 | stage_step=  51200 | sr=100.00% | reward=2247.40 +/- 0.00 | pickups=2.00 deliveries=2.00 delivered_agents=2.00/2
Step  161792 | stage_step=  61440 | Episodes: 13672
Step  172032 | stage_step=  71680 | Episodes: 14465
Eval @ 176128 | stage_step=  75776 | sr=100.00% | reward=2247.60 +/- 0.00 | pickups=2.00 deliveries=2.00 delivered_agents=2.00/2
Early promotion from s2_wider_t_stem_fixed: 100.00% >= 85.00%
Restored best for s2_wider_t_stem_fixed: sr=100.00% | reward=2247.60

=== Stage 3/21: s3_wider_t_near_branch_fixed (fixed positions) ===
Stage: agents=2 obs=(36,) grid=(8, 9) starts=[(6, 4), (5, 4)] package=(2, 4) deliveries=[(1, 3), (1, 5)] lanes=12 rand_pkg=False rand_del=False dt=0.05 substeps=8 max_tilt=0.32
Step  180224 | stage_step=   4096 | Episodes: 15041
Step  190464 | stage_step=  14336 | Episodes: 15648
Step  200704 | stage_step=  24576 | Episodes: 16193
Eval @ 202752 | stage_step=  26624 | sr=0.00% | reward=277.20 +/- 0.00 | pickups=2.00 deliveries=0.00 delivered_agents=0.00/2
Step  210944 | stage_step=  34816 | Episodes: 16745
[MultiQuadEnv] Steps 1-20000 | pickups=3029 | deliveries=534 | total_pickups=3029 | total_deliveries=534
Step  221184 | stage_step=  45056 | Episodes: 17345
Eval @ 227328 | stage_step=  51200 | sr=100.00% | reward=2296.60 +/- 0.00 | pickups=2.00 deliveries=2.00 delivered_agents=2.00/2
Step  231424 | stage_step=  55296 | Episodes: 17859
Step  241664 | stage_step=  65536 | Episodes: 18417
Step  251904 | stage_step=  75776 | Episodes: 19019
Eval @ 251904 | stage_step=  75776 | sr=100.00% | reward=2296.60 +/- 0.00 | pickups=2.00 deliveries=2.00 delivered_agents=2.00/2
Early promotion from s3_wider_t_near_branch_fixed: 100.00% >= 75.00%
Restored best for s3_wider_t_near_branch_fixed: sr=100.00% | reward=2296.60

=== Stage 4/21: s4a_wider_t_mid_branch_fixed (fixed positions) ===
Stage: agents=2 obs=(36,) grid=(8, 9) starts=[(6, 4), (5, 4)] package=(3, 4) deliveries=[(1, 2), (1, 6)] lanes=12 rand_pkg=False rand_del=False dt=0.05 substeps=8 max_tilt=0.32
Step  260096 | stage_step=   8192 | Episodes: 19395
Step  270336 | stage_step=  18432 | Episodes: 19873
Eval @ 278528 | stage_step=  26624 | sr=0.00% | reward=274.65 +/- 0.00 | pickups=2.00 deliveries=0.00 delivered_agents=0.00/2
Step  280576 | stage_step=  28672 | Episodes: 20387
Step  290816 | stage_step=  38912 | Episodes: 20860
[MultiQuadEnv] Steps 1-20000 | pickups=3188 | deliveries=53 | total_pickups=3188 | total_deliveries=53
Step  301056 | stage_step=  49152 | Episodes: 21358
Eval @ 303104 | stage_step=  51200 | sr=0.00% | reward=773.90 +/- 0.00 | pickups=2.00 deliveries=1.00 delivered_agents=1.00/2
Step  311296 | stage_step=  59392 | Episodes: 21884
Step  321536 | stage_step=  69632 | Episodes: 22377
Eval @ 327680 | stage_step=  75776 | sr=0.00% | reward=774.25 +/- 0.00 | pickups=2.00 deliveries=1.00 delivered_agents=1.00/2
Step  331776 | stage_step=  79872 | Episodes: 22870
[MultiQuadEnv] Steps 20001-40000 | pickups=3613 | deliveries=259 | total_pickups=6801 | total_deliveries=312
Step  342016 | stage_step=  90112 | Episodes: 23409
Step  350208 | stage_step=  98304 | Episodes: 23777
Eval @ 352256 | stage_step= 100352 | sr=0.00% | reward=774.25 +/- 0.00 | pickups=2.00 deliveries=1.00 delivered_agents=1.00/2
Step  360448 | stage_step= 108544 | Episodes: 24246
Step  370688 | stage_step= 118784 | Episodes: 24758
[MultiQuadEnv] Steps 40001-60000 | pickups=3634 | deliveries=651 | total_pickups=10435 | total_deliveries=963
Eval @ 378880 | stage_step= 126976 | sr=100.00% | reward=2295.10 +/- 0.00 | pickups=2.00 deliveries=2.00 delivered_agents=2.00/2
Early promotion from s4a_wider_t_mid_branch_fixed: 100.00% >= 80.00%
Restored best for s4a_wider_t_mid_branch_fixed: sr=100.00% | reward=2295.10

=== Stage 5/21: s4b_wider_t_far_branch_fixed (fixed positions) ===
Stage: agents=2 obs=(36,) grid=(8, 9) starts=[(6, 4), (5, 4)] package=(3, 4) deliveries=[(1, 1), (1, 7)] lanes=12 rand_pkg=False rand_del=False dt=0.05 substeps=8 max_tilt=0.32
Step  380928 | stage_step=   2048 | Episodes: 25287
Step  391168 | stage_step=  12288 | Episodes: 25838
Step  401408 | stage_step=  22528 | Episodes: 26373
Eval @ 405504 | stage_step=  26624 | sr=100.00% | reward=2294.85 +/- 0.00 | pickups=2.00 deliveries=2.00 delivered_agents=2.00/2
Step  411648 | stage_step=  32768 | Episodes: 26888
[MultiQuadEnv] Steps 1-20000 | pickups=3802 | deliveries=1158 | total_pickups=3802 | total_deliveries=1158
Step  421888 | stage_step=  43008 | Episodes: 27403
Step  430080 | stage_step=  51200 | Episodes: 27801
Eval @ 430080 | stage_step=  51200 | sr=100.00% | reward=2294.80 +/- 0.00 | pickups=2.00 deliveries=2.00 delivered_agents=2.00/2
Step  440320 | stage_step=  61440 | Episodes: 28299
Step  450560 | stage_step=  71680 | Episodes: 28796
Eval @ 454656 | stage_step=  75776 | sr=100.00% | reward=2294.80 +/- 0.00 | pickups=2.00 deliveries=2.00 delivered_agents=2.00/2
Early promotion from s4b_wider_t_far_branch_fixed: 100.00% >= 80.00%
Restored best for s4b_wider_t_far_branch_fixed: sr=100.00% | reward=2294.85

=== Stage 6/21: s5_wider_t_random_package (random package) ===
Stage: agents=2 obs=(36,) grid=(9, 11) starts=[(7, 5), (6, 5)] package=(2, 5) deliveries=[(1, 1), (1, 9)] lanes=15 rand_pkg=True rand_del=False dt=0.05 substeps=8 max_tilt=0.32
Step  460800 | stage_step=   6144 | Episodes: 29421
Step  471040 | stage_step=  16384 | Episodes: 30122
Step  481280 | stage_step=  26624 | Episodes: 30809
Eval @ 485376 | stage_step=  30720 | sr=35.00% | reward=982.69 +/- 962.09 | pickups=2.00 deliveries=0.70 delivered_agents=0.70/2
Step  491520 | stage_step=  36864 | Episodes: 31470
[MultiQuadEnv] Steps 1-20000 | pickups=4608 | deliveries=162 | total_pickups=4608 | total_deliveries=162
Step  501760 | stage_step=  47104 | Episodes: 32107
Step  512000 | stage_step=  57344 | Episodes: 32753
Eval @ 516096 | stage_step=  61440 | sr=35.00% | reward=982.60 +/- 961.97 | pickups=2.00 deliveries=0.70 delivered_agents=0.70/2
Step  520192 | stage_step=  65536 | Episodes: 33252
Step  530432 | stage_step=  75776 | Episodes: 33873
[MultiQuadEnv] Steps 20001-40000 | pickups=4536 | deliveries=395 | total_pickups=9144 | total_deliveries=557
Step  540672 | stage_step=  86016 | Episodes: 34481
Eval @ 544768 | stage_step=  90112 | sr=35.00% | reward=982.67 +/- 962.07 | pickups=2.00 deliveries=0.70 delivered_agents=0.70/2
Step  550912 | stage_step=  96256 | Episodes: 35092
Step  561152 | stage_step= 106496 | Episodes: 35695
Step  571392 | stage_step= 116736 | Episodes: 36293
[MultiQuadEnv] Steps 40001-60000 | pickups=4378 | deliveries=587 | total_pickups=13522 | total_deliveries=1144
Eval @ 575488 | stage_step= 120832 | sr=75.00% | reward=1789.63 +/- 873.20 | pickups=2.00 deliveries=1.50 delivered_agents=1.50/2
Early promotion from s5_wider_t_random_package: 75.00% >= 45.00%
Restored best for s5_wider_t_random_package: sr=75.00% | reward=1789.63
Set actor_log_std=-0.35 for stage exploration

=== Stage 7/21: s6_tiny_pipe_fixed (fixed positions) ===
Stage: agents=2 obs=(36,) grid=(12, 12) starts=[(2, 3), (2, 4)] package=(2, 5) deliveries=[(2, 6), (2, 7)] lanes=47 rand_pkg=False rand_del=False dt=0.05 substeps=8 max_tilt=0.32
Step  581632 | stage_step=   6144 | Episodes: 37434
Step  591872 | stage_step=  16384 | Episodes: 38540
Step  600064 | stage_step=  24576 | Episodes: 39202
Eval @ 602112 | stage_step=  26624 | sr=0.00% | reward=-22.60 +/- 0.00 | pickups=0.00 deliveries=0.00 delivered_agents=0.00/2
Step  610304 | stage_step=  34816 | Episodes: 40155
[MultiQuadEnv] Steps 1-20000 | pickups=112 | deliveries=3 | total_pickups=112 | total_deliveries=3
Step  620544 | stage_step=  45056 | Episodes: 41098
Eval @ 626688 | stage_step=  51200 | sr=0.00% | reward=68.50 +/- 0.00 | pickups=1.00 deliveries=0.00 delivered_agents=0.00/2
Step  630784 | stage_step=  55296 | Episodes: 41786
Step  641024 | stage_step=  65536 | Episodes: 42351
Step  651264 | stage_step=  75776 | Episodes: 42804
Eval @ 651264 | stage_step=  75776 | sr=0.00% | reward=725.05 +/- 0.00 | pickups=2.00 deliveries=1.00 delivered_agents=1.00/2
[MultiQuadEnv] Steps 20001-40000 | pickups=1843 | deliveries=497 | total_pickups=1955 | total_deliveries=500
Step  661504 | stage_step=  86016 | Episodes: 43311
Step  671744 | stage_step=  96256 | Episodes: 43858
Eval @ 675840 | stage_step= 100352 | sr=100.00% | reward=2246.65 +/- 0.00 | pickups=2.00 deliveries=2.00 delivered_agents=2.00/2
Early promotion from s6_tiny_pipe_fixed: 100.00% >= 80.00%
Restored best for s6_tiny_pipe_fixed: sr=100.00% | reward=2246.65
Set actor_log_std=-0.35 for stage exploration

=== Stage 8/21: s7_small_pipe_line_fixed (fixed positions) ===
Stage: agents=2 obs=(36,) grid=(18, 18) starts=[(2, 3), (2, 4)] package=(2, 6) deliveries=[(2, 8), (2, 9)] lanes=104 rand_pkg=False rand_del=False dt=0.05 substeps=8 max_tilt=0.32
Step  681984 | stage_step=   6144 | Episodes: 44300
Step  690176 | stage_step=  14336 | Episodes: 44644
Step  700416 | stage_step=  24576 | Episodes: 45049
Eval @ 702464 | stage_step=  26624 | sr=100.00% | reward=2296.60 +/- 0.00 | pickups=2.00 deliveries=2.00 delivered_agents=2.00/2
Step  710656 | stage_step=  34816 | Episodes: 45462
[MultiQuadEnv] Steps 1-20000 | pickups=2126 | deliveries=1267 | total_pickups=2126 | total_deliveries=1267
Step  720896 | stage_step=  45056 | Episodes: 45871
Eval @ 727040 | stage_step=  51200 | sr=100.00% | reward=2246.60 +/- 0.00 | pickups=2.00 deliveries=2.00 delivered_agents=2.00/2
Step  731136 | stage_step=  55296 | Episodes: 46269
Step  741376 | stage_step=  65536 | Episodes: 46679
Step  751616 | stage_step=  75776 | Episodes: 47095
Eval @ 751616 | stage_step=  75776 | sr=100.00% | reward=2246.80 +/- 0.00 | pickups=2.00 deliveries=2.00 delivered_agents=2.00/2
[MultiQuadEnv] Steps 20001-40000 | pickups=2326 | deliveries=1643 | total_pickups=4452 | total_deliveries=2910
Step  761856 | stage_step=  86016 | Episodes: 47514
Step  770048 | stage_step=  94208 | Episodes: 47872
Eval @ 776192 | stage_step= 100352 | sr=100.00% | reward=2246.40 +/- 0.00 | pickups=2.00 deliveries=2.00 delivered_agents=2.00/2
Early promotion from s7_small_pipe_line_fixed: 100.00% >= 80.00%
Restored best for s7_small_pipe_line_fixed: sr=100.00% | reward=2296.60
Set actor_log_std=-0.35 for stage exploration

=== Stage 9/21: s8_small_pipe_vertical_fixed (fixed positions) ===
Stage: agents=2 obs=(36,) grid=(18, 18) starts=[(2, 8), (3, 8)] package=(4, 8) deliveries=[(5, 8), (6, 8)] lanes=104 rand_pkg=False rand_del=False dt=0.05 substeps=8 max_tilt=0.32
Step  780288 | stage_step=   4096 | Episodes: 48355
Step  790528 | stage_step=  14336 | Episodes: 48965
Step  800768 | stage_step=  24576 | Episodes: 49906
Eval @ 802816 | stage_step=  26624 | sr=0.00% | reward=-21.20 +/- 0.00 | pickups=0.00 deliveries=0.00 delivered_agents=0.00/2
Step  811008 | stage_step=  34816 | Episodes: 51072
[MultiQuadEnv] Steps 1-20000 | pickups=152 | deliveries=0 | total_pickups=152 | total_deliveries=0
Step  821248 | stage_step=  45056 | Episodes: 52185
Eval @ 827392 | stage_step=  51200 | sr=0.00% | reward=-21.60 +/- 0.00 | pickups=0.00 deliveries=0.00 delivered_agents=0.00/2
Step  831488 | stage_step=  55296 | Episodes: 53159
Step  841728 | stage_step=  65536 | Episodes: 53901
Step  851968 | stage_step=  75776 | Episodes: 54415
Eval @ 851968 | stage_step=  75776 | sr=0.00% | reward=126.00 +/- 0.00 | pickups=1.00 deliveries=0.00 delivered_agents=0.00/2
[MultiQuadEnv] Steps 20001-40000 | pickups=1214 | deliveries=129 | total_pickups=1366 | total_deliveries=129
Step  860160 | stage_step=  83968 | Episodes: 54737
Step  870400 | stage_step=  94208 | Episodes: 55116
Eval @ 876544 | stage_step= 100352 | sr=0.00% | reward=74.00 +/- 0.00 | pickups=1.00 deliveries=0.00 delivered_agents=0.00/2
Step  880640 | stage_step= 104448 | Episodes: 55450
Step  890880 | stage_step= 114688 | Episodes: 55818
[MultiQuadEnv] Steps 40001-60000 | pickups=1191 | deliveries=479 | total_pickups=2557 | total_deliveries=608
Step  901120 | stage_step= 124928 | Episodes: 56183
Eval @ 903168 | stage_step= 126976 | sr=100.00% | reward=2245.80 +/- 0.00 | pickups=2.00 deliveries=2.00 delivered_agents=2.00/2
Early promotion from s8_small_pipe_vertical_fixed: 100.00% >= 80.00%
Restored best for s8_small_pipe_vertical_fixed: sr=100.00% | reward=2245.80
Set actor_log_std=-0.35 for stage exploration

=== Stage 10/21: s9_small_pipe_turn_fixed (fixed positions) ===
Stage: agents=2 obs=(36,) grid=(18, 18) starts=[(2, 6), (2, 7)] package=(2, 8) deliveries=[(4, 8), (5, 8)] lanes=104 rand_pkg=False rand_del=False dt=0.05 substeps=8 max_tilt=0.32
Step  911360 | stage_step=   8192 | Episodes: 56591
Step  921600 | stage_step=  18432 | Episodes: 56978
Eval @ 929792 | stage_step=  26624 | sr=0.00% | reward=-24.00 +/- 0.00 | pickups=0.00 deliveries=0.00 delivered_agents=0.00/2
Step  931840 | stage_step=  28672 | Episodes: 57332
Step  940032 | stage_step=  36864 | Episodes: 57582
[MultiQuadEnv] Steps 1-20000 | pickups=773 | deliveries=218 | total_pickups=773 | total_deliveries=218
Step  950272 | stage_step=  47104 | Episodes: 57876
Eval @ 954368 | stage_step=  51200 | sr=0.00% | reward=126.40 +/- 0.00 | pickups=1.00 deliveries=0.00 delivered_agents=0.00/2
Step  960512 | stage_step=  57344 | Episodes: 58181
Step  970752 | stage_step=  67584 | Episodes: 58464
Eval @ 978944 | stage_step=  75776 | sr=100.00% | reward=2245.60 +/- 0.00 | pickups=2.00 deliveries=2.00 delivered_agents=2.00/2
Step  980992 | stage_step=  77824 | Episodes: 58775
[MultiQuadEnv] Steps 20001-40000 | pickups=1156 | deliveries=378 | total_pickups=1929 | total_deliveries=596
Step  991232 | stage_step=  88064 | Episodes: 59075
Step 1001472 | stage_step=  98304 | Episodes: 59400
Eval @1003520 | stage_step= 100352 | sr=100.00% | reward=2245.60 +/- 0.00 | pickups=2.00 deliveries=2.00 delivered_agents=2.00/2
Early promotion from s9_small_pipe_turn_fixed: 100.00% >= 75.00%
Restored best for s9_small_pipe_turn_fixed: sr=100.00% | reward=2245.60
Set actor_log_std=-0.35 for stage exploration

=== Stage 11/21: s10_small_pipe_fixed (fixed positions) ===
Stage: agents=2 obs=(36,) grid=(18, 18) starts=[(2, 3), (2, 4)] package=(4, 8) deliveries=[(8, 13), (9, 12)] lanes=104 rand_pkg=False rand_del=False dt=0.05 substeps=8 max_tilt=0.32
Step 1011712 | stage_step=   8192 | Episodes: 59850
Step 1021952 | stage_step=  18432 | Episodes: 60331
Step 1030144 | stage_step=  26624 | Episodes: 60678
Eval @1030144 | stage_step=  26624 | sr=0.00% | reward=-25.70 +/- 0.00 | pickups=0.00 deliveries=0.00 delivered_agents=0.00/2
Step 1040384 | stage_step=  36864 | Episodes: 61123
[MultiQuadEnv] Steps 1-20000 | pickups=288 | deliveries=3 | total_pickups=288 | total_deliveries=3
Step 1050624 | stage_step=  47104 | Episodes: 61634
Eval @1054720 | stage_step=  51200 | sr=0.00% | reward=125.25 +/- 0.00 | pickups=1.00 deliveries=0.00 delivered_agents=0.00/2
Step 1060864 | stage_step=  57344 | Episodes: 62124
Step 1071104 | stage_step=  67584 | Episodes: 62601
Eval @1079296 | stage_step=  75776 | sr=0.00% | reward=270.80 +/- 0.00 | pickups=2.00 deliveries=0.00 delivered_agents=0.00/2
Step 1081344 | stage_step=  77824 | Episodes: 63073
[MultiQuadEnv] Steps 20001-40000 | pickups=586 | deliveries=0 | total_pickups=874 | total_deliveries=3
Step 1091584 | stage_step=  88064 | Episodes: 63499
Step 1101824 | stage_step=  98304 | Episodes: 63912
Eval @1103872 | stage_step= 100352 | sr=0.00% | reward=121.15 +/- 0.00 | pickups=1.00 deliveries=0.00 delivered_agents=0.00/2
Step 1110016 | stage_step= 106496 | Episodes: 64229
Step 1120256 | stage_step= 116736 | Episodes: 64627
[MultiQuadEnv] Steps 40001-60000 | pickups=856 | deliveries=0 | total_pickups=1730 | total_deliveries=3
Step 1130496 | stage_step= 126976 | Episodes: 65003
Eval @1130496 | stage_step= 126976 | sr=0.00% | reward=80.10 +/- 0.00 | pickups=1.00 deliveries=0.00 delivered_agents=0.00/2
Step 1140736 | stage_step= 137216 | Episodes: 65339
Step 1150976 | stage_step= 147456 | Episodes: 65695
Eval @1155072 | stage_step= 151552 | sr=0.00% | reward=101.75 +/- 0.00 | pickups=1.00 deliveries=0.00 delivered_agents=0.00/2
Step 1161216 | stage_step= 157696 | Episodes: 66040
[MultiQuadEnv] Steps 60001-80000 | pickups=1009 | deliveries=0 | total_pickups=2739 | total_deliveries=3
Step 1171456 | stage_step= 167936 | Episodes: 66382
Eval @1179648 | stage_step= 176128 | sr=0.00% | reward=265.85 +/- 0.00 | pickups=2.00 deliveries=0.00 delivered_agents=0.00/2
Step 1181696 | stage_step= 178176 | Episodes: 66684
Step 1191936 | stage_step= 188416 | Episodes: 66962
Step 1200128 | stage_step= 196608 | Episodes: 67163
[MultiQuadEnv] Steps 80001-100000 | pickups=972 | deliveries=57 | total_pickups=3711 | total_deliveries=60
Eval @1204224 | stage_step= 200704 | sr=0.00% | reward=267.45 +/- 0.00 | pickups=2.00 deliveries=0.00 delivered_agents=0.00/2
Step 1210368 | stage_step= 206848 | Episodes: 67414
Step 1220608 | stage_step= 217088 | Episodes: 67659
Eval @1228800 | stage_step= 225280 | sr=0.00% | reward=267.00 +/- 0.00 | pickups=2.00 deliveries=0.00 delivered_agents=0.00/2
Step 1230848 | stage_step= 227328 | Episodes: 67916
Step 1241088 | stage_step= 237568 | Episodes: 68155
[MultiQuadEnv] Steps 100001-120000 | pickups=907 | deliveries=114 | total_pickups=4618 | total_deliveries=174
Step 1251328 | stage_step= 247808 | Episodes: 68372
Eval @1255424 | stage_step= 251904 | sr=0.00% | reward=121.30 +/- 0.00 | pickups=1.00 deliveries=0.00 delivered_agents=0.00/2
Step 1261568 | stage_step= 258048 | Episodes: 68602
Step 1271808 | stage_step= 268288 | Episodes: 68803
Step 1280000 | stage_step= 276480 | Episodes: 68973
Eval @1280000 | stage_step= 276480 | sr=0.00% | reward=121.60 +/- 0.00 | pickups=1.00 deliveries=0.00 delivered_agents=0.00/2
[MultiQuadEnv] Steps 120001-140000 | pickups=877 | deliveries=127 | total_pickups=5495 | total_deliveries=301
Step 1290240 | stage_step= 286720 | Episodes: 69174
Step 1300480 | stage_step= 296960 | Episodes: 69355
Eval @1304576 | stage_step= 301056 | sr=0.00% | reward=271.90 +/- 0.00 | pickups=2.00 deliveries=0.00 delivered_agents=0.00/2
Step 1310720 | stage_step= 307200 | Episodes: 69557
Step 1320960 | stage_step= 317440 | Episodes: 69755
[MultiQuadEnv] Steps 140001-160000 | pickups=835 | deliveries=138 | total_pickups=6330 | total_deliveries=439
Eval @1329152 | stage_step= 325632 | sr=0.00% | reward=-182.40 +/- 0.00 | pickups=1.00 deliveries=1.00 delivered_agents=1.00/2
Step 1331200 | stage_step= 327680 | Episodes: 69948
Step 1341440 | stage_step= 337920 | Episodes: 70150
Step 1351680 | stage_step= 348160 | Episodes: 70373
Eval @1353728 | stage_step= 350208 | sr=0.00% | reward=122.10 +/- 0.00 | pickups=1.00 deliveries=0.00 delivered_agents=0.00/2
Step 1361920 | stage_step= 358400 | Episodes: 70580
[MultiQuadEnv] Steps 160001-180000 | pickups=817 | deliveries=166 | total_pickups=7147 | total_deliveries=605
Step 1370112 | stage_step= 366592 | Episodes: 70731
Step 1380352 | stage_step= 376832 | Episodes: 70928
Eval @1380352 | stage_step= 376832 | sr=100.00% | reward=2226.45 +/- 0.00 | pickups=2.00 deliveries=2.00 delivered_agents=2.00/2
Early promotion from s10_small_pipe_fixed: 100.00% >= 75.00%
Restored best for s10_small_pipe_fixed: sr=100.00% | reward=2226.45
Set actor_log_std=-0.35 for stage exploration

=== Stage 12/21: s11_small_pipe_random_package (random package) ===
Stage: agents=2 obs=(36,) grid=(18, 18) starts=[(2, 3), (2, 4)] package=(4, 8) deliveries=[(8, 13), (9, 12)] lanes=104 rand_pkg=True rand_del=False dt=0.05 substeps=8 max_tilt=0.32
Step 1390592 | stage_step=  10240 | Episodes: 71161
Step 1400832 | stage_step=  20480 | Episodes: 71405
Step 1411072 | stage_step=  30720 | Episodes: 71629
Eval @1411072 | stage_step=  30720 | sr=7.50% | reward=-1027.38 +/- 2901.35 | pickups=1.27 deliveries=0.28 delivered_agents=0.28/2
[MultiQuadEnv] Steps 1-20000 | pickups=802 | deliveries=89 | total_pickups=802 | total_deliveries=89
Step 1421312 | stage_step=  40960 | Episodes: 71882
Step 1431552 | stage_step=  51200 | Episodes: 72132
Step 1441792 | stage_step=  61440 | Episodes: 72383
Eval @1441792 | stage_step=  61440 | sr=25.00% | reward=-542.80 +/- 3093.17 | pickups=1.18 deliveries=0.72 delivered_agents=0.72/2
Step 1452032 | stage_step=  71680 | Episodes: 72594
Step 1460224 | stage_step=  79872 | Episodes: 72781
[MultiQuadEnv] Steps 20001-40000 | pickups=874 | deliveries=121 | total_pickups=1676 | total_deliveries=210
Step 1470464 | stage_step=  90112 | Episodes: 72986
Eval @1470464 | stage_step=  90112 | sr=65.00% | reward=428.18 +/- 3373.75 | pickups=1.55 deliveries=1.32 delivered_agents=1.32/2
Step 1480704 | stage_step= 100352 | Episodes: 73196
Step 1490944 | stage_step= 110592 | Episodes: 73381
[MultiQuadEnv] Steps 40001-60000 | pickups=800 | deliveries=113 | total_pickups=2476 | total_deliveries=323
Step 1501184 | stage_step= 120832 | Episodes: 73612
Eval @1501184 | stage_step= 120832 | sr=40.00% | reward=-455.46 +/- 3275.00 | pickups=1.52 deliveries=1.02 delivered_agents=1.02/2
Step 1511424 | stage_step= 131072 | Episodes: 73805
Step 1521664 | stage_step= 141312 | Episodes: 74007
Step 1531904 | stage_step= 151552 | Episodes: 74206
Eval @1531904 | stage_step= 151552 | sr=47.50% | reward=-58.25 +/- 3045.00 | pickups=1.48 deliveries=1.07 delivered_agents=1.07/2
Step 1540096 | stage_step= 159744 | Episodes: 74320
[MultiQuadEnv] Steps 60001-80000 | pickups=764 | deliveries=115 | total_pickups=3240 | total_deliveries=438
Step 1550336 | stage_step= 169984 | Episodes: 74499
Step 1560576 | stage_step= 180224 | Episodes: 74651
Eval @1560576 | stage_step= 180224 | sr=7.50% | reward=-976.15 +/- 2369.14 | pickups=0.97 deliveries=0.25 delivered_agents=0.25/2
Step 1570816 | stage_step= 190464 | Episodes: 74832
[MultiQuadEnv] Steps 80001-100000 | pickups=744 | deliveries=128 | total_pickups=3984 | total_deliveries=566
Step 1581056 | stage_step= 200704 | Episodes: 75028
Step 1591296 | stage_step= 210944 | Episodes: 75165
Eval @1591296 | stage_step= 210944 | sr=22.50% | reward=134.28 +/- 1433.74 | pickups=1.20 deliveries=0.55 delivered_agents=0.55/2
Step 1601536 | stage_step= 221184 | Episodes: 75312
Step 1611776 | stage_step= 231424 | Episodes: 75475
[MultiQuadEnv] Steps 100001-120000 | pickups=662 | deliveries=147 | total_pickups=4646 | total_deliveries=713
Step 1622016 | stage_step= 241664 | Episodes: 75649
Eval @1622016 | stage_step= 241664 | sr=2.50% | reward=-890.32 +/- 2270.35 | pickups=1.10 deliveries=0.62 delivered_agents=0.62/2
Step 1630208 | stage_step= 249856 | Episodes: 75795
Step 1640448 | stage_step= 260096 | Episodes: 75948
Step 1650688 | stage_step= 270336 | Episodes: 76103
Eval @1650688 | stage_step= 270336 | sr=25.00% | reward=198.04 +/- 1276.30 | pickups=1.57 deliveries=1.02 delivered_agents=1.02/2
[MultiQuadEnv] Steps 120001-140000 | pickups=681 | deliveries=149 | total_pickups=5327 | total_deliveries=862
Step 1660928 | stage_step= 280576 | Episodes: 76256
Step 1671168 | stage_step= 290816 | Episodes: 76453
Step 1681408 | stage_step= 301056 | Episodes: 76625
Eval @1681408 | stage_step= 301056 | sr=15.00% | reward=-1675.90 +/- 4286.59 | pickups=1.27 deliveries=0.72 delivered_agents=0.72/2
Step 1691648 | stage_step= 311296 | Episodes: 76814
[MultiQuadEnv] Steps 140001-160000 | pickups=825 | deliveries=129 | total_pickups=6152 | total_deliveries=991
Step 1701888 | stage_step= 321536 | Episodes: 77011
Step 1710080 | stage_step= 329728 | Episodes: 77152
Eval @1712128 | stage_step= 331776 | sr=17.50% | reward=-108.70 +/- 1703.60 | pickups=1.48 deliveries=0.97 delivered_agents=0.97/2
Step 1720320 | stage_step= 339968 | Episodes: 77358
Step 1730560 | stage_step= 350208 | Episodes: 77509
[MultiQuadEnv] Steps 160001-180000 | pickups=859 | deliveries=196 | total_pickups=7011 | total_deliveries=1187
Step 1740800 | stage_step= 360448 | Episodes: 77684
Eval @1740800 | stage_step= 360448 | sr=0.00% | reward=-1026.99 +/- 2821.24 | pickups=1.32 deliveries=0.42 delivered_agents=0.42/2
Step 1751040 | stage_step= 370688 | Episodes: 77852
Step 1761280 | stage_step= 380928 | Episodes: 78028
Step 1771520 | stage_step= 391168 | Episodes: 78200
Eval @1771520 | stage_step= 391168 | sr=25.00% | reward=343.72 +/- 1135.61 | pickups=1.43 deliveries=1.05 delivered_agents=1.05/2
[MultiQuadEnv] Steps 180001-200000 | pickups=869 | deliveries=226 | total_pickups=7880 | total_deliveries=1413
Step 1781760 | stage_step= 401408 | Episodes: 78364
Step 1792000 | stage_step= 411648 | Episodes: 78517
Step 1800192 | stage_step= 419840 | Episodes: 78654
[MultiQuadEnv] Steps 1-20000 | pickups=55 | deliveries=24 | total_pickups=55 | total_deliveries=24
Eval @1802240 | stage_step= 421888 | sr=0.00% | reward=-639.64 +/- 753.09 | pickups=1.40 deliveries=0.62 delivered_agents=0.62/2
Step 1810432 | stage_step= 430080 | Episodes: 78803
[MultiQuadEnv] Steps 200001-220000 | pickups=787 | deliveries=228 | total_pickups=8667 | total_deliveries=1641
Step 1820672 | stage_step= 440320 | Episodes: 78972
Step 1830912 | stage_step= 450560 | Episodes: 79148
Eval @1830912 | stage_step= 450560 | sr=15.00% | reward=-12.58 +/- 1126.43 | pickups=1.38 deliveries=0.78 delivered_agents=0.78/2
Step 1841152 | stage_step= 460800 | Episodes: 79295
Step 1851392 | stage_step= 471040 | Episodes: 79429
[MultiQuadEnv] Steps 220001-240000 | pickups=823 | deliveries=267 | total_pickups=9490 | total_deliveries=1908
Step 1861632 | stage_step= 481280 | Episodes: 79584
Eval @1861632 | stage_step= 481280 | sr=20.00% | reward=-262.40 +/- 1520.49 | pickups=1.27 deliveries=0.93 delivered_agents=0.93/2
Step 1871872 | stage_step= 491520 | Episodes: 79702
Step 1880064 | stage_step= 499712 | Episodes: 79806
Step 1890304 | stage_step= 509952 | Episodes: 79937
[MultiQuadEnv] Steps 1-20000 | pickups=30 | deliveries=21 | total_pickups=30 | total_deliveries=21
Eval @1892352 | stage_step= 512000 | sr=12.50% | reward=-933.44 +/- 1416.74 | pickups=0.90 deliveries=0.65 delivered_agents=0.65/2
[MultiQuadEnv] Steps 240001-260000 | pickups=721 | deliveries=271 | total_pickups=10211 | total_deliveries=2179
Step 1900544 | stage_step= 520192 | Episodes: 80084
Step 1910784 | stage_step= 530432 | Episodes: 80216
Step 1921024 | stage_step= 540672 | Episodes: 80363
Eval @1921024 | stage_step= 540672 | sr=10.00% | reward=-481.66 +/- 1188.60 | pickups=0.88 deliveries=0.60 delivered_agents=0.60/2
Step 1931264 | stage_step= 550912 | Episodes: 80492
[MultiQuadEnv] Steps 260001-280000 | pickups=775 | deliveries=324 | total_pickups=10986 | total_deliveries=2503
Step 1941504 | stage_step= 561152 | Episodes: 80639
Step 1951744 | stage_step= 571392 | Episodes: 80749
Eval @1951744 | stage_step= 571392 | sr=37.50% | reward=189.12 +/- 1745.18 | pickups=1.35 deliveries=1.07 delivered_agents=1.07/2
Step 1961984 | stage_step= 581632 | Episodes: 80848
Step 1970176 | stage_step= 589824 | Episodes: 80947
[MultiQuadEnv] Steps 280001-300000 | pickups=642 | deliveries=272 | total_pickups=11628 | total_deliveries=2775
Step 1980416 | stage_step= 600064 | Episodes: 81068
Eval @1980416 | stage_step= 600064 | sr=10.00% | reward=-208.44 +/- 1276.51 | pickups=1.32 deliveries=0.30 delivered_agents=0.30/2
Step 1990656 | stage_step= 610304 | Episodes: 81174
Step 2000896 | stage_step= 620544 | Episodes: 81295
Step 2011136 | stage_step= 630784 | Episodes: 81439
Eval @2011136 | stage_step= 630784 | sr=30.00% | reward=208.74 +/- 1538.04 | pickups=1.27 deliveries=0.82 delivered_agents=0.82/2
[MultiQuadEnv] Steps 300001-320000 | pickups=698 | deliveries=287 | total_pickups=12326 | total_deliveries=3062
Step 2021376 | stage_step= 641024 | Episodes: 81560
Step 2031616 | stage_step= 651264 | Episodes: 81676
Step 2041856 | stage_step= 661504 | Episodes: 81824
Eval @2041856 | stage_step= 661504 | sr=40.00% | reward=-193.37 +/- 3138.40 | pickups=1.50 deliveries=1.20 delivered_agents=1.20/2
Step 2050048 | stage_step= 669696 | Episodes: 81927
Step 2060288 | stage_step= 679936 | Episodes: 82045
[MultiQuadEnv] Steps 320001-340000 | pickups=724 | deliveries=309 | total_pickups=13050 | total_deliveries=3371
Step 2070528 | stage_step= 690176 | Episodes: 82154
Eval @2070528 | stage_step= 690176 | sr=40.00% | reward=476.15 +/- 1651.13 | pickups=1.20 deliveries=0.90 delivered_agents=0.90/2
Step 2080768 | stage_step= 700416 | Episodes: 82261
Step 2091008 | stage_step= 710656 | Episodes: 82398
[MultiQuadEnv] Steps 340001-360000 | pickups=728 | deliveries=341 | total_pickups=13778 | total_deliveries=3712
Step 2101248 | stage_step= 720896 | Episodes: 82536
Eval @2101248 | stage_step= 720896 | sr=27.50% | reward=83.22 +/- 1832.18 | pickups=1.27 deliveries=1.25 delivered_agents=1.25/2
Step 2111488 | stage_step= 731136 | Episodes: 82649
Step 2121728 | stage_step= 741376 | Episodes: 82749
Step 2131968 | stage_step= 751616 | Episodes: 82826
Eval @2131968 | stage_step= 751616 | sr=37.50% | reward=-254.48 +/- 3105.12 | pickups=1.48 deliveries=1.18 delivered_agents=1.18/2
Step 2140160 | stage_step= 759808 | Episodes: 82936
[MultiQuadEnv] Steps 360001-380000 | pickups=633 | deliveries=300 | total_pickups=14411 | total_deliveries=4012
Step 2150400 | stage_step= 770048 | Episodes: 83007
Step 2160640 | stage_step= 780288 | Episodes: 83091
Eval @2160640 | stage_step= 780288 | sr=40.00% | reward=516.29 +/- 1536.26 | pickups=1.40 deliveries=1.20 delivered_agents=1.20/2
Step 2170880 | stage_step= 790528 | Episodes: 83178
[MultiQuadEnv] Steps 380001-400000 | pickups=546 | deliveries=280 | total_pickups=14957 | total_deliveries=4292
Step 2181120 | stage_step= 800768 | Episodes: 83305
Step 2191360 | stage_step= 811008 | Episodes: 83411
Eval @2191360 | stage_step= 811008 | sr=20.00% | reward=120.61 +/- 1247.21 | pickups=1.30 deliveries=0.80 delivered_agents=0.80/2
Step 2201600 | stage_step= 821248 | Episodes: 83502
Step 2211840 | stage_step= 831488 | Episodes: 83611
Step 2220032 | stage_step= 839680 | Episodes: 83715
[MultiQuadEnv] Steps 400001-420000 | pickups=642 | deliveries=302 | total_pickups=15599 | total_deliveries=4594
Eval @2222080 | stage_step= 841728 | sr=32.50% | reward=225.63 +/- 1510.83 | pickups=1.43 deliveries=1.23 delivered_agents=1.23/2
Step 2230272 | stage_step= 849920 | Episodes: 83823
Step 2240512 | stage_step= 860160 | Episodes: 83929
Step 2250752 | stage_step= 870400 | Episodes: 84031
Eval @2250752 | stage_step= 870400 | sr=32.50% | reward=-55.65 +/- 1763.66 | pickups=1.23 deliveries=0.95 delivered_agents=0.95/2
[MultiQuadEnv] Steps 420001-440000 | pickups=658 | deliveries=355 | total_pickups=16257 | total_deliveries=4949
Step 2260992 | stage_step= 880640 | Episodes: 84145
Step 2271232 | stage_step= 890880 | Episodes: 84271
Step 2281472 | stage_step= 901120 | Episodes: 84346
Eval @2281472 | stage_step= 901120 | sr=27.50% | reward=474.77 +/- 1134.57 | pickups=1.48 deliveries=1.00 delivered_agents=1.00/2
Step 2291712 | stage_step= 911360 | Episodes: 84467
[MultiQuadEnv] Steps 440001-460000 | pickups=667 | deliveries=359 | total_pickups=16924 | total_deliveries=5308
Step 2301952 | stage_step= 921600 | Episodes: 84575
Step 2310144 | stage_step= 929792 | Episodes: 84659
Eval @2312192 | stage_step= 931840 | sr=62.50% | reward=1291.69 +/- 1234.60 | pickups=1.62 deliveries=1.52 delivered_agents=1.52/2
Early promotion from s11_small_pipe_random_package: 62.50% >= 55.00%
Restored best for s11_small_pipe_random_package: sr=65.00% | reward=428.18
Set actor_log_std=-0.35 for stage exploration

=== Stage 13/21: s12_small_pipe_random_delivery (random deliveries) ===
Stage: agents=2 obs=(36,) grid=(18, 18) starts=[(2, 3), (2, 4)] package=(4, 8) deliveries=[(8, 14), (9, 13)] lanes=104 rand_pkg=False rand_del=True dt=0.05 substeps=8 max_tilt=0.32
Step 2320384 | stage_step=   8192 | Episodes: 84870
Step 2330624 | stage_step=  18432 | Episodes: 85117
Step 2340864 | stage_step=  28672 | Episodes: 85296
Step 2351104 | stage_step=  38912 | Episodes: 85518
[MultiQuadEnv] Steps 1-20000 | pickups=680 | deliveries=28 | total_pickups=680 | total_deliveries=28
Eval @2353152 | stage_step=  40960 | sr=0.00% | reward=-22.08 +/- 654.10 | pickups=1.40 deliveries=0.05 delivered_agents=0.05/2
Step 2361344 | stage_step=  49152 | Episodes: 85700
Step 2371584 | stage_step=  59392 | Episodes: 85923
Step 2381824 | stage_step=  69632 | Episodes: 86108
Step 2390016 | stage_step=  77824 | Episodes: 86244
[MultiQuadEnv] Steps 20001-40000 | pickups=838 | deliveries=55 | total_pickups=1518 | total_deliveries=83
Eval @2394112 | stage_step=  81920 | sr=5.00% | reward=-27.56 +/- 1029.31 | pickups=1.70 deliveries=0.15 delivered_agents=0.15/2
Step 2400256 | stage_step=  88064 | Episodes: 86424
Step 2410496 | stage_step=  98304 | Episodes: 86602
Step 2420736 | stage_step= 108544 | Episodes: 86729
Step 2430976 | stage_step= 118784 | Episodes: 86872
[MultiQuadEnv] Steps 40001-60000 | pickups=754 | deliveries=70 | total_pickups=2272 | total_deliveries=153
Eval @2433024 | stage_step= 120832 | sr=0.00% | reward=-286.79 +/- 1012.61 | pickups=1.60 deliveries=0.05 delivered_agents=0.05/2
Step 2441216 | stage_step= 129024 | Episodes: 87039
Step 2451456 | stage_step= 139264 | Episodes: 87204
Step 2461696 | stage_step= 149504 | Episodes: 87353
Step 2471936 | stage_step= 159744 | Episodes: 87513
[MultiQuadEnv] Steps 60001-80000 | pickups=783 | deliveries=83 | total_pickups=3055 | total_deliveries=236
Eval @2473984 | stage_step= 161792 | sr=5.00% | reward=122.77 +/- 805.24 | pickups=1.70 deliveries=0.15 delivered_agents=0.15/2
Step 2480128 | stage_step= 167936 | Episodes: 87627
Step 2490368 | stage_step= 178176 | Episodes: 87783
Step 2500608 | stage_step= 188416 | Episodes: 87936
Step 2510848 | stage_step= 198656 | Episodes: 88064
[MultiQuadEnv] Steps 80001-100000 | pickups=741 | deliveries=80 | total_pickups=3796 | total_deliveries=316
Eval @2512896 | stage_step= 200704 | sr=5.00% | reward=-86.26 +/- 1023.12 | pickups=1.70 deliveries=0.20 delivered_agents=0.20/2
Step 2521088 | stage_step= 208896 | Episodes: 88208
Step 2531328 | stage_step= 219136 | Episodes: 88352
Step 2541568 | stage_step= 229376 | Episodes: 88477
Step 2551808 | stage_step= 239616 | Episodes: 88623
[MultiQuadEnv] Steps 100001-120000 | pickups=731 | deliveries=104 | total_pickups=4527 | total_deliveries=420
Eval @2553856 | stage_step= 241664 | sr=5.00% | reward=-15.22 +/- 1035.66 | pickups=1.90 deliveries=0.15 delivered_agents=0.15/2
Step 2560000 | stage_step= 247808 | Episodes: 88715
Step 2570240 | stage_step= 258048 | Episodes: 88830
Step 2580480 | stage_step= 268288 | Episodes: 88925
Step 2590720 | stage_step= 278528 | Episodes: 89031
[MultiQuadEnv] Steps 120001-140000 | pickups=578 | deliveries=85 | total_pickups=5105 | total_deliveries=505
Eval @2592768 | stage_step= 280576 | sr=5.00% | reward=-89.27 +/- 1029.46 | pickups=1.75 deliveries=0.15 delivered_agents=0.15/2
Step 2600960 | stage_step= 288768 | Episodes: 89156
Step 2611200 | stage_step= 299008 | Episodes: 89277
Step 2621440 | stage_step= 309248 | Episodes: 89360
Step 2631680 | stage_step= 319488 | Episodes: 89471
[MultiQuadEnv] Steps 140001-160000 | pickups=573 | deliveries=93 | total_pickups=5678 | total_deliveries=598
Eval @2633728 | stage_step= 321536 | sr=5.00% | reward=-258.31 +/- 1168.82 | pickups=1.90 deliveries=0.25 delivered_agents=0.25/2
Step 2641920 | stage_step= 329728 | Episodes: 89555
Step 2650112 | stage_step= 337920 | Episodes: 89648
Step 2660352 | stage_step= 348160 | Episodes: 89745
Step 2670592 | stage_step= 358400 | Episodes: 89863
[MultiQuadEnv] Steps 160001-180000 | pickups=601 | deliveries=112 | total_pickups=6279 | total_deliveries=710
Eval @2672640 | stage_step= 360448 | sr=5.00% | reward=-1931.11 +/- 6999.66 | pickups=1.90 deliveries=0.40 delivered_agents=0.40/2
Step 2680832 | stage_step= 368640 | Episodes: 89962
Step 2691072 | stage_step= 378880 | Episodes: 90072
Step 2701312 | stage_step= 389120 | Episodes: 90213
Step 2711552 | stage_step= 399360 | Episodes: 90339
[MultiQuadEnv] Steps 180001-200000 | pickups=639 | deliveries=105 | total_pickups=6918 | total_deliveries=815
Eval @2713600 | stage_step= 401408 | sr=5.00% | reward=141.65 +/- 835.85 | pickups=1.85 deliveries=0.35 delivered_agents=0.35/2
Step 2721792 | stage_step= 409600 | Episodes: 90472
Step 2732032 | stage_step= 419840 | Episodes: 90600
Step 2740224 | stage_step= 428032 | Episodes: 90722
Step 2750464 | stage_step= 438272 | Episodes: 90845
[MultiQuadEnv] Steps 200001-220000 | pickups=658 | deliveries=109 | total_pickups=7576 | total_deliveries=924
Eval @2752512 | stage_step= 440320 | sr=5.00% | reward=-558.45 +/- 1261.37 | pickups=1.95 deliveries=0.40 delivered_agents=0.40/2
Step 2760704 | stage_step= 448512 | Episodes: 90947
Step 2770944 | stage_step= 458752 | Episodes: 91077
Step 2781184 | stage_step= 468992 | Episodes: 91185
Step 2791424 | stage_step= 479232 | Episodes: 91310
[MultiQuadEnv] Steps 220001-240000 | pickups=635 | deliveries=95 | total_pickups=8211 | total_deliveries=1019
Eval @2793472 | stage_step= 481280 | sr=5.00% | reward=-1920.21 +/- 6290.69 | pickups=1.90 deliveries=0.55 delivered_agents=0.55/2
Step 2801664 | stage_step= 489472 | Episodes: 91381
Step 2811904 | stage_step= 499712 | Episodes: 91489
Step 2820096 | stage_step= 507904 | Episodes: 91554
Step 2830336 | stage_step= 518144 | Episodes: 91658
[MultiQuadEnv] Steps 240001-260000 | pickups=478 | deliveries=94 | total_pickups=8689 | total_deliveries=1113
Eval @2832384 | stage_step= 520192 | sr=5.00% | reward=-384.33 +/- 1189.70 | pickups=2.00 deliveries=0.55 delivered_agents=0.55/2
Step 2840576 | stage_step= 528384 | Episodes: 91767
Step 2850816 | stage_step= 538624 | Episodes: 91873
Step 2861056 | stage_step= 548864 | Episodes: 91979
Step 2871296 | stage_step= 559104 | Episodes: 92080
[MultiQuadEnv] Steps 260001-280000 | pickups=592 | deliveries=112 | total_pickups=9281 | total_deliveries=1225
Eval @2873344 | stage_step= 561152 | sr=5.00% | reward=-507.33 +/- 1126.18 | pickups=1.95 deliveries=0.50 delivered_agents=0.50/2
Step 2881536 | stage_step= 569344 | Episodes: 92195
Step 2891776 | stage_step= 579584 | Episodes: 92331
Step 2902016 | stage_step= 589824 | Episodes: 92461
Step 2910208 | stage_step= 598016 | Episodes: 92564
[MultiQuadEnv] Steps 280001-300000 | pickups=691 | deliveries=120 | total_pickups=9972 | total_deliveries=1345
Eval @2912256 | stage_step= 600064 | sr=5.00% | reward=-649.96 +/- 1359.55 | pickups=1.90 deliveries=0.60 delivered_agents=0.60/2
Step 2920448 | stage_step= 608256 | Episodes: 92669
Step 2930688 | stage_step= 618496 | Episodes: 92787
Step 2940928 | stage_step= 628736 | Episodes: 92903
Step 2951168 | stage_step= 638976 | Episodes: 93018
[MultiQuadEnv] Steps 300001-320000 | pickups=622 | deliveries=116 | total_pickups=10594 | total_deliveries=1461
Eval @2953216 | stage_step= 641024 | sr=5.00% | reward=-870.34 +/- 1385.48 | pickups=1.95 deliveries=0.60 delivered_agents=0.60/2
Step 2961408 | stage_step= 649216 | Episodes: 93114
Step 2971648 | stage_step= 659456 | Episodes: 93209
Step 2981888 | stage_step= 669696 | Episodes: 93320
Step 2990080 | stage_step= 677888 | Episodes: 93395
[MultiQuadEnv] Steps 320001-340000 | pickups=621 | deliveries=105 | total_pickups=11215 | total_deliveries=1566
Eval @2994176 | stage_step= 681984 | sr=5.00% | reward=-571.29 +/- 1260.20 | pickups=1.95 deliveries=0.50 delivered_agents=0.50/2
Step 3000320 | stage_step= 688128 | Episodes: 93498
Step 3010560 | stage_step= 698368 | Episodes: 93600
Eval @3012608 | stage_step= 700416 | sr=5.00% | reward=-891.43 +/- 1357.12 | pickups=1.95 deliveries=0.55 delivered_agents=0.55/2
Full budget used for s12_small_pipe_random_delivery. Best stage success=5.00%.
Stopping after s12_small_pipe_random_delivery: best sr=5.00% < continue threshold 50.00%.
Final eval | success_rate=5.00% | mean_reward=141.65 +/- 835.85 | pickups=1.85 deliveries=0.35 | delivered_agents=0.35/2 

### DYNAMIC MAPPO SWEEP 4/20: quad_physics_mappo_v1_random_delivery_dynamic_slow_sweep_base_seed41 ###

Using device: cuda (NVIDIA GeForce RTX 4090)
Initial Quad MAPPO: agents=2 obs=(36,) grid=(6, 5) starts=[(4, 2), (3, 2)] package=(2, 2) deliveries=[(1, 1), (1, 3)] lanes=6 rand_pkg=False rand_del=False dt=0.05 substeps=8 max_tilt=0.32

=== Stage 1/21: s1_short_t_fixed (fixed positions) ===
Stage: agents=2 obs=(36,) grid=(6, 5) starts=[(4, 2), (3, 2)] package=(2, 2) deliveries=[(1, 1), (1, 3)] lanes=6 rand_pkg=False rand_del=False dt=0.05 substeps=8 max_tilt=0.32
Step   10240 | stage_step=  10240 | Episodes:  1002
Step   20480 | stage_step=  20480 | Episodes:  2032
Eval @  20480 | stage_step=  20480 | sr=0.00% | reward=127.20 +/- 0.00 | pickups=1.00 deliveries=0.00 delivered_agents=0.00/2
Step   30720 | stage_step=  30720 | Episodes:  3063
[MultiQuadEnv] Steps 1-20000 | pickups=2639 | deliveries=402 | total_pickups=2639 | total_deliveries=402
Step   40960 | stage_step=  40960 | Episodes:  4092
Eval @  40960 | stage_step=  40960 | sr=0.00% | reward=128.00 +/- 0.00 | pickups=1.00 deliveries=0.00 delivered_agents=0.00/2
Step   51200 | stage_step=  51200 | Episodes:  5135
Step   61440 | stage_step=  61440 | Episodes:  6186
Eval @  61440 | stage_step=  61440 | sr=0.00% | reward=278.00 +/- 0.00 | pickups=2.00 deliveries=0.00 delivered_agents=0.00/2
Step   71680 | stage_step=  71680 | Episodes:  7244
[MultiQuadEnv] Steps 20001-40000 | pickups=4726 | deliveries=1112 | total_pickups=7365 | total_deliveries=1514
Step   81920 | stage_step=  81920 | Episodes:  8312
Eval @  81920 | stage_step=  81920 | sr=0.00% | reward=778.00 +/- 0.00 | pickups=2.00 deliveries=1.00 delivered_agents=1.00/2
Step   90112 | stage_step=  90112 | Episodes:  9167
Step  100352 | stage_step= 100352 | Episodes: 10246
Eval @ 100352 | stage_step= 100352 | sr=0.00% | reward=778.00 +/- 0.00 | pickups=2.00 deliveries=1.00 delivered_agents=1.00/2
Step  110592 | stage_step= 110592 | Episodes: 11325
[MultiQuadEnv] Steps 40001-60000 | pickups=5420 | deliveries=1536 | total_pickups=12785 | total_deliveries=3050
Step  120832 | stage_step= 120832 | Episodes: 12414
Eval @ 120832 | stage_step= 120832 | sr=0.00% | reward=778.00 +/- 0.00 | pickups=2.00 deliveries=1.00 delivered_agents=1.00/2
Step  131072 | stage_step= 131072 | Episodes: 13539
Step  141312 | stage_step= 141312 | Episodes: 14656
Eval @ 141312 | stage_step= 141312 | sr=100.00% | reward=2298.20 +/- 0.00 | pickups=2.00 deliveries=2.00 delivered_agents=2.00/2
Early promotion from s1_short_t_fixed: 100.00% >= 90.00%
Restored best for s1_short_t_fixed: sr=100.00% | reward=2298.20

=== Stage 2/21: s2_wider_t_stem_fixed (fixed positions) ===
Stage: agents=2 obs=(36,) grid=(8, 9) starts=[(6, 4), (5, 4)] package=(3, 4) deliveries=[(2, 4), (1, 4)] lanes=12 rand_pkg=False rand_del=False dt=0.05 substeps=8 max_tilt=0.32
Step  151552 | stage_step=  10240 | Episodes: 15647
Step  161792 | stage_step=  20480 | Episodes: 16516
Eval @ 167936 | stage_step=  26624 | sr=100.00% | reward=2247.60 +/- 0.00 | pickups=2.00 deliveries=2.00 delivered_agents=2.00/2
Step  172032 | stage_step=  30720 | Episodes: 17381
Step  180224 | stage_step=  38912 | Episodes: 18047
[MultiQuadEnv] Steps 1-20000 | pickups=4308 | deliveries=1974 | total_pickups=4308 | total_deliveries=1974
Step  190464 | stage_step=  49152 | Episodes: 18867
Eval @ 192512 | stage_step=  51200 | sr=100.00% | reward=2247.60 +/- 0.00 | pickups=2.00 deliveries=2.00 delivered_agents=2.00/2
Step  200704 | stage_step=  59392 | Episodes: 19657
Step  210944 | stage_step=  69632 | Episodes: 20432
Eval @ 217088 | stage_step=  75776 | sr=100.00% | reward=2247.60 +/- 0.00 | pickups=2.00 deliveries=2.00 delivered_agents=2.00/2
Early promotion from s2_wider_t_stem_fixed: 100.00% >= 85.00%
Restored best for s2_wider_t_stem_fixed: sr=100.00% | reward=2247.60

=== Stage 3/21: s3_wider_t_near_branch_fixed (fixed positions) ===
Stage: agents=2 obs=(36,) grid=(8, 9) starts=[(6, 4), (5, 4)] package=(2, 4) deliveries=[(1, 3), (1, 5)] lanes=12 rand_pkg=False rand_del=False dt=0.05 substeps=8 max_tilt=0.32
Step  221184 | stage_step=   4096 | Episodes: 21241
Step  231424 | stage_step=  14336 | Episodes: 22031
Step  241664 | stage_step=  24576 | Episodes: 22728
Eval @ 243712 | stage_step=  26624 | sr=0.00% | reward=257.20 +/- 0.00 | pickups=2.00 deliveries=0.00 delivered_agents=0.00/2
Step  251904 | stage_step=  34816 | Episodes: 23440
[MultiQuadEnv] Steps 1-20000 | pickups=3418 | deliveries=399 | total_pickups=3418 | total_deliveries=399
Step  260096 | stage_step=  43008 | Episodes: 24003
Eval @ 268288 | stage_step=  51200 | sr=0.00% | reward=257.20 +/- 0.00 | pickups=2.00 deliveries=0.00 delivered_agents=0.00/2
Step  270336 | stage_step=  53248 | Episodes: 24647
Step  280576 | stage_step=  63488 | Episodes: 25273
Step  290816 | stage_step=  73728 | Episodes: 25869
Eval @ 292864 | stage_step=  75776 | sr=0.00% | reward=760.20 +/- 0.00 | pickups=2.00 deliveries=1.00 delivered_agents=1.00/2
[MultiQuadEnv] Steps 20001-40000 | pickups=3565 | deliveries=599 | total_pickups=6983 | total_deliveries=998
Step  301056 | stage_step=  83968 | Episodes: 26461
Step  311296 | stage_step=  94208 | Episodes: 26998
Eval @ 317440 | stage_step= 100352 | sr=0.00% | reward=760.40 +/- 0.00 | pickups=2.00 deliveries=1.00 delivered_agents=1.00/2
Step  321536 | stage_step= 104448 | Episodes: 27487
Step  331776 | stage_step= 114688 | Episodes: 28007
[MultiQuadEnv] Steps 40001-60000 | pickups=3360 | deliveries=737 | total_pickups=10343 | total_deliveries=1735
Step  342016 | stage_step= 124928 | Episodes: 28543
Eval @ 344064 | stage_step= 126976 | sr=0.00% | reward=760.40 +/- 0.00 | pickups=2.00 deliveries=1.00 delivered_agents=1.00/2
Step  350208 | stage_step= 133120 | Episodes: 28988
Step  360448 | stage_step= 143360 | Episodes: 29553
Eval @ 368640 | stage_step= 151552 | sr=0.00% | reward=760.40 +/- 0.00 | pickups=2.00 deliveries=1.00 delivered_agents=1.00/2
Step  370688 | stage_step= 153600 | Episodes: 30115
[MultiQuadEnv] Steps 60001-80000 | pickups=3626 | deliveries=887 | total_pickups=13969 | total_deliveries=2622
Step  380928 | stage_step= 163840 | Episodes: 30664
Step  391168 | stage_step= 174080 | Episodes: 31191
Eval @ 393216 | stage_step= 176128 | sr=0.00% | reward=760.40 +/- 0.00 | pickups=2.00 deliveries=1.00 delivered_agents=1.00/2
Step  401408 | stage_step= 184320 | Episodes: 31697
Step  411648 | stage_step= 194560 | Episodes: 32243
[MultiQuadEnv] Steps 80001-100000 | pickups=3509 | deliveries=913 | total_pickups=17478 | total_deliveries=3535
Eval @ 417792 | stage_step= 200704 | sr=0.00% | reward=760.40 +/- 0.00 | pickups=2.00 deliveries=1.00 delivered_agents=1.00/2
Step  421888 | stage_step= 204800 | Episodes: 32792
Step  430080 | stage_step= 212992 | Episodes: 33243
Step  440320 | stage_step= 223232 | Episodes: 33810
Eval @ 442368 | stage_step= 225280 | sr=0.00% | reward=760.40 +/- 0.00 | pickups=2.00 deliveries=1.00 delivered_agents=1.00/2
Step  450560 | stage_step= 233472 | Episodes: 34365
[MultiQuadEnv] Steps 100001-120000 | pickups=3758 | deliveries=1042 | total_pickups=21236 | total_deliveries=4577
Step  460800 | stage_step= 243712 | Episodes: 34927
Eval @ 468992 | stage_step= 251904 | sr=0.00% | reward=760.20 +/- 0.00 | pickups=2.00 deliveries=1.00 delivered_agents=1.00/2
Step  471040 | stage_step= 253952 | Episodes: 35505
Step  481280 | stage_step= 264192 | Episodes: 36071
Step  491520 | stage_step= 274432 | Episodes: 36627
Eval @ 493568 | stage_step= 276480 | sr=0.00% | reward=760.20 +/- 0.00 | pickups=2.00 deliveries=1.00 delivered_agents=1.00/2
[MultiQuadEnv] Steps 120001-140000 | pickups=3826 | deliveries=1053 | total_pickups=25062 | total_deliveries=5630
Step  501760 | stage_step= 284672 | Episodes: 37178
Step  512000 | stage_step= 294912 | Episodes: 37718
Eval @ 518144 | stage_step= 301056 | sr=0.00% | reward=760.20 +/- 0.00 | pickups=2.00 deliveries=1.00 delivered_agents=1.00/2
Step  520192 | stage_step= 303104 | Episodes: 38165
Step  530432 | stage_step= 313344 | Episodes: 38768
[MultiQuadEnv] Steps 140001-160000 | pickups=3905 | deliveries=1131 | total_pickups=28967 | total_deliveries=6761
Step  540672 | stage_step= 323584 | Episodes: 39369
Eval @ 542720 | stage_step= 325632 | sr=0.00% | reward=760.20 +/- 0.00 | pickups=2.00 deliveries=1.00 delivered_agents=1.00/2
Step  550912 | stage_step= 333824 | Episodes: 39950
Step  561152 | stage_step= 344064 | Episodes: 40552
Eval @ 567296 | stage_step= 350208 | sr=0.00% | reward=760.20 +/- 0.00 | pickups=2.00 deliveries=1.00 delivered_agents=1.00/2
Step  571392 | stage_step= 354304 | Episodes: 41152
[MultiQuadEnv] Steps 160001-180000 | pickups=3935 | deliveries=1301 | total_pickups=32902 | total_deliveries=8062
Step  581632 | stage_step= 364544 | Episodes: 41741
Step  591872 | stage_step= 374784 | Episodes: 42342
Eval @ 593920 | stage_step= 376832 | sr=100.00% | reward=2280.40 +/- 0.00 | pickups=2.00 deliveries=2.00 delivered_agents=2.00/2
Early promotion from s3_wider_t_near_branch_fixed: 100.00% >= 75.00%
Restored best for s3_wider_t_near_branch_fixed: sr=100.00% | reward=2280.40

=== Stage 4/21: s4a_wider_t_mid_branch_fixed (fixed positions) ===
Stage: agents=2 obs=(36,) grid=(8, 9) starts=[(6, 4), (5, 4)] package=(3, 4) deliveries=[(1, 2), (1, 6)] lanes=12 rand_pkg=False rand_del=False dt=0.05 substeps=8 max_tilt=0.32
Step  600064 | stage_step=   6144 | Episodes: 42915
Step  610304 | stage_step=  16384 | Episodes: 43640
Step  620544 | stage_step=  26624 | Episodes: 44331
Eval @ 620544 | stage_step=  26624 | sr=0.00% | reward=256.80 +/- 0.00 | pickups=2.00 deliveries=0.00 delivered_agents=0.00/2
Step  630784 | stage_step=  36864 | Episodes: 45035
[MultiQuadEnv] Steps 1-20000 | pickups=4917 | deliveries=29 | total_pickups=4917 | total_deliveries=29
Step  641024 | stage_step=  47104 | Episodes: 45740
Eval @ 645120 | stage_step=  51200 | sr=0.00% | reward=256.80 +/- 0.00 | pickups=2.00 deliveries=0.00 delivered_agents=0.00/2
Step  651264 | stage_step=  57344 | Episodes: 46424
Step  661504 | stage_step=  67584 | Episodes: 47134
Eval @ 669696 | stage_step=  75776 | sr=0.00% | reward=256.80 +/- 0.00 | pickups=2.00 deliveries=0.00 delivered_agents=0.00/2
Step  671744 | stage_step=  77824 | Episodes: 47858
[MultiQuadEnv] Steps 20001-40000 | pickups=5382 | deliveries=70 | total_pickups=10299 | total_deliveries=99
Step  681984 | stage_step=  88064 | Episodes: 48564
Step  690176 | stage_step=  96256 | Episodes: 49120
Eval @ 694272 | stage_step= 100352 | sr=0.00% | reward=256.80 +/- 0.00 | pickups=2.00 deliveries=0.00 delivered_agents=0.00/2
Step  700416 | stage_step= 106496 | Episodes: 49798
Step  710656 | stage_step= 116736 | Episodes: 50469
[MultiQuadEnv] Steps 40001-60000 | pickups=5253 | deliveries=355 | total_pickups=15552 | total_deliveries=454
Step  720896 | stage_step= 126976 | Episodes: 51130
Eval @ 720896 | stage_step= 126976 | sr=0.00% | reward=735.55 +/- 0.00 | pickups=2.00 deliveries=1.00 delivered_agents=1.00/2
Step  731136 | stage_step= 137216 | Episodes: 51794
Step  741376 | stage_step= 147456 | Episodes: 52454
Eval @ 745472 | stage_step= 151552 | sr=0.00% | reward=735.55 +/- 0.00 | pickups=2.00 deliveries=1.00 delivered_agents=1.00/2
Step  751616 | stage_step= 157696 | Episodes: 53115
[MultiQuadEnv] Steps 60001-80000 | pickups=4982 | deliveries=585 | total_pickups=20534 | total_deliveries=1039
Step  761856 | stage_step= 167936 | Episodes: 53758
Step  770048 | stage_step= 176128 | Episodes: 54273
Eval @ 770048 | stage_step= 176128 | sr=0.00% | reward=735.55 +/- 0.00 | pickups=2.00 deliveries=1.00 delivered_agents=1.00/2
Step  780288 | stage_step= 186368 | Episodes: 54906
Step  790528 | stage_step= 196608 | Episodes: 55545
[MultiQuadEnv] Steps 80001-100000 | pickups=4824 | deliveries=810 | total_pickups=25358 | total_deliveries=1849
Eval @ 794624 | stage_step= 200704 | sr=0.00% | reward=735.55 +/- 0.00 | pickups=2.00 deliveries=1.00 delivered_agents=1.00/2
Step  800768 | stage_step= 206848 | Episodes: 56169
Step  811008 | stage_step= 217088 | Episodes: 56788
Eval @ 819200 | stage_step= 225280 | sr=0.00% | reward=735.55 +/- 0.00 | pickups=2.00 deliveries=1.00 delivered_agents=1.00/2
Step  821248 | stage_step= 227328 | Episodes: 57404
Step  831488 | stage_step= 237568 | Episodes: 58017
[MultiQuadEnv] Steps 100001-120000 | pickups=4695 | deliveries=958 | total_pickups=30053 | total_deliveries=2807
Step  841728 | stage_step= 247808 | Episodes: 58631
Eval @ 845824 | stage_step= 251904 | sr=0.00% | reward=735.55 +/- 0.00 | pickups=2.00 deliveries=1.00 delivered_agents=1.00/2
Step  851968 | stage_step= 258048 | Episodes: 59234
Step  860160 | stage_step= 266240 | Episodes: 59721
Step  870400 | stage_step= 276480 | Episodes: 60322
Eval @ 870400 | stage_step= 276480 | sr=0.00% | reward=735.55 +/- 0.00 | pickups=2.00 deliveries=1.00 delivered_agents=1.00/2
[MultiQuadEnv] Steps 120001-140000 | pickups=4621 | deliveries=1086 | total_pickups=34674 | total_deliveries=3893
Step  880640 | stage_step= 286720 | Episodes: 60919
Step  890880 | stage_step= 296960 | Episodes: 61508
Eval @ 894976 | stage_step= 301056 | sr=0.00% | reward=735.55 +/- 0.00 | pickups=2.00 deliveries=1.00 delivered_agents=1.00/2
Step  901120 | stage_step= 307200 | Episodes: 62103
Step  911360 | stage_step= 317440 | Episodes: 62689
[MultiQuadEnv] Steps 140001-160000 | pickups=4547 | deliveries=1218 | total_pickups=39221 | total_deliveries=5111
Eval @ 919552 | stage_step= 325632 | sr=0.00% | reward=735.55 +/- 0.00 | pickups=2.00 deliveries=1.00 delivered_agents=1.00/2
Step  921600 | stage_step= 327680 | Episodes: 63278
Step  931840 | stage_step= 337920 | Episodes: 63861
Step  940032 | stage_step= 346112 | Episodes: 64325
Eval @ 944128 | stage_step= 350208 | sr=0.00% | reward=735.55 +/- 0.00 | pickups=2.00 deliveries=1.00 delivered_agents=1.00/2
Step  950272 | stage_step= 356352 | Episodes: 64906
[MultiQuadEnv] Steps 160001-180000 | pickups=4500 | deliveries=1312 | total_pickups=43721 | total_deliveries=6423
Step  960512 | stage_step= 366592 | Episodes: 65484
Step  970752 | stage_step= 376832 | Episodes: 66060
Eval @ 970752 | stage_step= 376832 | sr=0.00% | reward=735.55 +/- 0.00 | pickups=2.00 deliveries=1.00 delivered_agents=1.00/2
Step  980992 | stage_step= 387072 | Episodes: 66633
Step  991232 | stage_step= 397312 | Episodes: 67204
[MultiQuadEnv] Steps 180001-200000 | pickups=4422 | deliveries=1402 | total_pickups=48143 | total_deliveries=7825
Eval @ 995328 | stage_step= 401408 | sr=0.00% | reward=735.55 +/- 0.00 | pickups=2.00 deliveries=1.00 delivered_agents=1.00/2
Step 1001472 | stage_step= 407552 | Episodes: 67774
Step 1011712 | stage_step= 417792 | Episodes: 68348
Eval @1019904 | stage_step= 425984 | sr=0.00% | reward=735.55 +/- 0.00 | pickups=2.00 deliveries=1.00 delivered_agents=1.00/2
Step 1021952 | stage_step= 428032 | Episodes: 68914
Step 1030144 | stage_step= 436224 | Episodes: 69365
[MultiQuadEnv] Steps 200001-220000 | pickups=4384 | deliveries=1479 | total_pickups=52527 | total_deliveries=9304
Step 1040384 | stage_step= 446464 | Episodes: 69924
Eval @1044480 | stage_step= 450560 | sr=0.00% | reward=735.55 +/- 0.00 | pickups=2.00 deliveries=1.00 delivered_agents=1.00/2
Step 1050624 | stage_step= 456704 | Episodes: 70475
Step 1060864 | stage_step= 466944 | Episodes: 71033
Eval @1069056 | stage_step= 475136 | sr=0.00% | reward=735.55 +/- 0.00 | pickups=2.00 deliveries=1.00 delivered_agents=1.00/2
Step 1071104 | stage_step= 477184 | Episodes: 71582
[MultiQuadEnv] Steps 220001-240000 | pickups=4308 | deliveries=1574 | total_pickups=56835 | total_deliveries=10878
Step 1081344 | stage_step= 487424 | Episodes: 72132
Step 1091584 | stage_step= 497664 | Episodes: 72686
Eval @1095680 | stage_step= 501760 | sr=0.00% | reward=735.55 +/- 0.00 | pickups=2.00 deliveries=1.00 delivered_agents=1.00/2
Full budget used for s4a_wider_t_mid_branch_fixed. Best stage success=0.00%.
No successful checkpoint found for s4a_wider_t_mid_branch_fixed; restored pre-stage model.
Final eval | success_rate=100.00% | mean_reward=2280.40 +/- 0.00 | pickups=2.00 deliveries=2.00 | delivered_agents=2.00/2 

### DYNAMIC MAPPO SWEEP 5/20: quad_physics_mappo_v1_random_delivery_dynamic_slow_sweep_explore_seed7 ###

Using device: cuda (NVIDIA GeForce RTX 4090)
Initial Quad MAPPO: agents=2 obs=(36,) grid=(6, 5) starts=[(4, 2), (3, 2)] package=(2, 2) deliveries=[(1, 1), (1, 3)] lanes=6 rand_pkg=False rand_del=False dt=0.05 substeps=8 max_tilt=0.32

=== Stage 1/21: s1_short_t_fixed (fixed positions) ===
Stage: agents=2 obs=(36,) grid=(6, 5) starts=[(4, 2), (3, 2)] package=(2, 2) deliveries=[(1, 1), (1, 3)] lanes=6 rand_pkg=False rand_del=False dt=0.05 substeps=8 max_tilt=0.32
Step   10240 | stage_step=  10240 | Episodes:   976
Step   20480 | stage_step=  20480 | Episodes:  2042
Eval @  20480 | stage_step=  20480 | sr=0.00% | reward=127.20 +/- 0.00 | pickups=1.00 deliveries=0.00 delivered_agents=0.00/2
Step   30720 | stage_step=  30720 | Episodes:  3104
[MultiQuadEnv] Steps 1-20000 | pickups=2416 | deliveries=286 | total_pickups=2416 | total_deliveries=286
Step   40960 | stage_step=  40960 | Episodes:  4149
Eval @  40960 | stage_step=  40960 | sr=0.00% | reward=127.60 +/- 0.00 | pickups=1.00 deliveries=0.00 delivered_agents=0.00/2
Step   51200 | stage_step=  51200 | Episodes:  5228
Step   61440 | stage_step=  61440 | Episodes:  6296
Eval @  61440 | stage_step=  61440 | sr=0.00% | reward=278.00 +/- 0.00 | pickups=2.00 deliveries=0.00 delivered_agents=0.00/2
Step   71680 | stage_step=  71680 | Episodes:  7392
[MultiQuadEnv] Steps 20001-40000 | pickups=4281 | deliveries=894 | total_pickups=6697 | total_deliveries=1180
Step   81920 | stage_step=  81920 | Episodes:  8475
Eval @  81920 | stage_step=  81920 | sr=0.00% | reward=777.80 +/- 0.00 | pickups=2.00 deliveries=1.00 delivered_agents=1.00/2
Step   90112 | stage_step=  90112 | Episodes:  9341
Step  100352 | stage_step= 100352 | Episodes: 10458
Eval @ 100352 | stage_step= 100352 | sr=0.00% | reward=262.00 +/- 0.00 | pickups=2.00 deliveries=0.00 delivered_agents=0.00/2
Step  110592 | stage_step= 110592 | Episodes: 11556
[MultiQuadEnv] Steps 40001-60000 | pickups=5115 | deliveries=1167 | total_pickups=11812 | total_deliveries=2347
Step  120832 | stage_step= 120832 | Episodes: 12676
Eval @ 120832 | stage_step= 120832 | sr=0.00% | reward=778.00 +/- 0.00 | pickups=2.00 deliveries=1.00 delivered_agents=1.00/2
Step  131072 | stage_step= 131072 | Episodes: 13810
Step  141312 | stage_step= 141312 | Episodes: 14947
Eval @ 141312 | stage_step= 141312 | sr=0.00% | reward=778.00 +/- 0.00 | pickups=2.00 deliveries=1.00 delivered_agents=1.00/2
Step  151552 | stage_step= 151552 | Episodes: 16057
[MultiQuadEnv] Steps 60001-80000 | pickups=5436 | deliveries=1561 | total_pickups=17248 | total_deliveries=3908
Step  161792 | stage_step= 161792 | Episodes: 17193
Eval @ 161792 | stage_step= 161792 | sr=0.00% | reward=778.00 +/- 0.00 | pickups=2.00 deliveries=1.00 delivered_agents=1.00/2
Step  172032 | stage_step= 172032 | Episodes: 18330
Step  180224 | stage_step= 180224 | Episodes: 19216
Eval @ 180224 | stage_step= 180224 | sr=0.00% | reward=778.00 +/- 0.00 | pickups=2.00 deliveries=1.00 delivered_agents=1.00/2
Full budget used for s1_short_t_fixed. Best stage success=0.00%.
No successful checkpoint found for s1_short_t_fixed; restored pre-stage model.
Final eval | success_rate=0.00% | mean_reward=-48.00 +/- 0.00 | pickups=0.00 deliveries=0.00 | delivered_agents=0.00/2 

### DYNAMIC MAPPO SWEEP 6/20: quad_physics_mappo_v1_random_delivery_dynamic_slow_sweep_explore_seed11 ###

Using device: cuda (NVIDIA GeForce RTX 4090)
Initial Quad MAPPO: agents=2 obs=(36,) grid=(6, 5) starts=[(4, 2), (3, 2)] package=(2, 2) deliveries=[(1, 1), (1, 3)] lanes=6 rand_pkg=False rand_del=False dt=0.05 substeps=8 max_tilt=0.32

=== Stage 1/21: s1_short_t_fixed (fixed positions) ===
Stage: agents=2 obs=(36,) grid=(6, 5) starts=[(4, 2), (3, 2)] package=(2, 2) deliveries=[(1, 1), (1, 3)] lanes=6 rand_pkg=False rand_del=False dt=0.05 substeps=8 max_tilt=0.32
Step   10240 | stage_step=  10240 | Episodes:   998
Step   20480 | stage_step=  20480 | Episodes:  2012
Eval @  20480 | stage_step=  20480 | sr=0.00% | reward=127.20 +/- 0.00 | pickups=1.00 deliveries=0.00 delivered_agents=0.00/2
Step   30720 | stage_step=  30720 | Episodes:  3014
[MultiQuadEnv] Steps 1-20000 | pickups=2675 | deliveries=439 | total_pickups=2675 | total_deliveries=439
Step   40960 | stage_step=  40960 | Episodes:  4008
Eval @  40960 | stage_step=  40960 | sr=0.00% | reward=777.20 +/- 0.00 | pickups=2.00 deliveries=1.00 delivered_agents=1.00/2
Step   51200 | stage_step=  51200 | Episodes:  4996
Step   61440 | stage_step=  61440 | Episodes:  5934
Eval @  61440 | stage_step=  61440 | sr=0.00% | reward=777.80 +/- 0.00 | pickups=2.00 deliveries=1.00 delivered_agents=1.00/2
Step   71680 | stage_step=  71680 | Episodes:  6851
[MultiQuadEnv] Steps 20001-40000 | pickups=4578 | deliveries=1386 | total_pickups=7253 | total_deliveries=1825
Step   81920 | stage_step=  81920 | Episodes:  7723
Eval @  81920 | stage_step=  81920 | sr=100.00% | reward=2297.40 +/- 0.00 | pickups=2.00 deliveries=2.00 delivered_agents=2.00/2
Early promotion from s1_short_t_fixed: 100.00% >= 90.00%
Restored best for s1_short_t_fixed: sr=100.00% | reward=2297.40

=== Stage 2/21: s2_wider_t_stem_fixed (fixed positions) ===
Stage: agents=2 obs=(36,) grid=(8, 9) starts=[(6, 4), (5, 4)] package=(3, 4) deliveries=[(2, 4), (1, 4)] lanes=12 rand_pkg=False rand_del=False dt=0.05 substeps=8 max_tilt=0.32
Step   90112 | stage_step=   8192 | Episodes:  8504
Step  100352 | stage_step=  18432 | Episodes:  9346
Eval @ 108544 | stage_step=  26624 | sr=100.00% | reward=2247.40 +/- 0.00 | pickups=2.00 deliveries=2.00 delivered_agents=2.00/2
Step  110592 | stage_step=  28672 | Episodes: 10152
Step  120832 | stage_step=  38912 | Episodes: 10952
[MultiQuadEnv] Steps 1-20000 | pickups=3826 | deliveries=2205 | total_pickups=3826 | total_deliveries=2205
Step  131072 | stage_step=  49152 | Episodes: 11738
Eval @ 133120 | stage_step=  51200 | sr=100.00% | reward=2247.60 +/- 0.00 | pickups=2.00 deliveries=2.00 delivered_agents=2.00/2
Step  141312 | stage_step=  59392 | Episodes: 12511
Step  151552 | stage_step=  69632 | Episodes: 13260
Eval @ 157696 | stage_step=  75776 | sr=100.00% | reward=2247.60 +/- 0.00 | pickups=2.00 deliveries=2.00 delivered_agents=2.00/2
Early promotion from s2_wider_t_stem_fixed: 100.00% >= 85.00%
Restored best for s2_wider_t_stem_fixed: sr=100.00% | reward=2247.60

=== Stage 3/21: s3_wider_t_near_branch_fixed (fixed positions) ===
Stage: agents=2 obs=(36,) grid=(8, 9) starts=[(6, 4), (5, 4)] package=(2, 4) deliveries=[(1, 3), (1, 5)] lanes=12 rand_pkg=False rand_del=False dt=0.05 substeps=8 max_tilt=0.32
Step  161792 | stage_step=   4096 | Episodes: 14007
Step  172032 | stage_step=  14336 | Episodes: 14710
Step  180224 | stage_step=  22528 | Episodes: 15186
Eval @ 184320 | stage_step=  26624 | sr=0.00% | reward=261.20 +/- 0.00 | pickups=2.00 deliveries=0.00 delivered_agents=0.00/2
Step  190464 | stage_step=  32768 | Episodes: 15661
[MultiQuadEnv] Steps 1-20000 | pickups=3501 | deliveries=236 | total_pickups=3501 | total_deliveries=236
Step  200704 | stage_step=  43008 | Episodes: 16160
Eval @ 208896 | stage_step=  51200 | sr=0.00% | reward=261.20 +/- 0.00 | pickups=2.00 deliveries=0.00 delivered_agents=0.00/2
Step  210944 | stage_step=  53248 | Episodes: 16666
Step  221184 | stage_step=  63488 | Episodes: 17174
Step  231424 | stage_step=  73728 | Episodes: 17637
Eval @ 233472 | stage_step=  75776 | sr=0.00% | reward=261.20 +/- 0.00 | pickups=2.00 deliveries=0.00 delivered_agents=0.00/2
[MultiQuadEnv] Steps 20001-40000 | pickups=3052 | deliveries=425 | total_pickups=6553 | total_deliveries=661
Step  241664 | stage_step=  83968 | Episodes: 18165
Step  251904 | stage_step=  94208 | Episodes: 18604
Eval @ 258048 | stage_step= 100352 | sr=0.00% | reward=260.80 +/- 0.00 | pickups=2.00 deliveries=0.00 delivered_agents=0.00/2
Step  260096 | stage_step= 102400 | Episodes: 18929
Step  270336 | stage_step= 112640 | Episodes: 19432
[MultiQuadEnv] Steps 40001-60000 | pickups=2336 | deliveries=619 | total_pickups=8889 | total_deliveries=1280
Step  280576 | stage_step= 122880 | Episodes: 19939
Eval @ 284672 | stage_step= 126976 | sr=0.00% | reward=260.80 +/- 0.00 | pickups=2.00 deliveries=0.00 delivered_agents=0.00/2
Step  290816 | stage_step= 133120 | Episodes: 20377
Step  301056 | stage_step= 143360 | Episodes: 20736
Eval @ 309248 | stage_step= 151552 | sr=0.00% | reward=-1516.00 +/- 0.00 | pickups=2.00 deliveries=0.00 delivered_agents=0.00/2
Step  311296 | stage_step= 153600 | Episodes: 21190
[MultiQuadEnv] Steps 60001-80000 | pickups=2286 | deliveries=810 | total_pickups=11175 | total_deliveries=2090
Step  321536 | stage_step= 163840 | Episodes: 21590
Step  331776 | stage_step= 174080 | Episodes: 21996
Eval @ 333824 | stage_step= 176128 | sr=0.00% | reward=740.60 +/- 0.00 | pickups=2.00 deliveries=1.00 delivered_agents=1.00/2
Step  342016 | stage_step= 184320 | Episodes: 22409
Step  350208 | stage_step= 192512 | Episodes: 22742
[MultiQuadEnv] Steps 80001-100000 | pickups=2444 | deliveries=1037 | total_pickups=13619 | total_deliveries=3127
Eval @ 358400 | stage_step= 200704 | sr=0.00% | reward=-2470.00 +/- 0.00 | pickups=1.00 deliveries=0.00 delivered_agents=0.00/2
Step  360448 | stage_step= 202752 | Episodes: 23170
Step  370688 | stage_step= 212992 | Episodes: 23541
Step  380928 | stage_step= 223232 | Episodes: 23931
Eval @ 382976 | stage_step= 225280 | sr=0.00% | reward=-2470.00 +/- 0.00 | pickups=1.00 deliveries=0.00 delivered_agents=0.00/2
Step  391168 | stage_step= 233472 | Episodes: 24321
[MultiQuadEnv] Steps 100001-120000 | pickups=2350 | deliveries=1250 | total_pickups=15969 | total_deliveries=4377
Step  401408 | stage_step= 243712 | Episodes: 24763
Eval @ 409600 | stage_step= 251904 | sr=0.00% | reward=-1868.00 +/- 0.00 | pickups=2.00 deliveries=0.00 delivered_agents=0.00/2
Step  411648 | stage_step= 253952 | Episodes: 25153
Step  421888 | stage_step= 264192 | Episodes: 25493
Step  430080 | stage_step= 272384 | Episodes: 25766
Eval @ 434176 | stage_step= 276480 | sr=0.00% | reward=-2470.00 +/- 0.00 | pickups=1.00 deliveries=0.00 delivered_agents=0.00/2
[MultiQuadEnv] Steps 120001-140000 | pickups=2342 | deliveries=1479 | total_pickups=18311 | total_deliveries=5856
Step  440320 | stage_step= 282624 | Episodes: 26123
Step  450560 | stage_step= 292864 | Episodes: 26436
Eval @ 458752 | stage_step= 301056 | sr=0.00% | reward=-1868.00 +/- 0.00 | pickups=2.00 deliveries=0.00 delivered_agents=0.00/2
Step  460800 | stage_step= 303104 | Episodes: 26768
Step  471040 | stage_step= 313344 | Episodes: 27106
[MultiQuadEnv] Steps 140001-160000 | pickups=2282 | deliveries=1633 | total_pickups=20593 | total_deliveries=7489
Step  481280 | stage_step= 323584 | Episodes: 27459
Eval @ 483328 | stage_step= 325632 | sr=0.00% | reward=-1868.00 +/- 0.00 | pickups=2.00 deliveries=0.00 delivered_agents=0.00/2
Step  491520 | stage_step= 333824 | Episodes: 27800
Step  501760 | stage_step= 344064 | Episodes: 28158
Eval @ 507904 | stage_step= 350208 | sr=100.00% | reward=2279.00 +/- 0.00 | pickups=2.00 deliveries=2.00 delivered_agents=2.00/2
Early promotion from s3_wider_t_near_branch_fixed: 100.00% >= 75.00%
Restored best for s3_wider_t_near_branch_fixed: sr=100.00% | reward=2279.00

=== Stage 4/21: s4a_wider_t_mid_branch_fixed (fixed positions) ===
Stage: agents=2 obs=(36,) grid=(8, 9) starts=[(6, 4), (5, 4)] package=(3, 4) deliveries=[(1, 2), (1, 6)] lanes=12 rand_pkg=False rand_del=False dt=0.05 substeps=8 max_tilt=0.32
Step  512000 | stage_step=   4096 | Episodes: 28597
Step  520192 | stage_step=  12288 | Episodes: 29031
Step  530432 | stage_step=  22528 | Episodes: 29653
Eval @ 534528 | stage_step=  26624 | sr=0.00% | reward=275.20 +/- 0.00 | pickups=2.00 deliveries=0.00 delivered_agents=0.00/2
Step  540672 | stage_step=  32768 | Episodes: 30270
[MultiQuadEnv] Steps 1-20000 | pickups=3789 | deliveries=228 | total_pickups=3789 | total_deliveries=228
Step  550912 | stage_step=  43008 | Episodes: 30836
Eval @ 559104 | stage_step=  51200 | sr=0.00% | reward=275.25 +/- 0.00 | pickups=2.00 deliveries=0.00 delivered_agents=0.00/2
Step  561152 | stage_step=  53248 | Episodes: 31347
Step  571392 | stage_step=  63488 | Episodes: 31762
Step  581632 | stage_step=  73728 | Episodes: 32014
Eval @ 583680 | stage_step=  75776 | sr=0.00% | reward=20.85 +/- 0.00 | pickups=2.00 deliveries=1.00 delivered_agents=1.00/2
[MultiQuadEnv] Steps 20001-40000 | pickups=2584 | deliveries=409 | total_pickups=6373 | total_deliveries=637
Step  591872 | stage_step=  83968 | Episodes: 32216
Step  600064 | stage_step=  92160 | Episodes: 32292
Eval @ 608256 | stage_step= 100352 | sr=0.00% | reward=20.95 +/- 0.00 | pickups=2.00 deliveries=1.00 delivered_agents=1.00/2
Step  610304 | stage_step= 102400 | Episodes: 32412
Step  620544 | stage_step= 112640 | Episodes: 32490
[MultiQuadEnv] Steps 40001-60000 | pickups=784 | deliveries=225 | total_pickups=7157 | total_deliveries=862
Step  630784 | stage_step= 122880 | Episodes: 32558
Eval @ 634880 | stage_step= 126976 | sr=0.00% | reward=20.85 +/- 0.00 | pickups=2.00 deliveries=1.00 delivered_agents=1.00/2
Step  641024 | stage_step= 133120 | Episodes: 32613
Step  651264 | stage_step= 143360 | Episodes: 32674
Eval @ 659456 | stage_step= 151552 | sr=0.00% | reward=19.50 +/- 0.00 | pickups=2.00 deliveries=1.00 delivered_agents=1.00/2
Step  661504 | stage_step= 153600 | Episodes: 32733
[MultiQuadEnv] Steps 60001-80000 | pickups=479 | deliveries=141 | total_pickups=7636 | total_deliveries=1003
Step  671744 | stage_step= 163840 | Episodes: 32791
Step  681984 | stage_step= 174080 | Episodes: 32865
Eval @ 684032 | stage_step= 176128 | sr=0.00% | reward=19.50 +/- 0.00 | pickups=2.00 deliveries=1.00 delivered_agents=1.00/2
Step  690176 | stage_step= 182272 | Episodes: 32889
Step  700416 | stage_step= 192512 | Episodes: 32931
[MultiQuadEnv] Steps 80001-100000 | pickups=395 | deliveries=127 | total_pickups=8031 | total_deliveries=1130
Eval @ 708608 | stage_step= 200704 | sr=0.00% | reward=19.50 +/- 0.00 | pickups=2.00 deliveries=1.00 delivered_agents=1.00/2
Step  710656 | stage_step= 202752 | Episodes: 32974
Step  720896 | stage_step= 212992 | Episodes: 33028
Step  731136 | stage_step= 223232 | Episodes: 33074
Eval @ 733184 | stage_step= 225280 | sr=0.00% | reward=19.50 +/- 0.00 | pickups=2.00 deliveries=1.00 delivered_agents=1.00/2
Step  741376 | stage_step= 233472 | Episodes: 33108
[MultiQuadEnv] Steps 100001-120000 | pickups=345 | deliveries=122 | total_pickups=8376 | total_deliveries=1252
Step  751616 | stage_step= 243712 | Episodes: 33139
Eval @ 759808 | stage_step= 251904 | sr=0.00% | reward=19.50 +/- 0.00 | pickups=2.00 deliveries=1.00 delivered_agents=1.00/2
Step  761856 | stage_step= 253952 | Episodes: 33174
Step  770048 | stage_step= 262144 | Episodes: 33194
Step  780288 | stage_step= 272384 | Episodes: 33235
Eval @ 784384 | stage_step= 276480 | sr=0.00% | reward=19.50 +/- 0.00 | pickups=2.00 deliveries=1.00 delivered_agents=1.00/2
[MultiQuadEnv] Steps 120001-140000 | pickups=376 | deliveries=118 | total_pickups=8752 | total_deliveries=1370
Step  790528 | stage_step= 282624 | Episodes: 33400
Step  800768 | stage_step= 292864 | Episodes: 33692
Eval @ 808960 | stage_step= 301056 | sr=0.00% | reward=718.25 +/- 0.00 | pickups=2.00 deliveries=1.00 delivered_agents=1.00/2
Step  811008 | stage_step= 303104 | Episodes: 33942
Step  821248 | stage_step= 313344 | Episodes: 34197
[MultiQuadEnv] Steps 140001-160000 | pickups=2027 | deliveries=648 | total_pickups=10779 | total_deliveries=2018
Step  831488 | stage_step= 323584 | Episodes: 34439
Eval @ 833536 | stage_step= 325632 | sr=0.00% | reward=718.25 +/- 0.00 | pickups=2.00 deliveries=1.00 delivered_agents=1.00/2
Step  841728 | stage_step= 333824 | Episodes: 34701
Step  851968 | stage_step= 344064 | Episodes: 34960
Eval @ 858112 | stage_step= 350208 | sr=0.00% | reward=769.60 +/- 0.00 | pickups=2.00 deliveries=1.00 delivered_agents=1.00/2
Step  860160 | stage_step= 352256 | Episodes: 35172
[MultiQuadEnv] Steps 160001-180000 | pickups=1979 | deliveries=715 | total_pickups=12758 | total_deliveries=2733
Step  870400 | stage_step= 362496 | Episodes: 35446
Step  880640 | stage_step= 372736 | Episodes: 35724
Eval @ 884736 | stage_step= 376832 | sr=0.00% | reward=772.35 +/- 0.00 | pickups=2.00 deliveries=1.00 delivered_agents=1.00/2
Step  890880 | stage_step= 382976 | Episodes: 35983
Step  901120 | stage_step= 393216 | Episodes: 36261
[MultiQuadEnv] Steps 180001-200000 | pickups=2042 | deliveries=708 | total_pickups=14800 | total_deliveries=3441
Eval @ 909312 | stage_step= 401408 | sr=0.00% | reward=27.70 +/- 0.00 | pickups=2.00 deliveries=1.00 delivered_agents=1.00/2
Step  911360 | stage_step= 403456 | Episodes: 36581
Step  921600 | stage_step= 413696 | Episodes: 36863
Step  931840 | stage_step= 423936 | Episodes: 37155
Eval @ 933888 | stage_step= 425984 | sr=0.00% | reward=22.10 +/- 0.00 | pickups=2.00 deliveries=1.00 delivered_agents=1.00/2
Step  940032 | stage_step= 432128 | Episodes: 37335
[MultiQuadEnv] Steps 200001-220000 | pickups=1838 | deliveries=586 | total_pickups=16638 | total_deliveries=4027
Step  950272 | stage_step= 442368 | Episodes: 37562
Eval @ 958464 | stage_step= 450560 | sr=0.00% | reward=767.40 +/- 0.00 | pickups=2.00 deliveries=1.00 delivered_agents=1.00/2
Step  960512 | stage_step= 452608 | Episodes: 37872
Step  970752 | stage_step= 462848 | Episodes: 38182
Step  980992 | stage_step= 473088 | Episodes: 38520
Eval @ 983040 | stage_step= 475136 | sr=0.00% | reward=766.55 +/- 0.00 | pickups=2.00 deliveries=1.00 delivered_agents=1.00/2
[MultiQuadEnv] Steps 220001-240000 | pickups=2287 | deliveries=700 | total_pickups=18925 | total_deliveries=4727
Step  991232 | stage_step= 483328 | Episodes: 38837
Step 1001472 | stage_step= 493568 | Episodes: 39128
Eval @1009664 | stage_step= 501760 | sr=0.00% | reward=22.70 +/- 0.00 | pickups=2.00 deliveries=1.00 delivered_agents=1.00/2
Full budget used for s4a_wider_t_mid_branch_fixed. Best stage success=0.00%.
No successful checkpoint found for s4a_wider_t_mid_branch_fixed; restored pre-stage model.
Final eval | success_rate=100.00% | mean_reward=2279.00 +/- 0.00 | pickups=2.00 deliveries=2.00 | delivered_agents=2.00/2 

### DYNAMIC MAPPO SWEEP 7/20: quad_physics_mappo_v1_random_delivery_dynamic_slow_sweep_explore_seed23 ###

Using device: cuda (NVIDIA GeForce RTX 4090)
Initial Quad MAPPO: agents=2 obs=(36,) grid=(6, 5) starts=[(4, 2), (3, 2)] package=(2, 2) deliveries=[(1, 1), (1, 3)] lanes=6 rand_pkg=False rand_del=False dt=0.05 substeps=8 max_tilt=0.32

=== Stage 1/21: s1_short_t_fixed (fixed positions) ===
Stage: agents=2 obs=(36,) grid=(6, 5) starts=[(4, 2), (3, 2)] package=(2, 2) deliveries=[(1, 1), (1, 3)] lanes=6 rand_pkg=False rand_del=False dt=0.05 substeps=8 max_tilt=0.32
Step   10240 | stage_step=  10240 | Episodes:   939
Step   20480 | stage_step=  20480 | Episodes:  1985
Eval @  20480 | stage_step=  20480 | sr=0.00% | reward=126.80 +/- 0.00 | pickups=1.00 deliveries=0.00 delivered_agents=0.00/2
Step   30720 | stage_step=  30720 | Episodes:  2985
[MultiQuadEnv] Steps 1-20000 | pickups=2463 | deliveries=429 | total_pickups=2463 | total_deliveries=429
Step   40960 | stage_step=  40960 | Episodes:  3949
Eval @  40960 | stage_step=  40960 | sr=100.00% | reward=2296.20 +/- 0.00 | pickups=2.00 deliveries=2.00 delivered_agents=2.00/2
Step   51200 | stage_step=  51200 | Episodes:  4873
Step   61440 | stage_step=  61440 | Episodes:  5748
Eval @  61440 | stage_step=  61440 | sr=100.00% | reward=2296.80 +/- 0.00 | pickups=2.00 deliveries=2.00 delivered_agents=2.00/2
Early promotion from s1_short_t_fixed: 100.00% >= 90.00%
Restored best for s1_short_t_fixed: sr=100.00% | reward=2296.80

=== Stage 2/21: s2_wider_t_stem_fixed (fixed positions) ===
Stage: agents=2 obs=(36,) grid=(8, 9) starts=[(6, 4), (5, 4)] package=(3, 4) deliveries=[(2, 4), (1, 4)] lanes=12 rand_pkg=False rand_del=False dt=0.05 substeps=8 max_tilt=0.32
Step   71680 | stage_step=  10240 | Episodes:  6709
Step   81920 | stage_step=  20480 | Episodes:  7545
Eval @  88064 | stage_step=  26624 | sr=100.00% | reward=2247.40 +/- 0.00 | pickups=2.00 deliveries=2.00 delivered_agents=2.00/2
Step   90112 | stage_step=  28672 | Episodes:  8212
Step  100352 | stage_step=  38912 | Episodes:  8986
[MultiQuadEnv] Steps 1-20000 | pickups=3708 | deliveries=2244 | total_pickups=3708 | total_deliveries=2244
Step  110592 | stage_step=  49152 | Episodes:  9750
Eval @ 112640 | stage_step=  51200 | sr=100.00% | reward=2247.40 +/- 0.00 | pickups=2.00 deliveries=2.00 delivered_agents=2.00/2
Step  120832 | stage_step=  59392 | Episodes: 10457
Step  131072 | stage_step=  69632 | Episodes: 11152
Eval @ 137216 | stage_step=  75776 | sr=100.00% | reward=2247.40 +/- 0.00 | pickups=2.00 deliveries=2.00 delivered_agents=2.00/2
Early promotion from s2_wider_t_stem_fixed: 100.00% >= 85.00%
Restored best for s2_wider_t_stem_fixed: sr=100.00% | reward=2247.40

=== Stage 3/21: s3_wider_t_near_branch_fixed (fixed positions) ===
Stage: agents=2 obs=(36,) grid=(8, 9) starts=[(6, 4), (5, 4)] package=(2, 4) deliveries=[(1, 3), (1, 5)] lanes=12 rand_pkg=False rand_del=False dt=0.05 substeps=8 max_tilt=0.32
Step  141312 | stage_step=   4096 | Episodes: 11904
Step  151552 | stage_step=  14336 | Episodes: 12650
Step  161792 | stage_step=  24576 | Episodes: 13339
Eval @ 163840 | stage_step=  26624 | sr=0.00% | reward=261.20 +/- 0.00 | pickups=2.00 deliveries=0.00 delivered_agents=0.00/2
Step  172032 | stage_step=  34816 | Episodes: 14018
[MultiQuadEnv] Steps 1-20000 | pickups=3525 | deliveries=574 | total_pickups=3525 | total_deliveries=574
Step  180224 | stage_step=  43008 | Episodes: 14547
Eval @ 188416 | stage_step=  51200 | sr=0.00% | reward=777.00 +/- 0.00 | pickups=2.00 deliveries=1.00 delivered_agents=1.00/2
Step  190464 | stage_step=  53248 | Episodes: 15190
Step  200704 | stage_step=  63488 | Episodes: 15812
Step  210944 | stage_step=  73728 | Episodes: 16434
Eval @ 212992 | stage_step=  75776 | sr=100.00% | reward=2296.60 +/- 0.00 | pickups=2.00 deliveries=2.00 delivered_agents=2.00/2
Early promotion from s3_wider_t_near_branch_fixed: 100.00% >= 75.00%
Restored best for s3_wider_t_near_branch_fixed: sr=100.00% | reward=2296.60

=== Stage 4/21: s4a_wider_t_mid_branch_fixed (fixed positions) ===
Stage: agents=2 obs=(36,) grid=(8, 9) starts=[(6, 4), (5, 4)] package=(3, 4) deliveries=[(1, 2), (1, 6)] lanes=12 rand_pkg=False rand_del=False dt=0.05 substeps=8 max_tilt=0.32
Step  221184 | stage_step=   8192 | Episodes: 17162
Step  231424 | stage_step=  18432 | Episodes: 17829
Eval @ 239616 | stage_step=  26624 | sr=0.00% | reward=276.30 +/- 0.00 | pickups=2.00 deliveries=0.00 delivered_agents=0.00/2
Step  241664 | stage_step=  28672 | Episodes: 18430
Step  251904 | stage_step=  38912 | Episodes: 19024
[MultiQuadEnv] Steps 1-20000 | pickups=4111 | deliveries=245 | total_pickups=4111 | total_deliveries=245
Step  260096 | stage_step=  47104 | Episodes: 19495
Eval @ 264192 | stage_step=  51200 | sr=0.00% | reward=276.30 +/- 0.00 | pickups=2.00 deliveries=0.00 delivered_agents=0.00/2
Step  270336 | stage_step=  57344 | Episodes: 20104
Step  280576 | stage_step=  67584 | Episodes: 20669
Eval @ 288768 | stage_step=  75776 | sr=0.00% | reward=276.25 +/- 0.00 | pickups=2.00 deliveries=0.00 delivered_agents=0.00/2
Step  290816 | stage_step=  77824 | Episodes: 21258
[MultiQuadEnv] Steps 20001-40000 | pickups=3948 | deliveries=520 | total_pickups=8059 | total_deliveries=765
Step  301056 | stage_step=  88064 | Episodes: 21834
Step  311296 | stage_step=  98304 | Episodes: 22440
Eval @ 313344 | stage_step= 100352 | sr=0.00% | reward=276.30 +/- 0.00 | pickups=2.00 deliveries=0.00 delivered_agents=0.00/2
Step  321536 | stage_step= 108544 | Episodes: 23027
Step  331776 | stage_step= 118784 | Episodes: 23594
[MultiQuadEnv] Steps 40001-60000 | pickups=3948 | deliveries=735 | total_pickups=12007 | total_deliveries=1500
Eval @ 339968 | stage_step= 126976 | sr=0.00% | reward=276.25 +/- 0.00 | pickups=2.00 deliveries=0.00 delivered_agents=0.00/2
Step  342016 | stage_step= 129024 | Episodes: 24159
Step  350208 | stage_step= 137216 | Episodes: 24603
Step  360448 | stage_step= 147456 | Episodes: 25164
Eval @ 364544 | stage_step= 151552 | sr=100.00% | reward=2294.90 +/- 0.00 | pickups=2.00 deliveries=2.00 delivered_agents=2.00/2
Early promotion from s4a_wider_t_mid_branch_fixed: 100.00% >= 80.00%
Restored best for s4a_wider_t_mid_branch_fixed: sr=100.00% | reward=2294.90

=== Stage 5/21: s4b_wider_t_far_branch_fixed (fixed positions) ===
Stage: agents=2 obs=(36,) grid=(8, 9) starts=[(6, 4), (5, 4)] package=(3, 4) deliveries=[(1, 1), (1, 7)] lanes=12 rand_pkg=False rand_del=False dt=0.05 substeps=8 max_tilt=0.32
Step  370688 | stage_step=   6144 | Episodes: 25727
Step  380928 | stage_step=  16384 | Episodes: 26299
Step  391168 | stage_step=  26624 | Episodes: 26861
Eval @ 391168 | stage_step=  26624 | sr=100.00% | reward=2294.00 +/- 0.00 | pickups=2.00 deliveries=2.00 delivered_agents=2.00/2
Step  401408 | stage_step=  36864 | Episodes: 27405
[MultiQuadEnv] Steps 1-20000 | pickups=3740 | deliveries=808 | total_pickups=3740 | total_deliveries=808
Step  411648 | stage_step=  47104 | Episodes: 27919
Eval @ 415744 | stage_step=  51200 | sr=100.00% | reward=2294.30 +/- 0.00 | pickups=2.00 deliveries=2.00 delivered_agents=2.00/2
Step  421888 | stage_step=  57344 | Episodes: 28443
Step  430080 | stage_step=  65536 | Episodes: 28854
Step  440320 | stage_step=  75776 | Episodes: 29361
Eval @ 440320 | stage_step=  75776 | sr=100.00% | reward=2294.00 +/- 0.00 | pickups=2.00 deliveries=2.00 delivered_agents=2.00/2
Early promotion from s4b_wider_t_far_branch_fixed: 100.00% >= 80.00%
Restored best for s4b_wider_t_far_branch_fixed: sr=100.00% | reward=2294.30
Set actor_log_std=-0.20 for stage exploration

=== Stage 6/21: s5_wider_t_random_package (random package) ===
Stage: agents=2 obs=(36,) grid=(9, 11) starts=[(7, 5), (6, 5)] package=(2, 5) deliveries=[(1, 1), (1, 9)] lanes=15 rand_pkg=True rand_del=False dt=0.05 substeps=8 max_tilt=0.32
Step  450560 | stage_step=  10240 | Episodes: 30293
Step  460800 | stage_step=  20480 | Episodes: 31186
Step  471040 | stage_step=  30720 | Episodes: 32010
Eval @ 471040 | stage_step=  30720 | sr=0.00% | reward=134.54 +/- 82.36 | pickups=1.25 deliveries=0.00 delivered_agents=0.00/2
[MultiQuadEnv] Steps 1-20000 | pickups=1862 | deliveries=4 | total_pickups=1862 | total_deliveries=4
Step  481280 | stage_step=  40960 | Episodes: 32967
Step  491520 | stage_step=  51200 | Episodes: 33928
Step  501760 | stage_step=  61440 | Episodes: 34838
Eval @ 501760 | stage_step=  61440 | sr=0.00% | reward=449.61 +/- 235.62 | pickups=2.00 deliveries=0.35 delivered_agents=0.35/2
Step  512000 | stage_step=  71680 | Episodes: 35513
Step  520192 | stage_step=  79872 | Episodes: 36102
[MultiQuadEnv] Steps 20001-40000 | pickups=2287 | deliveries=8 | total_pickups=4149 | total_deliveries=12
Step  530432 | stage_step=  90112 | Episodes: 36836
Eval @ 530432 | stage_step=  90112 | sr=0.00% | reward=200.76 +/- 93.05 | pickups=1.60 deliveries=0.00 delivered_agents=0.00/2
Step  540672 | stage_step= 100352 | Episodes: 37620
Step  550912 | stage_step= 110592 | Episodes: 38358
[MultiQuadEnv] Steps 40001-60000 | pickups=2854 | deliveries=11 | total_pickups=7003 | total_deliveries=23
Step  561152 | stage_step= 120832 | Episodes: 39116
Eval @ 561152 | stage_step= 120832 | sr=0.00% | reward=276.54 +/- 0.26 | pickups=2.00 deliveries=0.00 delivered_agents=0.00/2
Step  571392 | stage_step= 131072 | Episodes: 39851
Step  581632 | stage_step= 141312 | Episodes: 40551
Step  591872 | stage_step= 151552 | Episodes: 41242
Eval @ 591872 | stage_step= 151552 | sr=0.00% | reward=104.17 +/- 156.40 | pickups=1.20 deliveries=0.15 delivered_agents=0.15/2
Step  600064 | stage_step= 159744 | Episodes: 41759
[MultiQuadEnv] Steps 60001-80000 | pickups=3297 | deliveries=44 | total_pickups=10300 | total_deliveries=67
Step  610304 | stage_step= 169984 | Episodes: 42422
Step  620544 | stage_step= 180224 | Episodes: 43034
Eval @ 620544 | stage_step= 180224 | sr=0.00% | reward=153.25 +/- 168.12 | pickups=2.00 deliveries=0.35 delivered_agents=0.35/2
Step  630784 | stage_step= 190464 | Episodes: 43633
[MultiQuadEnv] Steps 80001-100000 | pickups=3369 | deliveries=90 | total_pickups=13669 | total_deliveries=157
Step  641024 | stage_step= 200704 | Episodes: 44199
Step  651264 | stage_step= 210944 | Episodes: 44712
Eval @ 651264 | stage_step= 210944 | sr=0.00% | reward=151.96 +/- 169.88 | pickups=2.00 deliveries=0.35 delivered_agents=0.35/2
Step  661504 | stage_step= 221184 | Episodes: 45200
Step  671744 | stage_step= 231424 | Episodes: 45686
[MultiQuadEnv] Steps 100001-120000 | pickups=3026 | deliveries=164 | total_pickups=16695 | total_deliveries=321
Step  681984 | stage_step= 241664 | Episodes: 46132
Eval @ 681984 | stage_step= 241664 | sr=0.00% | reward=153.79 +/- 167.37 | pickups=2.00 deliveries=0.35 delivered_agents=0.35/2
Step  690176 | stage_step= 249856 | Episodes: 46518
Step  700416 | stage_step= 260096 | Episodes: 46985
Step  710656 | stage_step= 270336 | Episodes: 47421
Eval @ 710656 | stage_step= 270336 | sr=0.00% | reward=12.34 +/- 152.94 | pickups=2.00 deliveries=0.75 delivered_agents=0.75/2
[MultiQuadEnv] Steps 120001-140000 | pickups=2863 | deliveries=220 | total_pickups=19558 | total_deliveries=541
Step  720896 | stage_step= 280576 | Episodes: 47871
Step  731136 | stage_step= 290816 | Episodes: 48247
Step  741376 | stage_step= 301056 | Episodes: 48631
Eval @ 741376 | stage_step= 301056 | sr=0.00% | reward=10.91 +/- 153.75 | pickups=2.00 deliveries=0.75 delivered_agents=0.75/2
Step  751616 | stage_step= 311296 | Episodes: 48971
[MultiQuadEnv] Steps 140001-160000 | pickups=2390 | deliveries=285 | total_pickups=21948 | total_deliveries=826
Step  761856 | stage_step= 321536 | Episodes: 49312
Step  770048 | stage_step= 329728 | Episodes: 49606
Eval @ 772096 | stage_step= 331776 | sr=0.00% | reward=11.12 +/- 153.37 | pickups=2.00 deliveries=0.75 delivered_agents=0.75/2
Step  780288 | stage_step= 339968 | Episodes: 49960
Step  790528 | stage_step= 350208 | Episodes: 50265
[MultiQuadEnv] Steps 160001-180000 | pickups=2259 | deliveries=261 | total_pickups=24207 | total_deliveries=1087
Step  800768 | stage_step= 360448 | Episodes: 50574
Eval @ 800768 | stage_step= 360448 | sr=0.00% | reward=9.89 +/- 154.09 | pickups=2.00 deliveries=0.75 delivered_agents=0.75/2
Step  811008 | stage_step= 370688 | Episodes: 50864
Step  821248 | stage_step= 380928 | Episodes: 51125
Step  831488 | stage_step= 391168 | Episodes: 51435
Eval @ 831488 | stage_step= 391168 | sr=0.00% | reward=-42.37 +/- 106.52 | pickups=2.00 deliveries=0.90 delivered_agents=0.90/2
[MultiQuadEnv] Steps 180001-200000 | pickups=2124 | deliveries=313 | total_pickups=26331 | total_deliveries=1400
Step  841728 | stage_step= 401408 | Episodes: 51789
Step  851968 | stage_step= 411648 | Episodes: 52065
Step  860160 | stage_step= 419840 | Episodes: 52301
Eval @ 862208 | stage_step= 421888 | sr=0.00% | reward=-41.89 +/- 106.50 | pickups=2.00 deliveries=0.90 delivered_agents=0.90/2
Step  870400 | stage_step= 430080 | Episodes: 52563
[MultiQuadEnv] Steps 200001-220000 | pickups=2010 | deliveries=346 | total_pickups=28341 | total_deliveries=1746
Step  880640 | stage_step= 440320 | Episodes: 52823
Step  890880 | stage_step= 450560 | Episodes: 53120
Eval @ 890880 | stage_step= 450560 | sr=0.00% | reward=-41.93 +/- 106.38 | pickups=2.00 deliveries=0.90 delivered_agents=0.90/2
Step  901120 | stage_step= 460800 | Episodes: 53456
Step  911360 | stage_step= 471040 | Episodes: 53766
[MultiQuadEnv] Steps 220001-240000 | pickups=2275 | deliveries=435 | total_pickups=30616 | total_deliveries=2181
Step  921600 | stage_step= 481280 | Episodes: 54102
Eval @ 921600 | stage_step= 481280 | sr=0.00% | reward=-42.56 +/- 106.59 | pickups=2.00 deliveries=0.90 delivered_agents=0.90/2
Step  931840 | stage_step= 491520 | Episodes: 54420
Step  940032 | stage_step= 499712 | Episodes: 54695
Step  950272 | stage_step= 509952 | Episodes: 54968
Eval @ 952320 | stage_step= 512000 | sr=0.00% | reward=-41.42 +/- 106.21 | pickups=2.00 deliveries=0.90 delivered_agents=0.90/2
[MultiQuadEnv] Steps 240001-260000 | pickups=2258 | deliveries=512 | total_pickups=32874 | total_deliveries=2693
Step  960512 | stage_step= 520192 | Episodes: 55280
Step  970752 | stage_step= 530432 | Episodes: 55599
Step  980992 | stage_step= 540672 | Episodes: 55942
Eval @ 980992 | stage_step= 540672 | sr=0.00% | reward=-78.68 +/- 0.30 | pickups=2.00 deliveries=1.00 delivered_agents=1.00/2
Step  991232 | stage_step= 550912 | Episodes: 56255
[MultiQuadEnv] Steps 260001-280000 | pickups=2356 | deliveries=697 | total_pickups=35230 | total_deliveries=3390
Step 1001472 | stage_step= 561152 | Episodes: 56573
Step 1011712 | stage_step= 571392 | Episodes: 56863
Eval @1011712 | stage_step= 571392 | sr=0.00% | reward=-78.68 +/- 0.30 | pickups=2.00 deliveries=1.00 delivered_agents=1.00/2
Step 1021952 | stage_step= 581632 | Episodes: 57154
Step 1030144 | stage_step= 589824 | Episodes: 57372
[MultiQuadEnv] Steps 280001-300000 | pickups=2025 | deliveries=678 | total_pickups=37255 | total_deliveries=4068
Step 1040384 | stage_step= 600064 | Episodes: 57610
Eval @1040384 | stage_step= 600064 | sr=0.00% | reward=-75.84 +/- 0.87 | pickups=2.00 deliveries=1.00 delivered_agents=1.00/2
Step 1050624 | stage_step= 610304 | Episodes: 57867
Step 1060864 | stage_step= 620544 | Episodes: 58142
Step 1071104 | stage_step= 630784 | Episodes: 58386
Eval @1071104 | stage_step= 630784 | sr=0.00% | reward=-77.04 +/- 0.10 | pickups=2.00 deliveries=1.00 delivered_agents=1.00/2
[MultiQuadEnv] Steps 300001-320000 | pickups=1829 | deliveries=633 | total_pickups=39084 | total_deliveries=4701
Step 1081344 | stage_step= 641024 | Episodes: 58615
Step 1091584 | stage_step= 651264 | Episodes: 58920
Step 1101824 | stage_step= 661504 | Episodes: 59206
Eval @1101824 | stage_step= 661504 | sr=0.00% | reward=49.39 +/- 302.78 | pickups=2.00 deliveries=1.00 delivered_agents=1.00/2
Step 1110016 | stage_step= 669696 | Episodes: 59404
Step 1120256 | stage_step= 679936 | Episodes: 59686
[MultiQuadEnv] Steps 320001-340000 | pickups=2074 | deliveries=704 | total_pickups=41158 | total_deliveries=5405
Step 1130496 | stage_step= 690176 | Episodes: 59943
Eval @1130496 | stage_step= 690176 | sr=0.00% | reward=219.14 +/- 404.15 | pickups=2.00 deliveries=1.00 delivered_agents=1.00/2
Step 1140736 | stage_step= 700416 | Episodes: 60232
Step 1150976 | stage_step= 710656 | Episodes: 60500
[MultiQuadEnv] Steps 340001-360000 | pickups=2026 | deliveries=709 | total_pickups=43184 | total_deliveries=6114
Step 1161216 | stage_step= 720896 | Episodes: 60768
Eval @1161216 | stage_step= 720896 | sr=0.00% | reward=769.68 +/- 0.46 | pickups=2.00 deliveries=1.00 delivered_agents=1.00/2
Step 1171456 | stage_step= 731136 | Episodes: 61035
Step 1181696 | stage_step= 741376 | Episodes: 61302
Step 1191936 | stage_step= 751616 | Episodes: 61594
Eval @1191936 | stage_step= 751616 | sr=0.00% | reward=770.46 +/- 0.24 | pickups=2.00 deliveries=1.00 delivered_agents=1.00/2
Step 1200128 | stage_step= 759808 | Episodes: 61805
[MultiQuadEnv] Steps 360001-380000 | pickups=2013 | deliveries=727 | total_pickups=45197 | total_deliveries=6841
Step 1210368 | stage_step= 770048 | Episodes: 62052
Step 1220608 | stage_step= 780288 | Episodes: 62300
Eval @1220608 | stage_step= 780288 | sr=0.00% | reward=-78.09 +/- 0.90 | pickups=2.00 deliveries=1.00 delivered_agents=1.00/2
Step 1230848 | stage_step= 790528 | Episodes: 62546
[MultiQuadEnv] Steps 380001-400000 | pickups=1871 | deliveries=701 | total_pickups=47068 | total_deliveries=7542
Step 1241088 | stage_step= 800768 | Episodes: 62811
Eval @1241088 | stage_step= 800768 | sr=0.00% | reward=431.32 +/- 415.16 | pickups=2.00 deliveries=1.00 delivered_agents=1.00/2
Full budget used for s5_wider_t_random_package. Best stage success=0.00%.
No successful checkpoint found for s5_wider_t_random_package; restored pre-stage model.
Final eval | success_rate=100.00% | mean_reward=2294.30 +/- 0.00 | pickups=2.00 deliveries=2.00 | delivered_agents=2.00/2 

### DYNAMIC MAPPO SWEEP 8/20: quad_physics_mappo_v1_random_delivery_dynamic_slow_sweep_explore_seed41 ###

Using device: cuda (NVIDIA GeForce RTX 4090)
Initial Quad MAPPO: agents=2 obs=(36,) grid=(6, 5) starts=[(4, 2), (3, 2)] package=(2, 2) deliveries=[(1, 1), (1, 3)] lanes=6 rand_pkg=False rand_del=False dt=0.05 substeps=8 max_tilt=0.32

=== Stage 1/21: s1_short_t_fixed (fixed positions) ===
Stage: agents=2 obs=(36,) grid=(6, 5) starts=[(4, 2), (3, 2)] package=(2, 2) deliveries=[(1, 1), (1, 3)] lanes=6 rand_pkg=False rand_del=False dt=0.05 substeps=8 max_tilt=0.32
Step   10240 | stage_step=  10240 | Episodes:  1003
Step   20480 | stage_step=  20480 | Episodes:  2033
Eval @  20480 | stage_step=  20480 | sr=0.00% | reward=127.20 +/- 0.00 | pickups=1.00 deliveries=0.00 delivered_agents=0.00/2
Step   30720 | stage_step=  30720 | Episodes:  3052
[MultiQuadEnv] Steps 1-20000 | pickups=2581 | deliveries=393 | total_pickups=2581 | total_deliveries=393
Step   40960 | stage_step=  40960 | Episodes:  4083
Eval @  40960 | stage_step=  40960 | sr=0.00% | reward=128.00 +/- 0.00 | pickups=1.00 deliveries=0.00 delivered_agents=0.00/2
Step   51200 | stage_step=  51200 | Episodes:  5123
Step   61440 | stage_step=  61440 | Episodes:  6169
Eval @  61440 | stage_step=  61440 | sr=0.00% | reward=278.00 +/- 0.00 | pickups=2.00 deliveries=0.00 delivered_agents=0.00/2
Step   71680 | stage_step=  71680 | Episodes:  7212
[MultiQuadEnv] Steps 20001-40000 | pickups=4562 | deliveries=1115 | total_pickups=7143 | total_deliveries=1508
Step   81920 | stage_step=  81920 | Episodes:  8266
Eval @  81920 | stage_step=  81920 | sr=0.00% | reward=777.80 +/- 0.00 | pickups=2.00 deliveries=1.00 delivered_agents=1.00/2
Step   90112 | stage_step=  90112 | Episodes:  9084
Step  100352 | stage_step= 100352 | Episodes: 10087
Eval @ 100352 | stage_step= 100352 | sr=0.00% | reward=778.00 +/- 0.00 | pickups=2.00 deliveries=1.00 delivered_agents=1.00/2
Step  110592 | stage_step= 110592 | Episodes: 11098
[MultiQuadEnv] Steps 40001-60000 | pickups=5202 | deliveries=1565 | total_pickups=12345 | total_deliveries=3073
Step  120832 | stage_step= 120832 | Episodes: 12113
Eval @ 120832 | stage_step= 120832 | sr=0.00% | reward=778.00 +/- 0.00 | pickups=2.00 deliveries=1.00 delivered_agents=1.00/2
Step  131072 | stage_step= 131072 | Episodes: 13092
Step  141312 | stage_step= 141312 | Episodes: 14055
Eval @ 141312 | stage_step= 141312 | sr=0.00% | reward=778.00 +/- 0.00 | pickups=2.00 deliveries=1.00 delivered_agents=1.00/2
Step  151552 | stage_step= 151552 | Episodes: 15057
[MultiQuadEnv] Steps 60001-80000 | pickups=5426 | deliveries=2002 | total_pickups=17771 | total_deliveries=5075
Step  161792 | stage_step= 161792 | Episodes: 16016
Eval @ 161792 | stage_step= 161792 | sr=100.00% | reward=2298.00 +/- 0.00 | pickups=2.00 deliveries=2.00 delivered_agents=2.00/2
Early promotion from s1_short_t_fixed: 100.00% >= 90.00%
Restored best for s1_short_t_fixed: sr=100.00% | reward=2298.00

=== Stage 2/21: s2_wider_t_stem_fixed (fixed positions) ===
Stage: agents=2 obs=(36,) grid=(8, 9) starts=[(6, 4), (5, 4)] package=(3, 4) deliveries=[(2, 4), (1, 4)] lanes=12 rand_pkg=False rand_del=False dt=0.05 substeps=8 max_tilt=0.32
Step  172032 | stage_step=  10240 | Episodes: 17014
Step  180224 | stage_step=  18432 | Episodes: 17709
Eval @ 188416 | stage_step=  26624 | sr=100.00% | reward=2247.60 +/- 0.00 | pickups=2.00 deliveries=2.00 delivered_agents=2.00/2
Step  190464 | stage_step=  28672 | Episodes: 18551
Step  200704 | stage_step=  38912 | Episodes: 19355
[MultiQuadEnv] Steps 1-20000 | pickups=3987 | deliveries=1813 | total_pickups=3987 | total_deliveries=1813
Step  210944 | stage_step=  49152 | Episodes: 20148
Eval @ 212992 | stage_step=  51200 | sr=100.00% | reward=2247.60 +/- 0.00 | pickups=2.00 deliveries=2.00 delivered_agents=2.00/2
Step  221184 | stage_step=  59392 | Episodes: 20956
Step  231424 | stage_step=  69632 | Episodes: 21747
Eval @ 237568 | stage_step=  75776 | sr=100.00% | reward=2247.60 +/- 0.00 | pickups=2.00 deliveries=2.00 delivered_agents=2.00/2
Early promotion from s2_wider_t_stem_fixed: 100.00% >= 85.00%
Restored best for s2_wider_t_stem_fixed: sr=100.00% | reward=2247.60

=== Stage 3/21: s3_wider_t_near_branch_fixed (fixed positions) ===
Stage: agents=2 obs=(36,) grid=(8, 9) starts=[(6, 4), (5, 4)] package=(2, 4) deliveries=[(1, 3), (1, 5)] lanes=12 rand_pkg=False rand_del=False dt=0.05 substeps=8 max_tilt=0.32
Step  241664 | stage_step=   4096 | Episodes: 22530
Step  251904 | stage_step=  14336 | Episodes: 23303
Step  260096 | stage_step=  22528 | Episodes: 23894
Eval @ 264192 | stage_step=  26624 | sr=0.00% | reward=257.20 +/- 0.00 | pickups=2.00 deliveries=0.00 delivered_agents=0.00/2
Step  270336 | stage_step=  32768 | Episodes: 24636
[MultiQuadEnv] Steps 1-20000 | pickups=3378 | deliveries=503 | total_pickups=3378 | total_deliveries=503
Step  280576 | stage_step=  43008 | Episodes: 25331
Eval @ 288768 | stage_step=  51200 | sr=0.00% | reward=257.20 +/- 0.00 | pickups=2.00 deliveries=0.00 delivered_agents=0.00/2
Step  290816 | stage_step=  53248 | Episodes: 26020
Step  301056 | stage_step=  63488 | Episodes: 26717
Step  311296 | stage_step=  73728 | Episodes: 27386
Eval @ 313344 | stage_step=  75776 | sr=0.00% | reward=257.20 +/- 0.00 | pickups=2.00 deliveries=0.00 delivered_agents=0.00/2
[MultiQuadEnv] Steps 20001-40000 | pickups=3639 | deliveries=662 | total_pickups=7017 | total_deliveries=1165
Step  321536 | stage_step=  83968 | Episodes: 28012
Step  331776 | stage_step=  94208 | Episodes: 28634
Eval @ 337920 | stage_step= 100352 | sr=0.00% | reward=760.00 +/- 0.00 | pickups=2.00 deliveries=1.00 delivered_agents=1.00/2
Step  342016 | stage_step= 104448 | Episodes: 29262
Step  350208 | stage_step= 112640 | Episodes: 29768
[MultiQuadEnv] Steps 40001-60000 | pickups=3638 | deliveries=750 | total_pickups=10655 | total_deliveries=1915
Step  360448 | stage_step= 122880 | Episodes: 30423
Eval @ 364544 | stage_step= 126976 | sr=0.00% | reward=760.00 +/- 0.00 | pickups=2.00 deliveries=1.00 delivered_agents=1.00/2
Step  370688 | stage_step= 133120 | Episodes: 31042
Step  380928 | stage_step= 143360 | Episodes: 31688
Eval @ 389120 | stage_step= 151552 | sr=0.00% | reward=760.00 +/- 0.00 | pickups=2.00 deliveries=1.00 delivered_agents=1.00/2
Step  391168 | stage_step= 153600 | Episodes: 32320
[MultiQuadEnv] Steps 60001-80000 | pickups=3659 | deliveries=932 | total_pickups=14314 | total_deliveries=2847
Step  401408 | stage_step= 163840 | Episodes: 32947
Step  411648 | stage_step= 174080 | Episodes: 33600
Eval @ 413696 | stage_step= 176128 | sr=0.00% | reward=760.00 +/- 0.00 | pickups=2.00 deliveries=1.00 delivered_agents=1.00/2
Step  421888 | stage_step= 184320 | Episodes: 34239
Step  430080 | stage_step= 192512 | Episodes: 34760
[MultiQuadEnv] Steps 80001-100000 | pickups=3816 | deliveries=1083 | total_pickups=18130 | total_deliveries=3930
Eval @ 438272 | stage_step= 200704 | sr=0.00% | reward=627.40 +/- 0.00 | pickups=1.00 deliveries=1.00 delivered_agents=1.00/2
Step  440320 | stage_step= 202752 | Episodes: 35419
Step  450560 | stage_step= 212992 | Episodes: 36080
Step  460800 | stage_step= 223232 | Episodes: 36751
Eval @ 462848 | stage_step= 225280 | sr=0.00% | reward=760.00 +/- 0.00 | pickups=2.00 deliveries=1.00 delivered_agents=1.00/2
Step  471040 | stage_step= 233472 | Episodes: 37402
[MultiQuadEnv] Steps 100001-120000 | pickups=3875 | deliveries=1214 | total_pickups=22005 | total_deliveries=5144
Step  481280 | stage_step= 243712 | Episodes: 38074
Eval @ 489472 | stage_step= 251904 | sr=0.00% | reward=760.00 +/- 0.00 | pickups=2.00 deliveries=1.00 delivered_agents=1.00/2
Step  491520 | stage_step= 253952 | Episodes: 38723
Step  501760 | stage_step= 264192 | Episodes: 39352
Step  512000 | stage_step= 274432 | Episodes: 39956
Eval @ 514048 | stage_step= 276480 | sr=0.00% | reward=760.00 +/- 0.00 | pickups=2.00 deliveries=1.00 delivered_agents=1.00/2
[MultiQuadEnv] Steps 120001-140000 | pickups=3798 | deliveries=1261 | total_pickups=25803 | total_deliveries=6405
Step  520192 | stage_step= 282624 | Episodes: 40453
Step  530432 | stage_step= 292864 | Episodes: 41075
Eval @ 538624 | stage_step= 301056 | sr=0.00% | reward=760.00 +/- 0.00 | pickups=2.00 deliveries=1.00 delivered_agents=1.00/2
Step  540672 | stage_step= 303104 | Episodes: 41681
Step  550912 | stage_step= 313344 | Episodes: 42313
[MultiQuadEnv] Steps 140001-160000 | pickups=3902 | deliveries=1260 | total_pickups=29705 | total_deliveries=7665
Step  561152 | stage_step= 323584 | Episodes: 42935
Eval @ 563200 | stage_step= 325632 | sr=0.00% | reward=760.00 +/- 0.00 | pickups=2.00 deliveries=1.00 delivered_agents=1.00/2
Step  571392 | stage_step= 333824 | Episodes: 43560
Step  581632 | stage_step= 344064 | Episodes: 44187
Eval @ 587776 | stage_step= 350208 | sr=0.00% | reward=760.00 +/- 0.00 | pickups=2.00 deliveries=1.00 delivered_agents=1.00/2
Step  591872 | stage_step= 354304 | Episodes: 44812
[MultiQuadEnv] Steps 160001-180000 | pickups=3870 | deliveries=1384 | total_pickups=33575 | total_deliveries=9049
Step  600064 | stage_step= 362496 | Episodes: 45318
Step  610304 | stage_step= 372736 | Episodes: 45954
Eval @ 614400 | stage_step= 376832 | sr=100.00% | reward=2280.20 +/- 0.00 | pickups=2.00 deliveries=2.00 delivered_agents=2.00/2
Early promotion from s3_wider_t_near_branch_fixed: 100.00% >= 75.00%
Restored best for s3_wider_t_near_branch_fixed: sr=100.00% | reward=2280.20

=== Stage 4/21: s4a_wider_t_mid_branch_fixed (fixed positions) ===
Stage: agents=2 obs=(36,) grid=(8, 9) starts=[(6, 4), (5, 4)] package=(3, 4) deliveries=[(1, 2), (1, 6)] lanes=12 rand_pkg=False rand_del=False dt=0.05 substeps=8 max_tilt=0.32
Step  620544 | stage_step=   6144 | Episodes: 46658
Step  630784 | stage_step=  16384 | Episodes: 47392
Step  641024 | stage_step=  26624 | Episodes: 48124
Eval @ 641024 | stage_step=  26624 | sr=0.00% | reward=256.80 +/- 0.00 | pickups=2.00 deliveries=0.00 delivered_agents=0.00/2
Step  651264 | stage_step=  36864 | Episodes: 48882
[MultiQuadEnv] Steps 1-20000 | pickups=5090 | deliveries=3 | total_pickups=5090 | total_deliveries=3
Step  661504 | stage_step=  47104 | Episodes: 49671
Eval @ 665600 | stage_step=  51200 | sr=0.00% | reward=277.25 +/- 0.00 | pickups=2.00 deliveries=0.00 delivered_agents=0.00/2
Step  671744 | stage_step=  57344 | Episodes: 50454
Step  681984 | stage_step=  67584 | Episodes: 51215
Step  690176 | stage_step=  75776 | Episodes: 51808
Eval @ 690176 | stage_step=  75776 | sr=0.00% | reward=276.85 +/- 0.00 | pickups=2.00 deliveries=0.00 delivered_agents=0.00/2
[MultiQuadEnv] Steps 20001-40000 | pickups=5705 | deliveries=0 | total_pickups=10795 | total_deliveries=3
Step  700416 | stage_step=  86016 | Episodes: 52555
Step  710656 | stage_step=  96256 | Episodes: 53320
Eval @ 714752 | stage_step= 100352 | sr=0.00% | reward=277.25 +/- 0.00 | pickups=2.00 deliveries=0.00 delivered_agents=0.00/2
Step  720896 | stage_step= 106496 | Episodes: 54092
Step  731136 | stage_step= 116736 | Episodes: 54866
[MultiQuadEnv] Steps 40001-60000 | pickups=5922 | deliveries=0 | total_pickups=16717 | total_deliveries=3
Step  741376 | stage_step= 126976 | Episodes: 55638
Eval @ 741376 | stage_step= 126976 | sr=0.00% | reward=276.85 +/- 0.00 | pickups=2.00 deliveries=0.00 delivered_agents=0.00/2
Step  751616 | stage_step= 137216 | Episodes: 56403
Step  761856 | stage_step= 147456 | Episodes: 57164
Eval @ 765952 | stage_step= 151552 | sr=0.00% | reward=277.25 +/- 0.00 | pickups=2.00 deliveries=0.00 delivered_agents=0.00/2
Step  770048 | stage_step= 155648 | Episodes: 57775
[MultiQuadEnv] Steps 60001-80000 | pickups=5902 | deliveries=1 | total_pickups=22619 | total_deliveries=4
Step  780288 | stage_step= 165888 | Episodes: 58552
Step  790528 | stage_step= 176128 | Episodes: 59337
Eval @ 790528 | stage_step= 176128 | sr=0.00% | reward=277.25 +/- 0.00 | pickups=2.00 deliveries=0.00 delivered_agents=0.00/2
Step  800768 | stage_step= 186368 | Episodes: 60108
Step  811008 | stage_step= 196608 | Episodes: 60885
[MultiQuadEnv] Steps 80001-100000 | pickups=6035 | deliveries=0 | total_pickups=28654 | total_deliveries=4
Eval @ 815104 | stage_step= 200704 | sr=0.00% | reward=277.25 +/- 0.00 | pickups=2.00 deliveries=0.00 delivered_agents=0.00/2
Step  821248 | stage_step= 206848 | Episodes: 61672
Step  831488 | stage_step= 217088 | Episodes: 62457
Eval @ 839680 | stage_step= 225280 | sr=0.00% | reward=277.25 +/- 0.00 | pickups=2.00 deliveries=0.00 delivered_agents=0.00/2
Step  841728 | stage_step= 227328 | Episodes: 63237
Step  851968 | stage_step= 237568 | Episodes: 64021
[MultiQuadEnv] Steps 100001-120000 | pickups=6079 | deliveries=0 | total_pickups=34733 | total_deliveries=4
Step  860160 | stage_step= 245760 | Episodes: 64643
Eval @ 866304 | stage_step= 251904 | sr=0.00% | reward=277.25 +/- 0.00 | pickups=2.00 deliveries=0.00 delivered_agents=0.00/2
Step  870400 | stage_step= 256000 | Episodes: 65423
Step  880640 | stage_step= 266240 | Episodes: 66208
Step  890880 | stage_step= 276480 | Episodes: 66999
Eval @ 890880 | stage_step= 276480 | sr=0.00% | reward=277.25 +/- 0.00 | pickups=2.00 deliveries=0.00 delivered_agents=0.00/2
[MultiQuadEnv] Steps 120001-140000 | pickups=6091 | deliveries=0 | total_pickups=40824 | total_deliveries=4
Step  901120 | stage_step= 286720 | Episodes: 67786
Step  911360 | stage_step= 296960 | Episodes: 68582
Eval @ 915456 | stage_step= 301056 | sr=0.00% | reward=277.25 +/- 0.00 | pickups=2.00 deliveries=0.00 delivered_agents=0.00/2
Step  921600 | stage_step= 307200 | Episodes: 69386
Step  931840 | stage_step= 317440 | Episodes: 70199
[MultiQuadEnv] Steps 140001-160000 | pickups=6224 | deliveries=0 | total_pickups=47048 | total_deliveries=4
Step  940032 | stage_step= 325632 | Episodes: 70843
Eval @ 940032 | stage_step= 325632 | sr=0.00% | reward=277.25 +/- 0.00 | pickups=2.00 deliveries=0.00 delivered_agents=0.00/2
Step  950272 | stage_step= 335872 | Episodes: 71623
Step  960512 | stage_step= 346112 | Episodes: 72401
Eval @ 964608 | stage_step= 350208 | sr=0.00% | reward=277.25 +/- 0.00 | pickups=2.00 deliveries=0.00 delivered_agents=0.00/2
Step  970752 | stage_step= 356352 | Episodes: 73188
[MultiQuadEnv] Steps 160001-180000 | pickups=6123 | deliveries=0 | total_pickups=53171 | total_deliveries=4
Step  980992 | stage_step= 366592 | Episodes: 73971
Step  991232 | stage_step= 376832 | Episodes: 74757
Eval @ 991232 | stage_step= 376832 | sr=0.00% | reward=277.25 +/- 0.00 | pickups=2.00 deliveries=0.00 delivered_agents=0.00/2
Step 1001472 | stage_step= 387072 | Episodes: 75549
Step 1011712 | stage_step= 397312 | Episodes: 76348
[MultiQuadEnv] Steps 180001-200000 | pickups=6157 | deliveries=0 | total_pickups=59328 | total_deliveries=4
Eval @1015808 | stage_step= 401408 | sr=0.00% | reward=277.25 +/- 0.00 | pickups=2.00 deliveries=0.00 delivered_agents=0.00/2
Step 1021952 | stage_step= 407552 | Episodes: 77127
Step 1030144 | stage_step= 415744 | Episodes: 77742
Step 1040384 | stage_step= 425984 | Episodes: 78513
Eval @1040384 | stage_step= 425984 | sr=0.00% | reward=277.25 +/- 0.00 | pickups=2.00 deliveries=0.00 delivered_agents=0.00/2
Step 1050624 | stage_step= 436224 | Episodes: 79314
[MultiQuadEnv] Steps 200001-220000 | pickups=6104 | deliveries=0 | total_pickups=65432 | total_deliveries=4
Step 1060864 | stage_step= 446464 | Episodes: 80096
Eval @1064960 | stage_step= 450560 | sr=0.00% | reward=276.85 +/- 0.00 | pickups=2.00 deliveries=0.00 delivered_agents=0.00/2
Step 1071104 | stage_step= 456704 | Episodes: 80878
Step 1081344 | stage_step= 466944 | Episodes: 81666
Eval @1089536 | stage_step= 475136 | sr=0.00% | reward=277.25 +/- 0.00 | pickups=2.00 deliveries=0.00 delivered_agents=0.00/2
Step 1091584 | stage_step= 477184 | Episodes: 82446
[MultiQuadEnv] Steps 220001-240000 | pickups=6093 | deliveries=0 | total_pickups=71525 | total_deliveries=4
Step 1101824 | stage_step= 487424 | Episodes: 83222
Step 1110016 | stage_step= 495616 | Episodes: 83853
Eval @1116160 | stage_step= 501760 | sr=0.00% | reward=277.25 +/- 0.00 | pickups=2.00 deliveries=0.00 delivered_agents=0.00/2
Full budget used for s4a_wider_t_mid_branch_fixed. Best stage success=0.00%.
No successful checkpoint found for s4a_wider_t_mid_branch_fixed; restored pre-stage model.
Final eval | success_rate=100.00% | mean_reward=2280.20 +/- 0.00 | pickups=2.00 deliveries=2.00 | delivered_agents=2.00/2 

### DYNAMIC MAPPO SWEEP 9/20: quad_physics_mappo_v1_random_delivery_dynamic_slow_sweep_stable_seed7 ###

Using device: cuda (NVIDIA GeForce RTX 4090)
Initial Quad MAPPO: agents=2 obs=(36,) grid=(6, 5) starts=[(4, 2), (3, 2)] package=(2, 2) deliveries=[(1, 1), (1, 3)] lanes=6 rand_pkg=False rand_del=False dt=0.05 substeps=8 max_tilt=0.32

=== Stage 1/21: s1_short_t_fixed (fixed positions) ===
Stage: agents=2 obs=(36,) grid=(6, 5) starts=[(4, 2), (3, 2)] package=(2, 2) deliveries=[(1, 1), (1, 3)] lanes=6 rand_pkg=False rand_del=False dt=0.05 substeps=8 max_tilt=0.32
Step   10240 | stage_step=  10240 | Episodes:   972
Step   20480 | stage_step=  20480 | Episodes:  1905
Eval @  20480 | stage_step=  20480 | sr=0.00% | reward=276.40 +/- 0.00 | pickups=2.00 deliveries=0.00 delivered_agents=0.00/2
Step   30720 | stage_step=  30720 | Episodes:  2900
[MultiQuadEnv] Steps 1-20000 | pickups=1835 | deliveries=165 | total_pickups=1835 | total_deliveries=165
Step   40960 | stage_step=  40960 | Episodes:  3898
Eval @  40960 | stage_step=  40960 | sr=0.00% | reward=777.20 +/- 0.00 | pickups=2.00 deliveries=1.00 delivered_agents=1.00/2
Step   51200 | stage_step=  51200 | Episodes:  4943
Step   61440 | stage_step=  61440 | Episodes:  5980
Eval @  61440 | stage_step=  61440 | sr=0.00% | reward=277.60 +/- 0.00 | pickups=2.00 deliveries=0.00 delivered_agents=0.00/2
Step   71680 | stage_step=  71680 | Episodes:  7050
[MultiQuadEnv] Steps 20001-40000 | pickups=3656 | deliveries=504 | total_pickups=5491 | total_deliveries=669
Step   81920 | stage_step=  81920 | Episodes:  8106
Eval @  81920 | stage_step=  81920 | sr=0.00% | reward=727.40 +/- 0.00 | pickups=2.00 deliveries=1.00 delivered_agents=1.00/2
Step   90112 | stage_step=  90112 | Episodes:  8951
Step  100352 | stage_step= 100352 | Episodes: 10026
Eval @ 100352 | stage_step= 100352 | sr=0.00% | reward=278.00 +/- 0.00 | pickups=2.00 deliveries=0.00 delivered_agents=0.00/2
Step  110592 | stage_step= 110592 | Episodes: 11096
[MultiQuadEnv] Steps 40001-60000 | pickups=4427 | deliveries=732 | total_pickups=9918 | total_deliveries=1401
Step  120832 | stage_step= 120832 | Episodes: 12161
Eval @ 120832 | stage_step= 120832 | sr=0.00% | reward=278.00 +/- 0.00 | pickups=2.00 deliveries=0.00 delivered_agents=0.00/2
Step  131072 | stage_step= 131072 | Episodes: 13248
Step  141312 | stage_step= 141312 | Episodes: 14319
Eval @ 141312 | stage_step= 141312 | sr=0.00% | reward=278.00 +/- 0.00 | pickups=2.00 deliveries=0.00 delivered_agents=0.00/2
Step  151552 | stage_step= 151552 | Episodes: 15383
[MultiQuadEnv] Steps 60001-80000 | pickups=4949 | deliveries=832 | total_pickups=14867 | total_deliveries=2233
Step  161792 | stage_step= 161792 | Episodes: 16482
Eval @ 161792 | stage_step= 161792 | sr=0.00% | reward=278.00 +/- 0.00 | pickups=2.00 deliveries=0.00 delivered_agents=0.00/2
Step  172032 | stage_step= 172032 | Episodes: 17578
Step  180224 | stage_step= 180224 | Episodes: 18469
Eval @ 180224 | stage_step= 180224 | sr=0.00% | reward=262.00 +/- 0.00 | pickups=2.00 deliveries=0.00 delivered_agents=0.00/2
Full budget used for s1_short_t_fixed. Best stage success=0.00%.
No successful checkpoint found for s1_short_t_fixed; restored pre-stage model.
Final eval | success_rate=0.00% | mean_reward=-48.00 +/- 0.00 | pickups=0.00 deliveries=0.00 | delivered_agents=0.00/2 

### DYNAMIC MAPPO SWEEP 10/20: quad_physics_mappo_v1_random_delivery_dynamic_slow_sweep_stable_seed11 ###

Using device: cuda (NVIDIA GeForce RTX 4090)
Initial Quad MAPPO: agents=2 obs=(36,) grid=(6, 5) starts=[(4, 2), (3, 2)] package=(2, 2) deliveries=[(1, 1), (1, 3)] lanes=6 rand_pkg=False rand_del=False dt=0.05 substeps=8 max_tilt=0.32

=== Stage 1/21: s1_short_t_fixed (fixed positions) ===
Stage: agents=2 obs=(36,) grid=(6, 5) starts=[(4, 2), (3, 2)] package=(2, 2) deliveries=[(1, 1), (1, 3)] lanes=6 rand_pkg=False rand_del=False dt=0.05 substeps=8 max_tilt=0.32
Step   10240 | stage_step=  10240 | Episodes:   893
Step   20480 | stage_step=  20480 | Episodes:  1926
Eval @  20480 | stage_step=  20480 | sr=0.00% | reward=126.80 +/- 0.00 | pickups=1.00 deliveries=0.00 delivered_agents=0.00/2
Step   30720 | stage_step=  30720 | Episodes:  2933
[MultiQuadEnv] Steps 1-20000 | pickups=2147 | deliveries=234 | total_pickups=2147 | total_deliveries=234
Step   40960 | stage_step=  40960 | Episodes:  3982
Eval @  40960 | stage_step=  40960 | sr=0.00% | reward=277.60 +/- 0.00 | pickups=2.00 deliveries=0.00 delivered_agents=0.00/2
Step   51200 | stage_step=  51200 | Episodes:  5047
Step   61440 | stage_step=  61440 | Episodes:  6116
Eval @  61440 | stage_step=  61440 | sr=0.00% | reward=727.40 +/- 0.00 | pickups=2.00 deliveries=1.00 delivered_agents=1.00/2
Step   71680 | stage_step=  71680 | Episodes:  7193
[MultiQuadEnv] Steps 20001-40000 | pickups=4148 | deliveries=747 | total_pickups=6295 | total_deliveries=981
Step   81920 | stage_step=  81920 | Episodes:  8288
Eval @  81920 | stage_step=  81920 | sr=0.00% | reward=278.00 +/- 0.00 | pickups=2.00 deliveries=0.00 delivered_agents=0.00/2
Step   90112 | stage_step=  90112 | Episodes:  9170
Step  100352 | stage_step= 100352 | Episodes: 10256
Eval @ 100352 | stage_step= 100352 | sr=0.00% | reward=278.00 +/- 0.00 | pickups=2.00 deliveries=0.00 delivered_agents=0.00/2
Step  110592 | stage_step= 110592 | Episodes: 11344
[MultiQuadEnv] Steps 40001-60000 | pickups=4956 | deliveries=913 | total_pickups=11251 | total_deliveries=1894
Step  120832 | stage_step= 120832 | Episodes: 12439
Eval @ 120832 | stage_step= 120832 | sr=0.00% | reward=278.00 +/- 0.00 | pickups=2.00 deliveries=0.00 delivered_agents=0.00/2
Step  131072 | stage_step= 131072 | Episodes: 13537
Step  141312 | stage_step= 141312 | Episodes: 14649
Eval @ 141312 | stage_step= 141312 | sr=0.00% | reward=262.00 +/- 0.00 | pickups=2.00 deliveries=0.00 delivered_agents=0.00/2
Step  151552 | stage_step= 151552 | Episodes: 15760
[MultiQuadEnv] Steps 60001-80000 | pickups=5181 | deliveries=1071 | total_pickups=16432 | total_deliveries=2965
Step  161792 | stage_step= 161792 | Episodes: 16869
Eval @ 161792 | stage_step= 161792 | sr=0.00% | reward=778.00 +/- 0.00 | pickups=2.00 deliveries=1.00 delivered_agents=1.00/2
Step  172032 | stage_step= 172032 | Episodes: 17991
Step  180224 | stage_step= 180224 | Episodes: 18877
Eval @ 180224 | stage_step= 180224 | sr=0.00% | reward=262.00 +/- 0.00 | pickups=2.00 deliveries=0.00 delivered_agents=0.00/2
Full budget used for s1_short_t_fixed. Best stage success=0.00%.
No successful checkpoint found for s1_short_t_fixed; restored pre-stage model.
Final eval | success_rate=0.00% | mean_reward=-48.00 +/- 0.00 | pickups=0.00 deliveries=0.00 | delivered_agents=0.00/2 

### DYNAMIC MAPPO SWEEP 11/20: quad_physics_mappo_v1_random_delivery_dynamic_slow_sweep_stable_seed23 ###

Using device: cuda (NVIDIA GeForce RTX 4090)
Initial Quad MAPPO: agents=2 obs=(36,) grid=(6, 5) starts=[(4, 2), (3, 2)] package=(2, 2) deliveries=[(1, 1), (1, 3)] lanes=6 rand_pkg=False rand_del=False dt=0.05 substeps=8 max_tilt=0.32

=== Stage 1/21: s1_short_t_fixed (fixed positions) ===
Stage: agents=2 obs=(36,) grid=(6, 5) starts=[(4, 2), (3, 2)] package=(2, 2) deliveries=[(1, 1), (1, 3)] lanes=6 rand_pkg=False rand_del=False dt=0.05 substeps=8 max_tilt=0.32
Step   10240 | stage_step=  10240 | Episodes:   843
Step   20480 | stage_step=  20480 | Episodes:  1801
Eval @  20480 | stage_step=  20480 | sr=0.00% | reward=126.40 +/- 0.00 | pickups=1.00 deliveries=0.00 delivered_agents=0.00/2
Step   30720 | stage_step=  30720 | Episodes:  2803
[MultiQuadEnv] Steps 1-20000 | pickups=1988 | deliveries=204 | total_pickups=1988 | total_deliveries=204
Step   40960 | stage_step=  40960 | Episodes:  3844
Eval @  40960 | stage_step=  40960 | sr=0.00% | reward=277.60 +/- 0.00 | pickups=2.00 deliveries=0.00 delivered_agents=0.00/2
Step   51200 | stage_step=  51200 | Episodes:  4885
Step   61440 | stage_step=  61440 | Episodes:  5923
Eval @  61440 | stage_step=  61440 | sr=0.00% | reward=727.40 +/- 0.00 | pickups=2.00 deliveries=1.00 delivered_agents=1.00/2
Step   71680 | stage_step=  71680 | Episodes:  6983
[MultiQuadEnv] Steps 20001-40000 | pickups=4068 | deliveries=721 | total_pickups=6056 | total_deliveries=925
Step   81920 | stage_step=  81920 | Episodes:  8053
Eval @  81920 | stage_step=  81920 | sr=0.00% | reward=278.00 +/- 0.00 | pickups=2.00 deliveries=0.00 delivered_agents=0.00/2
Step   90112 | stage_step=  90112 | Episodes:  8927
Step  100352 | stage_step= 100352 | Episodes: 10021
Eval @ 100352 | stage_step= 100352 | sr=0.00% | reward=278.00 +/- 0.00 | pickups=2.00 deliveries=0.00 delivered_agents=0.00/2
Step  110592 | stage_step= 110592 | Episodes: 11131
[MultiQuadEnv] Steps 40001-60000 | pickups=4859 | deliveries=882 | total_pickups=10915 | total_deliveries=1807
Step  120832 | stage_step= 120832 | Episodes: 12225
Eval @ 120832 | stage_step= 120832 | sr=0.00% | reward=262.00 +/- 0.00 | pickups=2.00 deliveries=0.00 delivered_agents=0.00/2
Step  131072 | stage_step= 131072 | Episodes: 13303
Step  141312 | stage_step= 141312 | Episodes: 14393
Eval @ 141312 | stage_step= 141312 | sr=0.00% | reward=262.00 +/- 0.00 | pickups=2.00 deliveries=0.00 delivered_agents=0.00/2
Step  151552 | stage_step= 151552 | Episodes: 15510
[MultiQuadEnv] Steps 60001-80000 | pickups=5287 | deliveries=1135 | total_pickups=16202 | total_deliveries=2942
Step  161792 | stage_step= 161792 | Episodes: 16621
Eval @ 161792 | stage_step= 161792 | sr=0.00% | reward=778.00 +/- 0.00 | pickups=2.00 deliveries=1.00 delivered_agents=1.00/2
Step  172032 | stage_step= 172032 | Episodes: 17722
Step  180224 | stage_step= 180224 | Episodes: 18621
Eval @ 180224 | stage_step= 180224 | sr=0.00% | reward=262.00 +/- 0.00 | pickups=2.00 deliveries=0.00 delivered_agents=0.00/2
Full budget used for s1_short_t_fixed. Best stage success=0.00%.
No successful checkpoint found for s1_short_t_fixed; restored pre-stage model.
Final eval | success_rate=0.00% | mean_reward=-48.00 +/- 0.00 | pickups=0.00 deliveries=0.00 | delivered_agents=0.00/2 

### DYNAMIC MAPPO SWEEP 12/20: quad_physics_mappo_v1_random_delivery_dynamic_slow_sweep_stable_seed41 ###

Using device: cuda (NVIDIA GeForce RTX 4090)
Initial Quad MAPPO: agents=2 obs=(36,) grid=(6, 5) starts=[(4, 2), (3, 2)] package=(2, 2) deliveries=[(1, 1), (1, 3)] lanes=6 rand_pkg=False rand_del=False dt=0.05 substeps=8 max_tilt=0.32

=== Stage 1/21: s1_short_t_fixed (fixed positions) ===
Stage: agents=2 obs=(36,) grid=(6, 5) starts=[(4, 2), (3, 2)] package=(2, 2) deliveries=[(1, 1), (1, 3)] lanes=6 rand_pkg=False rand_del=False dt=0.05 substeps=8 max_tilt=0.32
Step   10240 | stage_step=  10240 | Episodes:   969
Step   20480 | stage_step=  20480 | Episodes:  1845
Eval @  20480 | stage_step=  20480 | sr=0.00% | reward=276.40 +/- 0.00 | pickups=2.00 deliveries=0.00 delivered_agents=0.00/2
Step   30720 | stage_step=  30720 | Episodes:  2858
[MultiQuadEnv] Steps 1-20000 | pickups=1967 | deliveries=193 | total_pickups=1967 | total_deliveries=193
Step   40960 | stage_step=  40960 | Episodes:  3867
Eval @  40960 | stage_step=  40960 | sr=0.00% | reward=726.80 +/- 0.00 | pickups=2.00 deliveries=1.00 delivered_agents=1.00/2
Step   51200 | stage_step=  51200 | Episodes:  4905
Step   61440 | stage_step=  61440 | Episodes:  5949
Eval @  61440 | stage_step=  61440 | sr=0.00% | reward=277.60 +/- 0.00 | pickups=2.00 deliveries=0.00 delivered_agents=0.00/2
Step   71680 | stage_step=  71680 | Episodes:  6993
[MultiQuadEnv] Steps 20001-40000 | pickups=3671 | deliveries=536 | total_pickups=5638 | total_deliveries=729
Step   81920 | stage_step=  81920 | Episodes:  8053
Eval @  81920 | stage_step=  81920 | sr=0.00% | reward=727.40 +/- 0.00 | pickups=2.00 deliveries=1.00 delivered_agents=1.00/2
Step   90112 | stage_step=  90112 | Episodes:  8904
Step  100352 | stage_step= 100352 | Episodes:  9972
Eval @ 100352 | stage_step= 100352 | sr=0.00% | reward=278.00 +/- 0.00 | pickups=2.00 deliveries=0.00 delivered_agents=0.00/2
Step  110592 | stage_step= 110592 | Episodes: 11050
[MultiQuadEnv] Steps 40001-60000 | pickups=4467 | deliveries=782 | total_pickups=10105 | total_deliveries=1511
Step  120832 | stage_step= 120832 | Episodes: 12122
Eval @ 120832 | stage_step= 120832 | sr=0.00% | reward=278.00 +/- 0.00 | pickups=2.00 deliveries=0.00 delivered_agents=0.00/2
Step  131072 | stage_step= 131072 | Episodes: 13184
Step  141312 | stage_step= 141312 | Episodes: 14279
Eval @ 141312 | stage_step= 141312 | sr=0.00% | reward=278.00 +/- 0.00 | pickups=2.00 deliveries=0.00 delivered_agents=0.00/2
Step  151552 | stage_step= 151552 | Episodes: 15388
[MultiQuadEnv] Steps 60001-80000 | pickups=4994 | deliveries=893 | total_pickups=15099 | total_deliveries=2404
Step  161792 | stage_step= 161792 | Episodes: 16488
Eval @ 161792 | stage_step= 161792 | sr=0.00% | reward=262.00 +/- 0.00 | pickups=2.00 deliveries=0.00 delivered_agents=0.00/2
Step  172032 | stage_step= 172032 | Episodes: 17592
Step  180224 | stage_step= 180224 | Episodes: 18467
Eval @ 180224 | stage_step= 180224 | sr=0.00% | reward=262.00 +/- 0.00 | pickups=2.00 deliveries=0.00 delivered_agents=0.00/2
Full budget used for s1_short_t_fixed. Best stage success=0.00%.
No successful checkpoint found for s1_short_t_fixed; restored pre-stage model.
Final eval | success_rate=0.00% | mean_reward=-48.00 +/- 0.00 | pickups=0.00 deliveries=0.00 | delivered_agents=0.00/2 

### DYNAMIC MAPPO SWEEP 13/20: quad_physics_mappo_v1_random_delivery_dynamic_slow_sweep_delivery_seed7 ###

Using device: cuda (NVIDIA GeForce RTX 4090)
Initial Quad MAPPO: agents=2 obs=(36,) grid=(6, 5) starts=[(4, 2), (3, 2)] package=(2, 2) deliveries=[(1, 1), (1, 3)] lanes=6 rand_pkg=False rand_del=False dt=0.05 substeps=8 max_tilt=0.32

=== Stage 1/21: s1_short_t_fixed (fixed positions) ===
Stage: agents=2 obs=(36,) grid=(6, 5) starts=[(4, 2), (3, 2)] package=(2, 2) deliveries=[(1, 1), (1, 3)] lanes=6 rand_pkg=False rand_del=False dt=0.05 substeps=8 max_tilt=0.32
Step   10240 | stage_step=  10240 | Episodes:   997
Step   20480 | stage_step=  20480 | Episodes:  2063
Eval @  20480 | stage_step=  20480 | sr=0.00% | reward=77.20 +/- 0.00 | pickups=1.00 deliveries=0.00 delivered_agents=0.00/2
Step   30720 | stage_step=  30720 | Episodes:  3133
[MultiQuadEnv] Steps 1-20000 | pickups=2395 | deliveries=359 | total_pickups=2395 | total_deliveries=359
Step   40960 | stage_step=  40960 | Episodes:  4199
Eval @  40960 | stage_step=  40960 | sr=0.00% | reward=877.00 +/- 0.00 | pickups=2.00 deliveries=1.00 delivered_agents=1.00/2
Step   51200 | stage_step=  51200 | Episodes:  5284
Step   61440 | stage_step=  61440 | Episodes:  6356
Eval @  61440 | stage_step=  61440 | sr=0.00% | reward=927.40 +/- 0.00 | pickups=2.00 deliveries=1.00 delivered_agents=1.00/2
Step   71680 | stage_step=  71680 | Episodes:  7411
[MultiQuadEnv] Steps 20001-40000 | pickups=3853 | deliveries=1208 | total_pickups=6248 | total_deliveries=1567
Step   81920 | stage_step=  81920 | Episodes:  8491
Eval @  81920 | stage_step=  81920 | sr=0.00% | reward=927.60 +/- 0.00 | pickups=2.00 deliveries=1.00 delivered_agents=1.00/2
Step   90112 | stage_step=  90112 | Episodes:  9336
Step  100352 | stage_step= 100352 | Episodes: 10413
Eval @ 100352 | stage_step= 100352 | sr=0.00% | reward=927.80 +/- 0.00 | pickups=2.00 deliveries=1.00 delivered_agents=1.00/2
Step  110592 | stage_step= 110592 | Episodes: 11446
[MultiQuadEnv] Steps 40001-60000 | pickups=4410 | deliveries=1450 | total_pickups=10658 | total_deliveries=3017
Step  120832 | stage_step= 120832 | Episodes: 12492
Eval @ 120832 | stage_step= 120832 | sr=0.00% | reward=927.80 +/- 0.00 | pickups=2.00 deliveries=1.00 delivered_agents=1.00/2
Step  131072 | stage_step= 131072 | Episodes: 13524
Step  141312 | stage_step= 141312 | Episodes: 14533
Eval @ 141312 | stage_step= 141312 | sr=0.00% | reward=927.80 +/- 0.00 | pickups=2.00 deliveries=1.00 delivered_agents=1.00/2
Step  151552 | stage_step= 151552 | Episodes: 15511
[MultiQuadEnv] Steps 60001-80000 | pickups=4827 | deliveries=2016 | total_pickups=15485 | total_deliveries=5033
Step  161792 | stage_step= 161792 | Episodes: 16452
Eval @ 161792 | stage_step= 161792 | sr=100.00% | reward=3197.80 +/- 0.00 | pickups=2.00 deliveries=2.00 delivered_agents=2.00/2
Early promotion from s1_short_t_fixed: 100.00% >= 90.00%
Restored best for s1_short_t_fixed: sr=100.00% | reward=3197.80

=== Stage 2/21: s2_wider_t_stem_fixed (fixed positions) ===
Stage: agents=2 obs=(36,) grid=(8, 9) starts=[(6, 4), (5, 4)] package=(3, 4) deliveries=[(2, 4), (1, 4)] lanes=12 rand_pkg=False rand_del=False dt=0.05 substeps=8 max_tilt=0.32
Step  172032 | stage_step=  10240 | Episodes: 17425
Step  180224 | stage_step=  18432 | Episodes: 18122
Eval @ 188416 | stage_step=  26624 | sr=100.00% | reward=3147.40 +/- 0.00 | pickups=2.00 deliveries=2.00 delivered_agents=2.00/2
Step  190464 | stage_step=  28672 | Episodes: 18995
Step  200704 | stage_step=  38912 | Episodes: 19869
[MultiQuadEnv] Steps 1-20000 | pickups=4090 | deliveries=2222 | total_pickups=4090 | total_deliveries=2222
Step  210944 | stage_step=  49152 | Episodes: 20738
Eval @ 212992 | stage_step=  51200 | sr=100.00% | reward=3147.60 +/- 0.00 | pickups=2.00 deliveries=2.00 delivered_agents=2.00/2
Step  221184 | stage_step=  59392 | Episodes: 21616
Step  231424 | stage_step=  69632 | Episodes: 22479
Eval @ 237568 | stage_step=  75776 | sr=100.00% | reward=3147.60 +/- 0.00 | pickups=2.00 deliveries=2.00 delivered_agents=2.00/2
Early promotion from s2_wider_t_stem_fixed: 100.00% >= 85.00%
Restored best for s2_wider_t_stem_fixed: sr=100.00% | reward=3147.60

=== Stage 3/21: s3_wider_t_near_branch_fixed (fixed positions) ===
Stage: agents=2 obs=(36,) grid=(8, 9) starts=[(6, 4), (5, 4)] package=(2, 4) deliveries=[(1, 3), (1, 5)] lanes=12 rand_pkg=False rand_del=False dt=0.05 substeps=8 max_tilt=0.32
Step  241664 | stage_step=   4096 | Episodes: 23343
Step  251904 | stage_step=  14336 | Episodes: 24184
Step  260096 | stage_step=  22528 | Episodes: 24845
Eval @ 264192 | stage_step=  26624 | sr=0.00% | reward=61.60 +/- 0.00 | pickups=1.00 deliveries=0.00 delivered_agents=0.00/2
Step  270336 | stage_step=  32768 | Episodes: 25666
[MultiQuadEnv] Steps 1-20000 | pickups=3133 | deliveries=548 | total_pickups=3133 | total_deliveries=548
Step  280576 | stage_step=  43008 | Episodes: 26470
Eval @ 288768 | stage_step=  51200 | sr=0.00% | reward=927.20 +/- 0.00 | pickups=2.00 deliveries=1.00 delivered_agents=1.00/2
Step  290816 | stage_step=  53248 | Episodes: 27288
Step  301056 | stage_step=  63488 | Episodes: 28096
Step  311296 | stage_step=  73728 | Episodes: 28908
Eval @ 313344 | stage_step=  75776 | sr=100.00% | reward=3197.20 +/- 0.00 | pickups=2.00 deliveries=2.00 delivered_agents=2.00/2
Early promotion from s3_wider_t_near_branch_fixed: 100.00% >= 75.00%
Restored best for s3_wider_t_near_branch_fixed: sr=100.00% | reward=3197.20

=== Stage 4/21: s4a_wider_t_mid_branch_fixed (fixed positions) ===
Stage: agents=2 obs=(36,) grid=(8, 9) starts=[(6, 4), (5, 4)] package=(3, 4) deliveries=[(1, 2), (1, 6)] lanes=12 rand_pkg=False rand_del=False dt=0.05 substeps=8 max_tilt=0.32
Step  321536 | stage_step=   8192 | Episodes: 29722
Step  331776 | stage_step=  18432 | Episodes: 30489
Eval @ 339968 | stage_step=  26624 | sr=0.00% | reward=176.80 +/- 0.00 | pickups=2.00 deliveries=0.00 delivered_agents=0.00/2
Step  342016 | stage_step=  28672 | Episodes: 31232
Step  350208 | stage_step=  36864 | Episodes: 31815
[MultiQuadEnv] Steps 1-20000 | pickups=4860 | deliveries=0 | total_pickups=4860 | total_deliveries=0
Step  360448 | stage_step=  47104 | Episodes: 32529
Eval @ 364544 | stage_step=  51200 | sr=0.00% | reward=176.80 +/- 0.00 | pickups=2.00 deliveries=0.00 delivered_agents=0.00/2
Step  370688 | stage_step=  57344 | Episodes: 33237
Step  380928 | stage_step=  67584 | Episodes: 33927
Eval @ 389120 | stage_step=  75776 | sr=0.00% | reward=176.80 +/- 0.00 | pickups=2.00 deliveries=0.00 delivered_agents=0.00/2
Step  391168 | stage_step=  77824 | Episodes: 34621
[MultiQuadEnv] Steps 20001-40000 | pickups=4918 | deliveries=0 | total_pickups=9778 | total_deliveries=0
Step  401408 | stage_step=  88064 | Episodes: 35331
Step  411648 | stage_step=  98304 | Episodes: 36041
Eval @ 413696 | stage_step= 100352 | sr=0.00% | reward=176.80 +/- 0.00 | pickups=2.00 deliveries=0.00 delivered_agents=0.00/2
Step  421888 | stage_step= 108544 | Episodes: 36762
Step  430080 | stage_step= 116736 | Episodes: 37342
[MultiQuadEnv] Steps 40001-60000 | pickups=5546 | deliveries=0 | total_pickups=15324 | total_deliveries=0
Step  440320 | stage_step= 126976 | Episodes: 38063
Eval @ 440320 | stage_step= 126976 | sr=0.00% | reward=176.80 +/- 0.00 | pickups=2.00 deliveries=0.00 delivered_agents=0.00/2
Step  450560 | stage_step= 137216 | Episodes: 38789
Step  460800 | stage_step= 147456 | Episodes: 39513
Eval @ 464896 | stage_step= 151552 | sr=0.00% | reward=176.80 +/- 0.00 | pickups=2.00 deliveries=0.00 delivered_agents=0.00/2
Step  471040 | stage_step= 157696 | Episodes: 40240
[MultiQuadEnv] Steps 60001-80000 | pickups=5669 | deliveries=0 | total_pickups=20993 | total_deliveries=0
Step  481280 | stage_step= 167936 | Episodes: 40968
Eval @ 489472 | stage_step= 176128 | sr=0.00% | reward=176.80 +/- 0.00 | pickups=2.00 deliveries=0.00 delivered_agents=0.00/2
Step  491520 | stage_step= 178176 | Episodes: 41697
Step  501760 | stage_step= 188416 | Episodes: 42426
Step  512000 | stage_step= 198656 | Episodes: 43155
[MultiQuadEnv] Steps 80001-100000 | pickups=5692 | deliveries=0 | total_pickups=26685 | total_deliveries=0
Eval @ 514048 | stage_step= 200704 | sr=0.00% | reward=176.80 +/- 0.00 | pickups=2.00 deliveries=0.00 delivered_agents=0.00/2
Step  520192 | stage_step= 206848 | Episodes: 43739
Step  530432 | stage_step= 217088 | Episodes: 44467
Eval @ 538624 | stage_step= 225280 | sr=0.00% | reward=176.80 +/- 0.00 | pickups=2.00 deliveries=0.00 delivered_agents=0.00/2
Step  540672 | stage_step= 227328 | Episodes: 45197
Step  550912 | stage_step= 237568 | Episodes: 45926
[MultiQuadEnv] Steps 100001-120000 | pickups=5702 | deliveries=0 | total_pickups=32387 | total_deliveries=0
Step  561152 | stage_step= 247808 | Episodes: 46655
Eval @ 565248 | stage_step= 251904 | sr=0.00% | reward=176.80 +/- 0.00 | pickups=2.00 deliveries=0.00 delivered_agents=0.00/2
Step  571392 | stage_step= 258048 | Episodes: 47384
Step  581632 | stage_step= 268288 | Episodes: 48114
Eval @ 589824 | stage_step= 276480 | sr=0.00% | reward=176.80 +/- 0.00 | pickups=2.00 deliveries=0.00 delivered_agents=0.00/2
Step  591872 | stage_step= 278528 | Episodes: 48844
[MultiQuadEnv] Steps 120001-140000 | pickups=5704 | deliveries=0 | total_pickups=38091 | total_deliveries=0
Step  600064 | stage_step= 286720 | Episodes: 49428
Step  610304 | stage_step= 296960 | Episodes: 50156
Eval @ 614400 | stage_step= 301056 | sr=0.00% | reward=176.80 +/- 0.00 | pickups=2.00 deliveries=0.00 delivered_agents=0.00/2
Step  620544 | stage_step= 307200 | Episodes: 50886
Step  630784 | stage_step= 317440 | Episodes: 51616
[MultiQuadEnv] Steps 140001-160000 | pickups=5703 | deliveries=0 | total_pickups=43794 | total_deliveries=0
Eval @ 638976 | stage_step= 325632 | sr=0.00% | reward=176.80 +/- 0.00 | pickups=2.00 deliveries=0.00 delivered_agents=0.00/2
Step  641024 | stage_step= 327680 | Episodes: 52346
Step  651264 | stage_step= 337920 | Episodes: 53076
Step  661504 | stage_step= 348160 | Episodes: 53806
Eval @ 663552 | stage_step= 350208 | sr=0.00% | reward=176.80 +/- 0.00 | pickups=2.00 deliveries=0.00 delivered_agents=0.00/2
Step  671744 | stage_step= 358400 | Episodes: 54536
[MultiQuadEnv] Steps 160001-180000 | pickups=5703 | deliveries=0 | total_pickups=49497 | total_deliveries=0
Step  681984 | stage_step= 368640 | Episodes: 55266
Step  690176 | stage_step= 376832 | Episodes: 55850
Eval @ 690176 | stage_step= 376832 | sr=0.00% | reward=176.80 +/- 0.00 | pickups=2.00 deliveries=0.00 delivered_agents=0.00/2
Step  700416 | stage_step= 387072 | Episodes: 56579
Step  710656 | stage_step= 397312 | Episodes: 57309
[MultiQuadEnv] Steps 180001-200000 | pickups=5704 | deliveries=0 | total_pickups=55201 | total_deliveries=0
Eval @ 714752 | stage_step= 401408 | sr=0.00% | reward=176.80 +/- 0.00 | pickups=2.00 deliveries=0.00 delivered_agents=0.00/2
Step  720896 | stage_step= 407552 | Episodes: 58039
Step  731136 | stage_step= 417792 | Episodes: 58769
Eval @ 739328 | stage_step= 425984 | sr=0.00% | reward=176.80 +/- 0.00 | pickups=2.00 deliveries=0.00 delivered_agents=0.00/2
Step  741376 | stage_step= 428032 | Episodes: 59499
Step  751616 | stage_step= 438272 | Episodes: 60229
[MultiQuadEnv] Steps 200001-220000 | pickups=5702 | deliveries=0 | total_pickups=60903 | total_deliveries=0
Step  761856 | stage_step= 448512 | Episodes: 60959
Eval @ 763904 | stage_step= 450560 | sr=0.00% | reward=176.80 +/- 0.00 | pickups=2.00 deliveries=0.00 delivered_agents=0.00/2
Step  770048 | stage_step= 456704 | Episodes: 61542
Step  780288 | stage_step= 466944 | Episodes: 62272
Eval @ 788480 | stage_step= 475136 | sr=0.00% | reward=176.80 +/- 0.00 | pickups=2.00 deliveries=0.00 delivered_agents=0.00/2
Step  790528 | stage_step= 477184 | Episodes: 63002
[MultiQuadEnv] Steps 220001-240000 | pickups=5703 | deliveries=0 | total_pickups=66606 | total_deliveries=0
Step  800768 | stage_step= 487424 | Episodes: 63732
Step  811008 | stage_step= 497664 | Episodes: 64462
Eval @ 815104 | stage_step= 501760 | sr=0.00% | reward=176.80 +/- 0.00 | pickups=2.00 deliveries=0.00 delivered_agents=0.00/2
Full budget used for s4a_wider_t_mid_branch_fixed. Best stage success=0.00%.
No successful checkpoint found for s4a_wider_t_mid_branch_fixed; restored pre-stage model.
Final eval | success_rate=100.00% | mean_reward=3197.20 +/- 0.00 | pickups=2.00 deliveries=2.00 | delivered_agents=2.00/2 

### DYNAMIC MAPPO SWEEP 14/20: quad_physics_mappo_v1_random_delivery_dynamic_slow_sweep_delivery_seed11 ###

Using device: cuda (NVIDIA GeForce RTX 4090)
Initial Quad MAPPO: agents=2 obs=(36,) grid=(6, 5) starts=[(4, 2), (3, 2)] package=(2, 2) deliveries=[(1, 1), (1, 3)] lanes=6 rand_pkg=False rand_del=False dt=0.05 substeps=8 max_tilt=0.32

=== Stage 1/21: s1_short_t_fixed (fixed positions) ===
Stage: agents=2 obs=(36,) grid=(6, 5) starts=[(4, 2), (3, 2)] package=(2, 2) deliveries=[(1, 1), (1, 3)] lanes=6 rand_pkg=False rand_del=False dt=0.05 substeps=8 max_tilt=0.32
Step   10240 | stage_step=  10240 | Episodes:   990
Step   20480 | stage_step=  20480 | Episodes:  1986
Eval @  20480 | stage_step=  20480 | sr=0.00% | reward=926.80 +/- 0.00 | pickups=2.00 deliveries=1.00 delivered_agents=1.00/2
Step   30720 | stage_step=  30720 | Episodes:  2998
[MultiQuadEnv] Steps 1-20000 | pickups=2529 | deliveries=403 | total_pickups=2529 | total_deliveries=403
Step   40960 | stage_step=  40960 | Episodes:  4034
Eval @  40960 | stage_step=  40960 | sr=0.00% | reward=927.00 +/- 0.00 | pickups=2.00 deliveries=1.00 delivered_agents=1.00/2
Step   51200 | stage_step=  51200 | Episodes:  5079
Step   61440 | stage_step=  61440 | Episodes:  6117
Eval @  61440 | stage_step=  61440 | sr=0.00% | reward=927.60 +/- 0.00 | pickups=2.00 deliveries=1.00 delivered_agents=1.00/2
Step   71680 | stage_step=  71680 | Episodes:  7151
[MultiQuadEnv] Steps 20001-40000 | pickups=4122 | deliveries=1186 | total_pickups=6651 | total_deliveries=1589
Step   81920 | stage_step=  81920 | Episodes:  8188
Eval @  81920 | stage_step=  81920 | sr=0.00% | reward=927.80 +/- 0.00 | pickups=2.00 deliveries=1.00 delivered_agents=1.00/2
Step   90112 | stage_step=  90112 | Episodes:  9048
Step  100352 | stage_step= 100352 | Episodes: 10123
Eval @ 100352 | stage_step= 100352 | sr=0.00% | reward=927.80 +/- 0.00 | pickups=2.00 deliveries=1.00 delivered_agents=1.00/2
Step  110592 | stage_step= 110592 | Episodes: 11187
[MultiQuadEnv] Steps 40001-60000 | pickups=4356 | deliveries=1693 | total_pickups=11007 | total_deliveries=3282
Step  120832 | stage_step= 120832 | Episodes: 12266
Eval @ 120832 | stage_step= 120832 | sr=100.00% | reward=3197.80 +/- 0.00 | pickups=2.00 deliveries=2.00 delivered_agents=2.00/2
Early promotion from s1_short_t_fixed: 100.00% >= 90.00%
Restored best for s1_short_t_fixed: sr=100.00% | reward=3197.80

=== Stage 2/21: s2_wider_t_stem_fixed (fixed positions) ===
Stage: agents=2 obs=(36,) grid=(8, 9) starts=[(6, 4), (5, 4)] package=(3, 4) deliveries=[(2, 4), (1, 4)] lanes=12 rand_pkg=False rand_del=False dt=0.05 substeps=8 max_tilt=0.32
Step  131072 | stage_step=  10240 | Episodes: 13378
Step  141312 | stage_step=  20480 | Episodes: 14345
Eval @ 147456 | stage_step=  26624 | sr=100.00% | reward=3147.60 +/- 0.00 | pickups=2.00 deliveries=2.00 delivered_agents=2.00/2
Step  151552 | stage_step=  30720 | Episodes: 15288
[MultiQuadEnv] Steps 1-20000 | pickups=3607 | deliveries=1654 | total_pickups=3607 | total_deliveries=1654
Step  161792 | stage_step=  40960 | Episodes: 16226
Step  172032 | stage_step=  51200 | Episodes: 17151
Eval @ 172032 | stage_step=  51200 | sr=100.00% | reward=3147.60 +/- 0.00 | pickups=2.00 deliveries=2.00 delivered_agents=2.00/2
Step  180224 | stage_step=  59392 | Episodes: 17885
Step  190464 | stage_step=  69632 | Episodes: 18761
Eval @ 196608 | stage_step=  75776 | sr=100.00% | reward=3147.60 +/- 0.00 | pickups=2.00 deliveries=2.00 delivered_agents=2.00/2
Early promotion from s2_wider_t_stem_fixed: 100.00% >= 85.00%
Restored best for s2_wider_t_stem_fixed: sr=100.00% | reward=3147.60

=== Stage 3/21: s3_wider_t_near_branch_fixed (fixed positions) ===
Stage: agents=2 obs=(36,) grid=(8, 9) starts=[(6, 4), (5, 4)] package=(2, 4) deliveries=[(1, 3), (1, 5)] lanes=12 rand_pkg=False rand_del=False dt=0.05 substeps=8 max_tilt=0.32
Step  200704 | stage_step=   4096 | Episodes: 19651
Step  210944 | stage_step=  14336 | Episodes: 20645
Step  221184 | stage_step=  24576 | Episodes: 21743
Eval @ 223232 | stage_step=  26624 | sr=0.00% | reward=-38.00 +/- 0.00 | pickups=0.00 deliveries=0.00 delivered_agents=0.00/2
Step  231424 | stage_step=  34816 | Episodes: 22705
[MultiQuadEnv] Steps 1-20000 | pickups=1847 | deliveries=378 | total_pickups=1847 | total_deliveries=378
Step  241664 | stage_step=  45056 | Episodes: 23587
Eval @ 247808 | stage_step=  51200 | sr=0.00% | reward=61.60 +/- 0.00 | pickups=1.00 deliveries=0.00 delivered_agents=0.00/2
Step  251904 | stage_step=  55296 | Episodes: 24389
Step  260096 | stage_step=  63488 | Episodes: 25043
Step  270336 | stage_step=  73728 | Episodes: 25841
Eval @ 272384 | stage_step=  75776 | sr=0.00% | reward=927.20 +/- 0.00 | pickups=2.00 deliveries=1.00 delivered_agents=1.00/2
[MultiQuadEnv] Steps 20001-40000 | pickups=3094 | deliveries=604 | total_pickups=4941 | total_deliveries=982
Step  280576 | stage_step=  83968 | Episodes: 26633
Step  290816 | stage_step=  94208 | Episodes: 27420
Eval @ 296960 | stage_step= 100352 | sr=0.00% | reward=927.20 +/- 0.00 | pickups=2.00 deliveries=1.00 delivered_agents=1.00/2
Step  301056 | stage_step= 104448 | Episodes: 28223
Step  311296 | stage_step= 114688 | Episodes: 29018
[MultiQuadEnv] Steps 40001-60000 | pickups=3066 | deliveries=829 | total_pickups=8007 | total_deliveries=1811
Step  321536 | stage_step= 124928 | Episodes: 29804
Eval @ 323584 | stage_step= 126976 | sr=0.00% | reward=927.20 +/- 0.00 | pickups=2.00 deliveries=1.00 delivered_agents=1.00/2
Step  331776 | stage_step= 135168 | Episodes: 30576
Step  342016 | stage_step= 145408 | Episodes: 31352
Eval @ 348160 | stage_step= 151552 | sr=100.00% | reward=3197.00 +/- 0.00 | pickups=2.00 deliveries=2.00 delivered_agents=2.00/2
Early promotion from s3_wider_t_near_branch_fixed: 100.00% >= 75.00%
Restored best for s3_wider_t_near_branch_fixed: sr=100.00% | reward=3197.00

=== Stage 4/21: s4a_wider_t_mid_branch_fixed (fixed positions) ===
Stage: agents=2 obs=(36,) grid=(8, 9) starts=[(6, 4), (5, 4)] package=(3, 4) deliveries=[(1, 2), (1, 6)] lanes=12 rand_pkg=False rand_del=False dt=0.05 substeps=8 max_tilt=0.32
Step  350208 | stage_step=   2048 | Episodes: 31962
Step  360448 | stage_step=  12288 | Episodes: 32699
Step  370688 | stage_step=  22528 | Episodes: 33383
Eval @ 374784 | stage_step=  26624 | sr=0.00% | reward=176.20 +/- 0.00 | pickups=2.00 deliveries=0.00 delivered_agents=0.00/2
Step  380928 | stage_step=  32768 | Episodes: 34036
[MultiQuadEnv] Steps 1-20000 | pickups=4025 | deliveries=31 | total_pickups=4025 | total_deliveries=31
Step  391168 | stage_step=  43008 | Episodes: 34642
Eval @ 399360 | stage_step=  51200 | sr=0.00% | reward=883.30 +/- 0.00 | pickups=2.00 deliveries=1.00 delivered_agents=1.00/2
Step  401408 | stage_step=  53248 | Episodes: 35221
Step  411648 | stage_step=  63488 | Episodes: 35798
Step  421888 | stage_step=  73728 | Episodes: 36370
Eval @ 423936 | stage_step=  75776 | sr=0.00% | reward=882.95 +/- 0.00 | pickups=2.00 deliveries=1.00 delivered_agents=1.00/2
[MultiQuadEnv] Steps 20001-40000 | pickups=3801 | deliveries=78 | total_pickups=7826 | total_deliveries=109
Step  430080 | stage_step=  81920 | Episodes: 36805
Step  440320 | stage_step=  92160 | Episodes: 37388
Eval @ 448512 | stage_step= 100352 | sr=0.00% | reward=883.30 +/- 0.00 | pickups=2.00 deliveries=1.00 delivered_agents=1.00/2
Step  450560 | stage_step= 102400 | Episodes: 37920
Step  460800 | stage_step= 112640 | Episodes: 38460
[MultiQuadEnv] Steps 40001-60000 | pickups=3793 | deliveries=168 | total_pickups=11619 | total_deliveries=277
Step  471040 | stage_step= 122880 | Episodes: 38986
Eval @ 475136 | stage_step= 126976 | sr=0.00% | reward=881.70 +/- 0.00 | pickups=2.00 deliveries=1.00 delivered_agents=1.00/2
Step  481280 | stage_step= 133120 | Episodes: 39503
Step  491520 | stage_step= 143360 | Episodes: 39973
Eval @ 499712 | stage_step= 151552 | sr=0.00% | reward=924.40 +/- 0.00 | pickups=2.00 deliveries=1.00 delivered_agents=1.00/2
Step  501760 | stage_step= 153600 | Episodes: 40385
[MultiQuadEnv] Steps 60001-80000 | pickups=3300 | deliveries=295 | total_pickups=14919 | total_deliveries=572
Step  512000 | stage_step= 163840 | Episodes: 40806
Step  520192 | stage_step= 172032 | Episodes: 41172
Eval @ 524288 | stage_step= 176128 | sr=0.00% | reward=924.75 +/- 0.00 | pickups=2.00 deliveries=1.00 delivered_agents=1.00/2
Step  530432 | stage_step= 182272 | Episodes: 41574
Step  540672 | stage_step= 192512 | Episodes: 41939
[MultiQuadEnv] Steps 80001-100000 | pickups=2863 | deliveries=365 | total_pickups=17782 | total_deliveries=937
Eval @ 548864 | stage_step= 200704 | sr=0.00% | reward=924.75 +/- 0.00 | pickups=2.00 deliveries=1.00 delivered_agents=1.00/2
Step  550912 | stage_step= 202752 | Episodes: 42256
Step  561152 | stage_step= 212992 | Episodes: 42606
Step  571392 | stage_step= 223232 | Episodes: 42931
Eval @ 573440 | stage_step= 225280 | sr=0.00% | reward=924.35 +/- 0.00 | pickups=2.00 deliveries=1.00 delivered_agents=1.00/2
Step  581632 | stage_step= 233472 | Episodes: 43246
[MultiQuadEnv] Steps 100001-120000 | pickups=2508 | deliveries=430 | total_pickups=20290 | total_deliveries=1367
Step  591872 | stage_step= 243712 | Episodes: 43591
Step  600064 | stage_step= 251904 | Episodes: 43895
Eval @ 600064 | stage_step= 251904 | sr=0.00% | reward=924.05 +/- 0.00 | pickups=2.00 deliveries=1.00 delivered_agents=1.00/2
Step  610304 | stage_step= 262144 | Episodes: 44227
Step  620544 | stage_step= 272384 | Episodes: 44520
Eval @ 624640 | stage_step= 276480 | sr=0.00% | reward=924.05 +/- 0.00 | pickups=2.00 deliveries=1.00 delivered_agents=1.00/2
[MultiQuadEnv] Steps 120001-140000 | pickups=2519 | deliveries=522 | total_pickups=22809 | total_deliveries=1889
Step  630784 | stage_step= 282624 | Episodes: 44832
Step  641024 | stage_step= 292864 | Episodes: 45149
Eval @ 649216 | stage_step= 301056 | sr=0.00% | reward=924.65 +/- 0.00 | pickups=2.00 deliveries=1.00 delivered_agents=1.00/2
Step  651264 | stage_step= 303104 | Episodes: 45446
Step  661504 | stage_step= 313344 | Episodes: 45769
[MultiQuadEnv] Steps 140001-160000 | pickups=2346 | deliveries=564 | total_pickups=25155 | total_deliveries=2453
Step  671744 | stage_step= 323584 | Episodes: 46013
Eval @ 673792 | stage_step= 325632 | sr=0.00% | reward=190.10 +/- 0.00 | pickups=2.00 deliveries=1.00 delivered_agents=1.00/2
Step  681984 | stage_step= 333824 | Episodes: 46283
Step  690176 | stage_step= 342016 | Episodes: 46479
Eval @ 698368 | stage_step= 350208 | sr=0.00% | reward=189.80 +/- 0.00 | pickups=2.00 deliveries=1.00 delivered_agents=1.00/2
Step  700416 | stage_step= 352256 | Episodes: 46737
[MultiQuadEnv] Steps 160001-180000 | pickups=1896 | deliveries=501 | total_pickups=27051 | total_deliveries=2954
Step  710656 | stage_step= 362496 | Episodes: 46952
Step  720896 | stage_step= 372736 | Episodes: 47191
Eval @ 724992 | stage_step= 376832 | sr=0.00% | reward=189.80 +/- 0.00 | pickups=2.00 deliveries=1.00 delivered_agents=1.00/2
Step  731136 | stage_step= 382976 | Episodes: 47425
Step  741376 | stage_step= 393216 | Episodes: 47631
[MultiQuadEnv] Steps 180001-200000 | pickups=1750 | deliveries=502 | total_pickups=28801 | total_deliveries=3456
Eval @ 749568 | stage_step= 401408 | sr=0.00% | reward=189.80 +/- 0.00 | pickups=2.00 deliveries=1.00 delivered_agents=1.00/2
Step  751616 | stage_step= 403456 | Episodes: 47860
Step  761856 | stage_step= 413696 | Episodes: 48062
Step  770048 | stage_step= 421888 | Episodes: 48291
Eval @ 774144 | stage_step= 425984 | sr=0.00% | reward=189.80 +/- 0.00 | pickups=2.00 deliveries=1.00 delivered_agents=1.00/2
Step  780288 | stage_step= 432128 | Episodes: 48515
[MultiQuadEnv] Steps 200001-220000 | pickups=1879 | deliveries=562 | total_pickups=30680 | total_deliveries=4018
Step  790528 | stage_step= 442368 | Episodes: 48754
Eval @ 798720 | stage_step= 450560 | sr=0.00% | reward=189.80 +/- 0.00 | pickups=2.00 deliveries=1.00 delivered_agents=1.00/2
Step  800768 | stage_step= 452608 | Episodes: 49024
Step  811008 | stage_step= 462848 | Episodes: 49296
Step  821248 | stage_step= 473088 | Episodes: 49553
Eval @ 823296 | stage_step= 475136 | sr=0.00% | reward=189.80 +/- 0.00 | pickups=2.00 deliveries=1.00 delivered_agents=1.00/2
[MultiQuadEnv] Steps 220001-240000 | pickups=1934 | deliveries=623 | total_pickups=32614 | total_deliveries=4641
Step  831488 | stage_step= 483328 | Episodes: 49754
Step  841728 | stage_step= 493568 | Episodes: 49973
Eval @ 849920 | stage_step= 501760 | sr=0.00% | reward=189.80 +/- 0.00 | pickups=2.00 deliveries=1.00 delivered_agents=1.00/2
Full budget used for s4a_wider_t_mid_branch_fixed. Best stage success=0.00%.
No successful checkpoint found for s4a_wider_t_mid_branch_fixed; restored pre-stage model.
Final eval | success_rate=100.00% | mean_reward=3197.00 +/- 0.00 | pickups=2.00 deliveries=2.00 | delivered_agents=2.00/2 

### DYNAMIC MAPPO SWEEP 15/20: quad_physics_mappo_v1_random_delivery_dynamic_slow_sweep_delivery_seed23 ###

Using device: cuda (NVIDIA GeForce RTX 4090)
Initial Quad MAPPO: agents=2 obs=(36,) grid=(6, 5) starts=[(4, 2), (3, 2)] package=(2, 2) deliveries=[(1, 1), (1, 3)] lanes=6 rand_pkg=False rand_del=False dt=0.05 substeps=8 max_tilt=0.32

=== Stage 1/21: s1_short_t_fixed (fixed positions) ===
Stage: agents=2 obs=(36,) grid=(6, 5) starts=[(4, 2), (3, 2)] package=(2, 2) deliveries=[(1, 1), (1, 3)] lanes=6 rand_pkg=False rand_del=False dt=0.05 substeps=8 max_tilt=0.32
Step   10240 | stage_step=  10240 | Episodes:   901
Step   20480 | stage_step=  20480 | Episodes:  1953
Eval @  20480 | stage_step=  20480 | sr=0.00% | reward=915.40 +/- 0.00 | pickups=2.00 deliveries=1.00 delivered_agents=1.00/2
Step   30720 | stage_step=  30720 | Episodes:  2962
[MultiQuadEnv] Steps 1-20000 | pickups=2371 | deliveries=421 | total_pickups=2371 | total_deliveries=421
Step   40960 | stage_step=  40960 | Episodes:  3947
Eval @  40960 | stage_step=  40960 | sr=0.00% | reward=927.00 +/- 0.00 | pickups=2.00 deliveries=1.00 delivered_agents=1.00/2
Step   51200 | stage_step=  51200 | Episodes:  4906
Step   61440 | stage_step=  61440 | Episodes:  5863
Eval @  61440 | stage_step=  61440 | sr=100.00% | reward=3197.20 +/- 0.00 | pickups=2.00 deliveries=2.00 delivered_agents=2.00/2
Early promotion from s1_short_t_fixed: 100.00% >= 90.00%
Restored best for s1_short_t_fixed: sr=100.00% | reward=3197.20

=== Stage 2/21: s2_wider_t_stem_fixed (fixed positions) ===
Stage: agents=2 obs=(36,) grid=(8, 9) starts=[(6, 4), (5, 4)] package=(3, 4) deliveries=[(2, 4), (1, 4)] lanes=12 rand_pkg=False rand_del=False dt=0.05 substeps=8 max_tilt=0.32
Step   71680 | stage_step=  10240 | Episodes:  6896
Step   81920 | stage_step=  20480 | Episodes:  7783
Eval @  88064 | stage_step=  26624 | sr=100.00% | reward=3147.40 +/- 0.00 | pickups=2.00 deliveries=2.00 delivered_agents=2.00/2
Step   90112 | stage_step=  28672 | Episodes:  8470
Step  100352 | stage_step=  38912 | Episodes:  9298
[MultiQuadEnv] Steps 1-20000 | pickups=3525 | deliveries=1934 | total_pickups=3525 | total_deliveries=1934
Step  110592 | stage_step=  49152 | Episodes: 10111
Eval @ 112640 | stage_step=  51200 | sr=100.00% | reward=3147.40 +/- 0.00 | pickups=2.00 deliveries=2.00 delivered_agents=2.00/2
Step  120832 | stage_step=  59392 | Episodes: 10867
Step  131072 | stage_step=  69632 | Episodes: 11608
Eval @ 137216 | stage_step=  75776 | sr=100.00% | reward=3147.60 +/- 0.00 | pickups=2.00 deliveries=2.00 delivered_agents=2.00/2
Early promotion from s2_wider_t_stem_fixed: 100.00% >= 85.00%
Restored best for s2_wider_t_stem_fixed: sr=100.00% | reward=3147.60

=== Stage 3/21: s3_wider_t_near_branch_fixed (fixed positions) ===
Stage: agents=2 obs=(36,) grid=(8, 9) starts=[(6, 4), (5, 4)] package=(2, 4) deliveries=[(1, 3), (1, 5)] lanes=12 rand_pkg=False rand_del=False dt=0.05 substeps=8 max_tilt=0.32
Step  141312 | stage_step=   4096 | Episodes: 12333
Step  151552 | stage_step=  14336 | Episodes: 13009
Step  161792 | stage_step=  24576 | Episodes: 13602
Eval @ 163840 | stage_step=  26624 | sr=0.00% | reward=161.20 +/- 0.00 | pickups=2.00 deliveries=0.00 delivered_agents=0.00/2
Step  172032 | stage_step=  34816 | Episodes: 14231
[MultiQuadEnv] Steps 1-20000 | pickups=3591 | deliveries=382 | total_pickups=3591 | total_deliveries=382
Step  180224 | stage_step=  43008 | Episodes: 14703
Eval @ 188416 | stage_step=  51200 | sr=0.00% | reward=927.00 +/- 0.00 | pickups=2.00 deliveries=1.00 delivered_agents=1.00/2
Step  190464 | stage_step=  53248 | Episodes: 15307
Step  200704 | stage_step=  63488 | Episodes: 15938
Step  210944 | stage_step=  73728 | Episodes: 16555
Eval @ 212992 | stage_step=  75776 | sr=0.00% | reward=927.00 +/- 0.00 | pickups=2.00 deliveries=1.00 delivered_agents=1.00/2
[MultiQuadEnv] Steps 20001-40000 | pickups=3003 | deliveries=812 | total_pickups=6594 | total_deliveries=1194
Step  221184 | stage_step=  83968 | Episodes: 17188
Step  231424 | stage_step=  94208 | Episodes: 17806
Eval @ 237568 | stage_step= 100352 | sr=100.00% | reward=3196.60 +/- 0.00 | pickups=2.00 deliveries=2.00 delivered_agents=2.00/2
Early promotion from s3_wider_t_near_branch_fixed: 100.00% >= 75.00%
Restored best for s3_wider_t_near_branch_fixed: sr=100.00% | reward=3196.60

=== Stage 4/21: s4a_wider_t_mid_branch_fixed (fixed positions) ===
Stage: agents=2 obs=(36,) grid=(8, 9) starts=[(6, 4), (5, 4)] package=(3, 4) deliveries=[(1, 2), (1, 6)] lanes=12 rand_pkg=False rand_del=False dt=0.05 substeps=8 max_tilt=0.32
Step  241664 | stage_step=   4096 | Episodes: 18447
Step  251904 | stage_step=  14336 | Episodes: 19021
Step  260096 | stage_step=  22528 | Episodes: 19466
Eval @ 264192 | stage_step=  26624 | sr=0.00% | reward=176.80 +/- 0.00 | pickups=2.00 deliveries=0.00 delivered_agents=0.00/2
Step  270336 | stage_step=  32768 | Episodes: 20050
[MultiQuadEnv] Steps 1-20000 | pickups=4041 | deliveries=11 | total_pickups=4041 | total_deliveries=11
Step  280576 | stage_step=  43008 | Episodes: 20671
Eval @ 288768 | stage_step=  51200 | sr=0.00% | reward=176.80 +/- 0.00 | pickups=2.00 deliveries=0.00 delivered_agents=0.00/2
Step  290816 | stage_step=  53248 | Episodes: 21305
Step  301056 | stage_step=  63488 | Episodes: 21942
Step  311296 | stage_step=  73728 | Episodes: 22547
Eval @ 313344 | stage_step=  75776 | sr=0.00% | reward=176.80 +/- 0.00 | pickups=2.00 deliveries=0.00 delivered_agents=0.00/2
[MultiQuadEnv] Steps 20001-40000 | pickups=4677 | deliveries=162 | total_pickups=8718 | total_deliveries=173
Step  321536 | stage_step=  83968 | Episodes: 23118
Step  331776 | stage_step=  94208 | Episodes: 23657
Eval @ 337920 | stage_step= 100352 | sr=0.00% | reward=925.45 +/- 0.00 | pickups=2.00 deliveries=1.00 delivered_agents=1.00/2
Step  342016 | stage_step= 104448 | Episodes: 24166
Step  350208 | stage_step= 112640 | Episodes: 24562
[MultiQuadEnv] Steps 40001-60000 | pickups=3778 | deliveries=906 | total_pickups=12496 | total_deliveries=1079
Step  360448 | stage_step= 122880 | Episodes: 25061
Eval @ 364544 | stage_step= 126976 | sr=0.00% | reward=924.80 +/- 0.00 | pickups=2.00 deliveries=1.00 delivered_agents=1.00/2
Step  370688 | stage_step= 133120 | Episodes: 25560
Step  380928 | stage_step= 143360 | Episodes: 26061
Eval @ 389120 | stage_step= 151552 | sr=100.00% | reward=3195.20 +/- 0.00 | pickups=2.00 deliveries=2.00 delivered_agents=2.00/2
Early promotion from s4a_wider_t_mid_branch_fixed: 100.00% >= 80.00%
Restored best for s4a_wider_t_mid_branch_fixed: sr=100.00% | reward=3195.20

=== Stage 5/21: s4b_wider_t_far_branch_fixed (fixed positions) ===
Stage: agents=2 obs=(36,) grid=(8, 9) starts=[(6, 4), (5, 4)] package=(3, 4) deliveries=[(1, 1), (1, 7)] lanes=12 rand_pkg=False rand_del=False dt=0.05 substeps=8 max_tilt=0.32
Step  391168 | stage_step=   2048 | Episodes: 26568
Step  401408 | stage_step=  12288 | Episodes: 27084
Step  411648 | stage_step=  22528 | Episodes: 27579
Eval @ 415744 | stage_step=  26624 | sr=100.00% | reward=3194.30 +/- 0.00 | pickups=2.00 deliveries=2.00 delivered_agents=2.00/2
Step  421888 | stage_step=  32768 | Episodes: 28072
[MultiQuadEnv] Steps 1-20000 | pickups=3627 | deliveries=1225 | total_pickups=3627 | total_deliveries=1225
Step  430080 | stage_step=  40960 | Episodes: 28456
Step  440320 | stage_step=  51200 | Episodes: 28920
Eval @ 440320 | stage_step=  51200 | sr=100.00% | reward=3194.30 +/- 0.00 | pickups=2.00 deliveries=2.00 delivered_agents=2.00/2
Step  450560 | stage_step=  61440 | Episodes: 29368
Step  460800 | stage_step=  71680 | Episodes: 29810
Eval @ 464896 | stage_step=  75776 | sr=100.00% | reward=3194.55 +/- 0.00 | pickups=2.00 deliveries=2.00 delivered_agents=2.00/2
Early promotion from s4b_wider_t_far_branch_fixed: 100.00% >= 80.00%
Restored best for s4b_wider_t_far_branch_fixed: sr=100.00% | reward=3194.55

=== Stage 6/21: s5_wider_t_random_package (random package) ===
Stage: agents=2 obs=(36,) grid=(9, 11) starts=[(7, 5), (6, 5)] package=(2, 5) deliveries=[(1, 1), (1, 9)] lanes=15 rand_pkg=True rand_del=False dt=0.05 substeps=8 max_tilt=0.32
Step  471040 | stage_step=   6144 | Episodes: 30418
Step  481280 | stage_step=  16384 | Episodes: 31110
Step  491520 | stage_step=  26624 | Episodes: 31788
Eval @ 495616 | stage_step=  30720 | sr=35.00% | reward=1232.59 +/- 1438.92 | pickups=2.00 deliveries=0.70 delivered_agents=0.70/2
Step  501760 | stage_step=  36864 | Episodes: 32459
[MultiQuadEnv] Steps 1-20000 | pickups=4190 | deliveries=299 | total_pickups=4190 | total_deliveries=299
Step  512000 | stage_step=  47104 | Episodes: 33103
Step  520192 | stage_step=  55296 | Episodes: 33609
Eval @ 526336 | stage_step=  61440 | sr=35.00% | reward=1192.66 +/- 1468.56 | pickups=1.60 deliveries=0.70 delivered_agents=0.70/2
Step  530432 | stage_step=  65536 | Episodes: 34199
Step  540672 | stage_step=  75776 | Episodes: 34771
[MultiQuadEnv] Steps 20001-40000 | pickups=4061 | deliveries=525 | total_pickups=8251 | total_deliveries=824
Step  550912 | stage_step=  86016 | Episodes: 35363
Eval @ 555008 | stage_step=  90112 | sr=75.00% | reward=2439.11 +/- 1305.92 | pickups=2.00 deliveries=1.50 delivered_agents=1.50/2
Early promotion from s5_wider_t_random_package: 75.00% >= 45.00%
Restored best for s5_wider_t_random_package: sr=75.00% | reward=2439.11
Set actor_log_std=-0.35 for stage exploration

=== Stage 7/21: s6_tiny_pipe_fixed (fixed positions) ===
Stage: agents=2 obs=(36,) grid=(12, 12) starts=[(2, 3), (2, 4)] package=(2, 5) deliveries=[(2, 6), (2, 7)] lanes=47 rand_pkg=False rand_del=False dt=0.05 substeps=8 max_tilt=0.32
Step  561152 | stage_step=   6144 | Episodes: 36372
Step  571392 | stage_step=  16384 | Episodes: 37647
Step  581632 | stage_step=  26624 | Episodes: 38968
Eval @ 581632 | stage_step=  26624 | sr=0.00% | reward=77.70 +/- 0.00 | pickups=1.00 deliveries=0.00 delivered_agents=0.00/2
Step  591872 | stage_step=  36864 | Episodes: 39918
[MultiQuadEnv] Steps 1-20000 | pickups=923 | deliveries=165 | total_pickups=923 | total_deliveries=165
Step  600064 | stage_step=  45056 | Episodes: 40476
Eval @ 606208 | stage_step=  51200 | sr=100.00% | reward=3146.00 +/- 0.00 | pickups=2.00 deliveries=2.00 delivered_agents=2.00/2
Step  610304 | stage_step=  55296 | Episodes: 41158
Step  620544 | stage_step=  65536 | Episodes: 41772
Step  630784 | stage_step=  75776 | Episodes: 42392
Eval @ 630784 | stage_step=  75776 | sr=100.00% | reward=3146.70 +/- 0.00 | pickups=2.00 deliveries=2.00 delivered_agents=2.00/2
Early promotion from s6_tiny_pipe_fixed: 100.00% >= 80.00%
Restored best for s6_tiny_pipe_fixed: sr=100.00% | reward=3146.70
Set actor_log_std=-0.35 for stage exploration

=== Stage 8/21: s7_small_pipe_line_fixed (fixed positions) ===
Stage: agents=2 obs=(36,) grid=(18, 18) starts=[(2, 3), (2, 4)] package=(2, 6) deliveries=[(2, 8), (2, 9)] lanes=104 rand_pkg=False rand_del=False dt=0.05 substeps=8 max_tilt=0.32
Step  641024 | stage_step=  10240 | Episodes: 42948
Step  651264 | stage_step=  20480 | Episodes: 43555
Eval @ 657408 | stage_step=  26624 | sr=100.00% | reward=3146.60 +/- 0.00 | pickups=2.00 deliveries=2.00 delivered_agents=2.00/2
Step  661504 | stage_step=  30720 | Episodes: 44028
[MultiQuadEnv] Steps 1-20000 | pickups=1730 | deliveries=686 | total_pickups=1730 | total_deliveries=686
Step  671744 | stage_step=  40960 | Episodes: 44432
Step  681984 | stage_step=  51200 | Episodes: 44873
Eval @ 681984 | stage_step=  51200 | sr=100.00% | reward=3146.60 +/- 0.00 | pickups=2.00 deliveries=2.00 delivered_agents=2.00/2
Step  690176 | stage_step=  59392 | Episodes: 45208
Step  700416 | stage_step=  69632 | Episodes: 45562
Eval @ 706560 | stage_step=  75776 | sr=100.00% | reward=3146.60 +/- 0.00 | pickups=2.00 deliveries=2.00 delivered_agents=2.00/2
Step  710656 | stage_step=  79872 | Episodes: 45950
[MultiQuadEnv] Steps 20001-40000 | pickups=1713 | deliveries=970 | total_pickups=3443 | total_deliveries=1656
Step  720896 | stage_step=  90112 | Episodes: 46227
Step  731136 | stage_step= 100352 | Episodes: 46550
Eval @ 731136 | stage_step= 100352 | sr=100.00% | reward=3146.20 +/- 0.00 | pickups=2.00 deliveries=2.00 delivered_agents=2.00/2
Early promotion from s7_small_pipe_line_fixed: 100.00% >= 80.00%
Restored best for s7_small_pipe_line_fixed: sr=100.00% | reward=3146.60
Set actor_log_std=-0.35 for stage exploration

=== Stage 9/21: s8_small_pipe_vertical_fixed (fixed positions) ===
Stage: agents=2 obs=(36,) grid=(18, 18) starts=[(2, 8), (3, 8)] package=(4, 8) deliveries=[(5, 8), (6, 8)] lanes=104 rand_pkg=False rand_del=False dt=0.05 substeps=8 max_tilt=0.32
Step  741376 | stage_step=  10240 | Episodes: 47495
Step  751616 | stage_step=  20480 | Episodes: 48262
Eval @ 757760 | stage_step=  26624 | sr=0.00% | reward=-21.20 +/- 0.00 | pickups=0.00 deliveries=0.00 delivered_agents=0.00/2
Step  761856 | stage_step=  30720 | Episodes: 49266
Step  770048 | stage_step=  38912 | Episodes: 50069
[MultiQuadEnv] Steps 1-20000 | pickups=24 | deliveries=1 | total_pickups=24 | total_deliveries=1
Step  780288 | stage_step=  49152 | Episodes: 50909
Eval @ 782336 | stage_step=  51200 | sr=0.00% | reward=-24.80 +/- 0.00 | pickups=0.00 deliveries=0.00 delivered_agents=0.00/2
Step  790528 | stage_step=  59392 | Episodes: 51644
Step  800768 | stage_step=  69632 | Episodes: 52347
Eval @ 806912 | stage_step=  75776 | sr=0.00% | reward=824.80 +/- 0.00 | pickups=1.00 deliveries=1.00 delivered_agents=1.00/2
Step  811008 | stage_step=  79872 | Episodes: 53008
[MultiQuadEnv] Steps 20001-40000 | pickups=429 | deliveries=67 | total_pickups=453 | total_deliveries=68
Step  821248 | stage_step=  90112 | Episodes: 53637
Step  831488 | stage_step= 100352 | Episodes: 54304
Eval @ 831488 | stage_step= 100352 | sr=0.00% | reward=824.20 +/- 0.00 | pickups=1.00 deliveries=1.00 delivered_agents=1.00/2
Step  841728 | stage_step= 110592 | Episodes: 54857
[MultiQuadEnv] Steps 40001-60000 | pickups=586 | deliveries=161 | total_pickups=1039 | total_deliveries=229
Step  851968 | stage_step= 120832 | Episodes: 55458
Eval @ 858112 | stage_step= 126976 | sr=0.00% | reward=824.60 +/- 0.00 | pickups=1.00 deliveries=1.00 delivered_agents=1.00/2
Step  860160 | stage_step= 129024 | Episodes: 55910
Step  870400 | stage_step= 139264 | Episodes: 56482
Step  880640 | stage_step= 149504 | Episodes: 57006
Eval @ 882688 | stage_step= 151552 | sr=0.00% | reward=824.40 +/- 0.00 | pickups=1.00 deliveries=1.00 delivered_agents=1.00/2
Step  890880 | stage_step= 159744 | Episodes: 57544
[MultiQuadEnv] Steps 60001-80000 | pickups=642 | deliveries=205 | total_pickups=1681 | total_deliveries=434
Step  901120 | stage_step= 169984 | Episodes: 58082
Eval @ 907264 | stage_step= 176128 | sr=0.00% | reward=824.80 +/- 0.00 | pickups=1.00 deliveries=1.00 delivered_agents=1.00/2
Step  911360 | stage_step= 180224 | Episodes: 58542
Step  921600 | stage_step= 190464 | Episodes: 59044
[MultiQuadEnv] Steps 80001-100000 | pickups=743 | deliveries=262 | total_pickups=2424 | total_deliveries=696
Step  931840 | stage_step= 200704 | Episodes: 59527
Eval @ 931840 | stage_step= 200704 | sr=0.00% | reward=824.40 +/- 0.00 | pickups=1.00 deliveries=1.00 delivered_agents=1.00/2
Step  940032 | stage_step= 208896 | Episodes: 59881
Step  950272 | stage_step= 219136 | Episodes: 60378
Eval @ 956416 | stage_step= 225280 | sr=0.00% | reward=824.60 +/- 0.00 | pickups=1.00 deliveries=1.00 delivered_agents=1.00/2
Step  960512 | stage_step= 229376 | Episodes: 60865
Step  970752 | stage_step= 239616 | Episodes: 61366
[MultiQuadEnv] Steps 100001-120000 | pickups=761 | deliveries=299 | total_pickups=3185 | total_deliveries=995
Step  980992 | stage_step= 249856 | Episodes: 61817
Eval @ 983040 | stage_step= 251904 | sr=0.00% | reward=825.00 +/- 0.00 | pickups=1.00 deliveries=1.00 delivered_agents=1.00/2
Step  991232 | stage_step= 260096 | Episodes: 62273
Step 1001472 | stage_step= 270336 | Episodes: 62726
Eval @1007616 | stage_step= 276480 | sr=0.00% | reward=825.00 +/- 0.00 | pickups=1.00 deliveries=1.00 delivered_agents=1.00/2
[MultiQuadEnv] Steps 120001-140000 | pickups=768 | deliveries=377 | total_pickups=3953 | total_deliveries=1372
Step 1011712 | stage_step= 280576 | Episodes: 63133
Step 1021952 | stage_step= 290816 | Episodes: 63514
Step 1030144 | stage_step= 299008 | Episodes: 63862
Eval @1032192 | stage_step= 301056 | sr=0.00% | reward=825.00 +/- 0.00 | pickups=1.00 deliveries=1.00 delivered_agents=1.00/2
Step 1040384 | stage_step= 309248 | Episodes: 64291
Step 1050624 | stage_step= 319488 | Episodes: 64693
[MultiQuadEnv] Steps 140001-160000 | pickups=778 | deliveries=391 | total_pickups=4731 | total_deliveries=1763
Eval @1056768 | stage_step= 325632 | sr=0.00% | reward=825.00 +/- 0.00 | pickups=1.00 deliveries=1.00 delivered_agents=1.00/2
Step 1060864 | stage_step= 329728 | Episodes: 65108
Step 1071104 | stage_step= 339968 | Episodes: 65479
Step 1081344 | stage_step= 350208 | Episodes: 65866
Eval @1081344 | stage_step= 350208 | sr=0.00% | reward=825.00 +/- 0.00 | pickups=1.00 deliveries=1.00 delivered_agents=1.00/2
[MultiQuadEnv] Steps 160001-180000 | pickups=781 | deliveries=419 | total_pickups=5512 | total_deliveries=2182
Step 1091584 | stage_step= 360448 | Episodes: 66251
Eval @1091584 | stage_step= 360448 | sr=0.00% | reward=825.00 +/- 0.00 | pickups=1.00 deliveries=1.00 delivered_agents=1.00/2
Full budget used for s8_small_pipe_vertical_fixed. Best stage success=0.00%.
No successful checkpoint found for s8_small_pipe_vertical_fixed; restored pre-stage model.
Final eval | success_rate=100.00% | mean_reward=3146.60 +/- 0.00 | pickups=2.00 deliveries=2.00 | delivered_agents=2.00/2 

### DYNAMIC MAPPO SWEEP 16/20: quad_physics_mappo_v1_random_delivery_dynamic_slow_sweep_delivery_seed41 ###

Using device: cuda (NVIDIA GeForce RTX 4090)
Initial Quad MAPPO: agents=2 obs=(36,) grid=(6, 5) starts=[(4, 2), (3, 2)] package=(2, 2) deliveries=[(1, 1), (1, 3)] lanes=6 rand_pkg=False rand_del=False dt=0.05 substeps=8 max_tilt=0.32

=== Stage 1/21: s1_short_t_fixed (fixed positions) ===
Stage: agents=2 obs=(36,) grid=(6, 5) starts=[(4, 2), (3, 2)] package=(2, 2) deliveries=[(1, 1), (1, 3)] lanes=6 rand_pkg=False rand_del=False dt=0.05 substeps=8 max_tilt=0.32
Step   10240 | stage_step=  10240 | Episodes:   977
Step   20480 | stage_step=  20480 | Episodes:  1984
Eval @  20480 | stage_step=  20480 | sr=0.00% | reward=827.00 +/- 0.00 | pickups=1.00 deliveries=1.00 delivered_agents=1.00/2
Step   30720 | stage_step=  30720 | Episodes:  3053
[MultiQuadEnv] Steps 1-20000 | pickups=2427 | deliveries=421 | total_pickups=2427 | total_deliveries=421
Step   40960 | stage_step=  40960 | Episodes:  4147
Eval @  40960 | stage_step=  40960 | sr=0.00% | reward=877.40 +/- 0.00 | pickups=2.00 deliveries=1.00 delivered_agents=1.00/2
Step   51200 | stage_step=  51200 | Episodes:  5254
Step   61440 | stage_step=  61440 | Episodes:  6346
Eval @  61440 | stage_step=  61440 | sr=0.00% | reward=927.60 +/- 0.00 | pickups=2.00 deliveries=1.00 delivered_agents=1.00/2
Step   71680 | stage_step=  71680 | Episodes:  7456
[MultiQuadEnv] Steps 20001-40000 | pickups=4160 | deliveries=1148 | total_pickups=6587 | total_deliveries=1569
Step   81920 | stage_step=  81920 | Episodes:  8553
Eval @  81920 | stage_step=  81920 | sr=0.00% | reward=927.80 +/- 0.00 | pickups=2.00 deliveries=1.00 delivered_agents=1.00/2
Step   90112 | stage_step=  90112 | Episodes:  9450
Step  100352 | stage_step= 100352 | Episodes: 10584
Eval @ 100352 | stage_step= 100352 | sr=0.00% | reward=927.80 +/- 0.00 | pickups=2.00 deliveries=1.00 delivered_agents=1.00/2
Step  110592 | stage_step= 110592 | Episodes: 11702
[MultiQuadEnv] Steps 40001-60000 | pickups=4572 | deliveries=1477 | total_pickups=11159 | total_deliveries=3046
Step  120832 | stage_step= 120832 | Episodes: 12820
Eval @ 120832 | stage_step= 120832 | sr=0.00% | reward=927.80 +/- 0.00 | pickups=2.00 deliveries=1.00 delivered_agents=1.00/2
Step  131072 | stage_step= 131072 | Episodes: 13941
Step  141312 | stage_step= 141312 | Episodes: 15031
Eval @ 141312 | stage_step= 141312 | sr=100.00% | reward=3198.00 +/- 0.00 | pickups=2.00 deliveries=2.00 delivered_agents=2.00/2
Early promotion from s1_short_t_fixed: 100.00% >= 90.00%
Restored best for s1_short_t_fixed: sr=100.00% | reward=3198.00

=== Stage 2/21: s2_wider_t_stem_fixed (fixed positions) ===
Stage: agents=2 obs=(36,) grid=(8, 9) starts=[(6, 4), (5, 4)] package=(3, 4) deliveries=[(2, 4), (1, 4)] lanes=12 rand_pkg=False rand_del=False dt=0.05 substeps=8 max_tilt=0.32
Step  151552 | stage_step=  10240 | Episodes: 16184
Step  161792 | stage_step=  20480 | Episodes: 17195
Eval @ 167936 | stage_step=  26624 | sr=0.00% | reward=111.60 +/- 0.00 | pickups=2.00 deliveries=0.00 delivered_agents=0.00/2
Step  172032 | stage_step=  30720 | Episodes: 18192
Step  180224 | stage_step=  38912 | Episodes: 18962
[MultiQuadEnv] Steps 1-20000 | pickups=3521 | deliveries=1259 | total_pickups=3521 | total_deliveries=1259
Step  190464 | stage_step=  49152 | Episodes: 19916
Eval @ 192512 | stage_step=  51200 | sr=0.00% | reward=111.60 +/- 0.00 | pickups=2.00 deliveries=0.00 delivered_agents=0.00/2
Step  200704 | stage_step=  59392 | Episodes: 20874
Step  210944 | stage_step=  69632 | Episodes: 21815
Eval @ 217088 | stage_step=  75776 | sr=0.00% | reward=111.60 +/- 0.00 | pickups=2.00 deliveries=0.00 delivered_agents=0.00/2
Step  221184 | stage_step=  79872 | Episodes: 22759
[MultiQuadEnv] Steps 20001-40000 | pickups=4011 | deliveries=1712 | total_pickups=7532 | total_deliveries=2971
Step  231424 | stage_step=  90112 | Episodes: 23702
Step  241664 | stage_step= 100352 | Episodes: 24638
Eval @ 241664 | stage_step= 100352 | sr=0.00% | reward=111.60 +/- 0.00 | pickups=2.00 deliveries=0.00 delivered_agents=0.00/2
Step  251904 | stage_step= 110592 | Episodes: 25556
Step  260096 | stage_step= 118784 | Episodes: 26283
[MultiQuadEnv] Steps 40001-60000 | pickups=4199 | deliveries=2025 | total_pickups=11731 | total_deliveries=4996
Eval @ 268288 | stage_step= 126976 | sr=0.00% | reward=111.60 +/- 0.00 | pickups=2.00 deliveries=0.00 delivered_agents=0.00/2
Step  270336 | stage_step= 129024 | Episodes: 27189
Step  280576 | stage_step= 139264 | Episodes: 28097
Step  290816 | stage_step= 149504 | Episodes: 28981
Eval @ 292864 | stage_step= 151552 | sr=0.00% | reward=111.60 +/- 0.00 | pickups=2.00 deliveries=0.00 delivered_agents=0.00/2
Step  301056 | stage_step= 159744 | Episodes: 29874
[MultiQuadEnv] Steps 60001-80000 | pickups=4429 | deliveries=2258 | total_pickups=16160 | total_deliveries=7254
Step  311296 | stage_step= 169984 | Episodes: 30748
Eval @ 317440 | stage_step= 176128 | sr=0.00% | reward=111.60 +/- 0.00 | pickups=2.00 deliveries=0.00 delivered_agents=0.00/2
Step  321536 | stage_step= 180224 | Episodes: 31609
Step  331776 | stage_step= 190464 | Episodes: 32456
[MultiQuadEnv] Steps 80001-100000 | pickups=4663 | deliveries=2709 | total_pickups=20823 | total_deliveries=9963
Step  342016 | stage_step= 200704 | Episodes: 33296
Eval @ 342016 | stage_step= 200704 | sr=100.00% | reward=3147.60 +/- 0.00 | pickups=2.00 deliveries=2.00 delivered_agents=2.00/2
Early promotion from s2_wider_t_stem_fixed: 100.00% >= 85.00%
Restored best for s2_wider_t_stem_fixed: sr=100.00% | reward=3147.60

=== Stage 3/21: s3_wider_t_near_branch_fixed (fixed positions) ===
Stage: agents=2 obs=(36,) grid=(8, 9) starts=[(6, 4), (5, 4)] package=(2, 4) deliveries=[(1, 3), (1, 5)] lanes=12 rand_pkg=False rand_del=False dt=0.05 substeps=8 max_tilt=0.32
Step  350208 | stage_step=   8192 | Episodes: 33949
Step  360448 | stage_step=  18432 | Episodes: 34729
Eval @ 368640 | stage_step=  26624 | sr=100.00% | reward=3197.20 +/- 0.00 | pickups=2.00 deliveries=2.00 delivered_agents=2.00/2
Step  370688 | stage_step=  28672 | Episodes: 35527
Step  380928 | stage_step=  38912 | Episodes: 36305
[MultiQuadEnv] Steps 1-20000 | pickups=3223 | deliveries=456 | total_pickups=3223 | total_deliveries=456
Step  391168 | stage_step=  49152 | Episodes: 37131
Eval @ 393216 | stage_step=  51200 | sr=0.00% | reward=927.20 +/- 0.00 | pickups=2.00 deliveries=1.00 delivered_agents=1.00/2
Step  401408 | stage_step=  59392 | Episodes: 37909
Step  411648 | stage_step=  69632 | Episodes: 38641
Eval @ 417792 | stage_step=  75776 | sr=0.00% | reward=927.20 +/- 0.00 | pickups=2.00 deliveries=1.00 delivered_agents=1.00/2
Step  421888 | stage_step=  79872 | Episodes: 39397
[MultiQuadEnv] Steps 20001-40000 | pickups=3161 | deliveries=711 | total_pickups=6384 | total_deliveries=1167
Step  430080 | stage_step=  88064 | Episodes: 40017
Step  440320 | stage_step=  98304 | Episodes: 40809
Eval @ 442368 | stage_step= 100352 | sr=0.00% | reward=927.20 +/- 0.00 | pickups=2.00 deliveries=1.00 delivered_agents=1.00/2
Step  450560 | stage_step= 108544 | Episodes: 41580
Step  460800 | stage_step= 118784 | Episodes: 42368
[MultiQuadEnv] Steps 40001-60000 | pickups=3281 | deliveries=884 | total_pickups=9665 | total_deliveries=2051
Eval @ 468992 | stage_step= 126976 | sr=0.00% | reward=927.20 +/- 0.00 | pickups=2.00 deliveries=1.00 delivered_agents=1.00/2
Step  471040 | stage_step= 129024 | Episodes: 43144
Step  481280 | stage_step= 139264 | Episodes: 43932
Step  491520 | stage_step= 149504 | Episodes: 44713
Eval @ 493568 | stage_step= 151552 | sr=100.00% | reward=3197.20 +/- 0.00 | pickups=2.00 deliveries=2.00 delivered_agents=2.00/2
Early promotion from s3_wider_t_near_branch_fixed: 100.00% >= 75.00%
Restored best for s3_wider_t_near_branch_fixed: sr=100.00% | reward=3197.20

=== Stage 4/21: s4a_wider_t_mid_branch_fixed (fixed positions) ===
Stage: agents=2 obs=(36,) grid=(8, 9) starts=[(6, 4), (5, 4)] package=(3, 4) deliveries=[(1, 2), (1, 6)] lanes=12 rand_pkg=False rand_del=False dt=0.05 substeps=8 max_tilt=0.32
Step  501760 | stage_step=   8192 | Episodes: 45534
Step  512000 | stage_step=  18432 | Episodes: 46314
Step  520192 | stage_step=  26624 | Episodes: 46910
Eval @ 520192 | stage_step=  26624 | sr=0.00% | reward=176.80 +/- 0.00 | pickups=2.00 deliveries=0.00 delivered_agents=0.00/2
Step  530432 | stage_step=  36864 | Episodes: 47630
[MultiQuadEnv] Steps 1-20000 | pickups=4387 | deliveries=0 | total_pickups=4387 | total_deliveries=0
Step  540672 | stage_step=  47104 | Episodes: 48355
Eval @ 544768 | stage_step=  51200 | sr=0.00% | reward=176.80 +/- 0.00 | pickups=2.00 deliveries=0.00 delivered_agents=0.00/2
Step  550912 | stage_step=  57344 | Episodes: 49046
Step  561152 | stage_step=  67584 | Episodes: 49738
Eval @ 569344 | stage_step=  75776 | sr=0.00% | reward=156.25 +/- 0.00 | pickups=2.00 deliveries=0.00 delivered_agents=0.00/2
Step  571392 | stage_step=  77824 | Episodes: 50412
[MultiQuadEnv] Steps 20001-40000 | pickups=4289 | deliveries=0 | total_pickups=8676 | total_deliveries=0
Step  581632 | stage_step=  88064 | Episodes: 51064
Step  591872 | stage_step=  98304 | Episodes: 51706
Eval @ 593920 | stage_step= 100352 | sr=0.00% | reward=156.25 +/- 0.00 | pickups=2.00 deliveries=0.00 delivered_agents=0.00/2
Step  600064 | stage_step= 106496 | Episodes: 52231
Step  610304 | stage_step= 116736 | Episodes: 52913
[MultiQuadEnv] Steps 40001-60000 | pickups=4600 | deliveries=0 | total_pickups=13276 | total_deliveries=0
Step  620544 | stage_step= 126976 | Episodes: 53607
Eval @ 620544 | stage_step= 126976 | sr=0.00% | reward=176.80 +/- 0.00 | pickups=2.00 deliveries=0.00 delivered_agents=0.00/2
Step  630784 | stage_step= 137216 | Episodes: 54312
Step  641024 | stage_step= 147456 | Episodes: 55024
Eval @ 645120 | stage_step= 151552 | sr=0.00% | reward=176.80 +/- 0.00 | pickups=2.00 deliveries=0.00 delivered_agents=0.00/2
Step  651264 | stage_step= 157696 | Episodes: 55740
[MultiQuadEnv] Steps 60001-80000 | pickups=5470 | deliveries=0 | total_pickups=18746 | total_deliveries=0
Step  661504 | stage_step= 167936 | Episodes: 56460
Eval @ 669696 | stage_step= 176128 | sr=0.00% | reward=176.80 +/- 0.00 | pickups=2.00 deliveries=0.00 delivered_agents=0.00/2
Step  671744 | stage_step= 178176 | Episodes: 57185
Step  681984 | stage_step= 188416 | Episodes: 57921
Step  690176 | stage_step= 196608 | Episodes: 58505
[MultiQuadEnv] Steps 80001-100000 | pickups=5680 | deliveries=0 | total_pickups=24426 | total_deliveries=0
Eval @ 694272 | stage_step= 200704 | sr=0.00% | reward=176.80 +/- 0.00 | pickups=2.00 deliveries=0.00 delivered_agents=0.00/2
Step  700416 | stage_step= 206848 | Episodes: 59240
Step  710656 | stage_step= 217088 | Episodes: 59971
Eval @ 718848 | stage_step= 225280 | sr=0.00% | reward=176.80 +/- 0.00 | pickups=2.00 deliveries=0.00 delivered_agents=0.00/2
Step  720896 | stage_step= 227328 | Episodes: 60704
Step  731136 | stage_step= 237568 | Episodes: 61441
[MultiQuadEnv] Steps 100001-120000 | pickups=5730 | deliveries=0 | total_pickups=30156 | total_deliveries=0
Step  741376 | stage_step= 247808 | Episodes: 62182
Eval @ 745472 | stage_step= 251904 | sr=0.00% | reward=176.80 +/- 0.00 | pickups=2.00 deliveries=0.00 delivered_agents=0.00/2
Step  751616 | stage_step= 258048 | Episodes: 62915
Step  761856 | stage_step= 268288 | Episodes: 63649
Step  770048 | stage_step= 276480 | Episodes: 64237
Eval @ 770048 | stage_step= 276480 | sr=0.00% | reward=177.20 +/- 0.00 | pickups=2.00 deliveries=0.00 delivered_agents=0.00/2
[MultiQuadEnv] Steps 120001-140000 | pickups=5754 | deliveries=0 | total_pickups=35910 | total_deliveries=0
Step  780288 | stage_step= 286720 | Episodes: 64969
Step  790528 | stage_step= 296960 | Episodes: 65702
Eval @ 794624 | stage_step= 301056 | sr=0.00% | reward=176.80 +/- 0.00 | pickups=2.00 deliveries=0.00 delivered_agents=0.00/2
Step  800768 | stage_step= 307200 | Episodes: 66430
Step  811008 | stage_step= 317440 | Episodes: 67162
[MultiQuadEnv] Steps 140001-160000 | pickups=5713 | deliveries=0 | total_pickups=41623 | total_deliveries=0
Eval @ 819200 | stage_step= 325632 | sr=0.00% | reward=176.80 +/- 0.00 | pickups=2.00 deliveries=0.00 delivered_agents=0.00/2
Step  821248 | stage_step= 327680 | Episodes: 67891
Step  831488 | stage_step= 337920 | Episodes: 68620
Step  841728 | stage_step= 348160 | Episodes: 69350
Eval @ 843776 | stage_step= 350208 | sr=0.00% | reward=176.80 +/- 0.00 | pickups=2.00 deliveries=0.00 delivered_agents=0.00/2
Step  851968 | stage_step= 358400 | Episodes: 70079
[MultiQuadEnv] Steps 160001-180000 | pickups=5704 | deliveries=0 | total_pickups=47327 | total_deliveries=0
Step  860160 | stage_step= 366592 | Episodes: 70662
Step  870400 | stage_step= 376832 | Episodes: 71392
Eval @ 870400 | stage_step= 376832 | sr=0.00% | reward=176.80 +/- 0.00 | pickups=2.00 deliveries=0.00 delivered_agents=0.00/2
Step  880640 | stage_step= 387072 | Episodes: 72122
Step  890880 | stage_step= 397312 | Episodes: 72852
[MultiQuadEnv] Steps 180001-200000 | pickups=5704 | deliveries=0 | total_pickups=53031 | total_deliveries=0
Eval @ 894976 | stage_step= 401408 | sr=0.00% | reward=176.80 +/- 0.00 | pickups=2.00 deliveries=0.00 delivered_agents=0.00/2
Step  901120 | stage_step= 407552 | Episodes: 73582
Step  911360 | stage_step= 417792 | Episodes: 74312
Eval @ 919552 | stage_step= 425984 | sr=0.00% | reward=176.80 +/- 0.00 | pickups=2.00 deliveries=0.00 delivered_agents=0.00/2
Step  921600 | stage_step= 428032 | Episodes: 75042
Step  931840 | stage_step= 438272 | Episodes: 75772
[MultiQuadEnv] Steps 200001-220000 | pickups=5702 | deliveries=0 | total_pickups=58733 | total_deliveries=0
Step  940032 | stage_step= 446464 | Episodes: 76355
Eval @ 944128 | stage_step= 450560 | sr=0.00% | reward=176.80 +/- 0.00 | pickups=2.00 deliveries=0.00 delivered_agents=0.00/2
Step  950272 | stage_step= 456704 | Episodes: 77085
Step  960512 | stage_step= 466944 | Episodes: 77815
Eval @ 968704 | stage_step= 475136 | sr=0.00% | reward=176.80 +/- 0.00 | pickups=2.00 deliveries=0.00 delivered_agents=0.00/2
Step  970752 | stage_step= 477184 | Episodes: 78545
[MultiQuadEnv] Steps 220001-240000 | pickups=5704 | deliveries=0 | total_pickups=64437 | total_deliveries=0
Step  980992 | stage_step= 487424 | Episodes: 79275
Step  991232 | stage_step= 497664 | Episodes: 80005
Eval @ 995328 | stage_step= 501760 | sr=0.00% | reward=176.80 +/- 0.00 | pickups=2.00 deliveries=0.00 delivered_agents=0.00/2
Full budget used for s4a_wider_t_mid_branch_fixed. Best stage success=0.00%.
No successful checkpoint found for s4a_wider_t_mid_branch_fixed; restored pre-stage model.
Final eval | success_rate=100.00% | mean_reward=3197.20 +/- 0.00 | pickups=2.00 deliveries=2.00 | delivered_agents=2.00/2 

### DYNAMIC MAPPO SWEEP 17/20: quad_physics_mappo_v1_random_delivery_dynamic_slow_sweep_long_seed7 ###

Using device: cuda (NVIDIA GeForce RTX 4090)
Initial Quad MAPPO: agents=2 obs=(36,) grid=(6, 5) starts=[(4, 2), (3, 2)] package=(2, 2) deliveries=[(1, 1), (1, 3)] lanes=6 rand_pkg=False rand_del=False dt=0.05 substeps=8 max_tilt=0.32

=== Stage 1/21: s1_short_t_fixed (fixed positions) ===
Stage: agents=2 obs=(36,) grid=(6, 5) starts=[(4, 2), (3, 2)] package=(2, 2) deliveries=[(1, 1), (1, 3)] lanes=6 rand_pkg=False rand_del=False dt=0.05 substeps=8 max_tilt=0.32
Step   10240 | stage_step=  10240 | Episodes:   975
Step   20480 | stage_step=  20480 | Episodes:  2043
Eval @  20480 | stage_step=  20480 | sr=0.00% | reward=127.20 +/- 0.00 | pickups=1.00 deliveries=0.00 delivered_agents=0.00/2
Step   30720 | stage_step=  30720 | Episodes:  3110
[MultiQuadEnv] Steps 1-20000 | pickups=2441 | deliveries=299 | total_pickups=2441 | total_deliveries=299
Step   40960 | stage_step=  40960 | Episodes:  4183
Eval @  40960 | stage_step=  40960 | sr=0.00% | reward=127.60 +/- 0.00 | pickups=1.00 deliveries=0.00 delivered_agents=0.00/2
Step   51200 | stage_step=  51200 | Episodes:  5264
Step   61440 | stage_step=  61440 | Episodes:  6333
Eval @  61440 | stage_step=  61440 | sr=0.00% | reward=777.60 +/- 0.00 | pickups=2.00 deliveries=1.00 delivered_agents=1.00/2
Step   71680 | stage_step=  71680 | Episodes:  7422
[MultiQuadEnv] Steps 20001-40000 | pickups=4181 | deliveries=921 | total_pickups=6622 | total_deliveries=1220
Step   81920 | stage_step=  81920 | Episodes:  8504
Eval @  81920 | stage_step=  81920 | sr=0.00% | reward=278.00 +/- 0.00 | pickups=2.00 deliveries=0.00 delivered_agents=0.00/2
Step   90112 | stage_step=  90112 | Episodes:  9378
Step  100352 | stage_step= 100352 | Episodes: 10494
Eval @ 100352 | stage_step= 100352 | sr=0.00% | reward=262.00 +/- 0.00 | pickups=2.00 deliveries=0.00 delivered_agents=0.00/2
Step  110592 | stage_step= 110592 | Episodes: 11595
[MultiQuadEnv] Steps 40001-60000 | pickups=5143 | deliveries=1229 | total_pickups=11765 | total_deliveries=2449
Step  120832 | stage_step= 120832 | Episodes: 12721
Eval @ 120832 | stage_step= 120832 | sr=0.00% | reward=778.00 +/- 0.00 | pickups=2.00 deliveries=1.00 delivered_agents=1.00/2
Step  131072 | stage_step= 131072 | Episodes: 13840
Step  141312 | stage_step= 141312 | Episodes: 14972
Eval @ 141312 | stage_step= 141312 | sr=0.00% | reward=778.00 +/- 0.00 | pickups=2.00 deliveries=1.00 delivered_agents=1.00/2
Step  151552 | stage_step= 151552 | Episodes: 16104
[MultiQuadEnv] Steps 60001-80000 | pickups=5370 | deliveries=1623 | total_pickups=17135 | total_deliveries=4072
Step  161792 | stage_step= 161792 | Episodes: 17245
Eval @ 161792 | stage_step= 161792 | sr=0.00% | reward=778.00 +/- 0.00 | pickups=2.00 deliveries=1.00 delivered_agents=1.00/2
Step  172032 | stage_step= 172032 | Episodes: 18367
Step  180224 | stage_step= 180224 | Episodes: 19253
Eval @ 180224 | stage_step= 180224 | sr=0.00% | reward=778.00 +/- 0.00 | pickups=2.00 deliveries=1.00 delivered_agents=1.00/2
Full budget used for s1_short_t_fixed. Best stage success=0.00%.
No successful checkpoint found for s1_short_t_fixed; restored pre-stage model.
Final eval | success_rate=0.00% | mean_reward=-48.00 +/- 0.00 | pickups=0.00 deliveries=0.00 | delivered_agents=0.00/2 

### DYNAMIC MAPPO SWEEP 18/20: quad_physics_mappo_v1_random_delivery_dynamic_slow_sweep_long_seed11 ###

Using device: cuda (NVIDIA GeForce RTX 4090)
Initial Quad MAPPO: agents=2 obs=(36,) grid=(6, 5) starts=[(4, 2), (3, 2)] package=(2, 2) deliveries=[(1, 1), (1, 3)] lanes=6 rand_pkg=False rand_del=False dt=0.05 substeps=8 max_tilt=0.32

=== Stage 1/21: s1_short_t_fixed (fixed positions) ===
Stage: agents=2 obs=(36,) grid=(6, 5) starts=[(4, 2), (3, 2)] package=(2, 2) deliveries=[(1, 1), (1, 3)] lanes=6 rand_pkg=False rand_del=False dt=0.05 substeps=8 max_tilt=0.32
Step   10240 | stage_step=  10240 | Episodes:   993
Step   20480 | stage_step=  20480 | Episodes:  1979
Eval @  20480 | stage_step=  20480 | sr=0.00% | reward=127.20 +/- 0.00 | pickups=1.00 deliveries=0.00 delivered_agents=0.00/2
Step   30720 | stage_step=  30720 | Episodes:  2967
[MultiQuadEnv] Steps 1-20000 | pickups=2467 | deliveries=398 | total_pickups=2467 | total_deliveries=398
Step   40960 | stage_step=  40960 | Episodes:  3903
Eval @  40960 | stage_step=  40960 | sr=0.00% | reward=727.00 +/- 0.00 | pickups=2.00 deliveries=1.00 delivered_agents=1.00/2
Step   51200 | stage_step=  51200 | Episodes:  4800
Step   61440 | stage_step=  61440 | Episodes:  5651
Eval @  61440 | stage_step=  61440 | sr=0.00% | reward=777.40 +/- 0.00 | pickups=2.00 deliveries=1.00 delivered_agents=1.00/2
Step   71680 | stage_step=  71680 | Episodes:  6462
[MultiQuadEnv] Steps 20001-40000 | pickups=4298 | deliveries=1319 | total_pickups=6765 | total_deliveries=1717
Step   81920 | stage_step=  81920 | Episodes:  7201
Eval @  81920 | stage_step=  81920 | sr=0.00% | reward=777.40 +/- 0.00 | pickups=2.00 deliveries=1.00 delivered_agents=1.00/2
Step   90112 | stage_step=  90112 | Episodes:  7767
Step  100352 | stage_step= 100352 | Episodes:  8442
Eval @ 100352 | stage_step= 100352 | sr=0.00% | reward=777.40 +/- 0.00 | pickups=2.00 deliveries=1.00 delivered_agents=1.00/2
Step  110592 | stage_step= 110592 | Episodes:  9105
[MultiQuadEnv] Steps 40001-60000 | pickups=4344 | deliveries=1614 | total_pickups=11109 | total_deliveries=3331
Step  120832 | stage_step= 120832 | Episodes:  9780
Eval @ 120832 | stage_step= 120832 | sr=0.00% | reward=777.20 +/- 0.00 | pickups=2.00 deliveries=1.00 delivered_agents=1.00/2
Step  131072 | stage_step= 131072 | Episodes: 10415
Step  141312 | stage_step= 141312 | Episodes: 10983
Eval @ 141312 | stage_step= 141312 | sr=100.00% | reward=2296.80 +/- 0.00 | pickups=2.00 deliveries=2.00 delivered_agents=2.00/2
Early promotion from s1_short_t_fixed: 100.00% >= 90.00%
Restored best for s1_short_t_fixed: sr=100.00% | reward=2296.80

=== Stage 2/21: s2_wider_t_stem_fixed (fixed positions) ===
Stage: agents=2 obs=(36,) grid=(8, 9) starts=[(6, 4), (5, 4)] package=(3, 4) deliveries=[(2, 4), (1, 4)] lanes=12 rand_pkg=False rand_del=False dt=0.05 substeps=8 max_tilt=0.32
Step  151552 | stage_step=  10240 | Episodes: 11771
Step  161792 | stage_step=  20480 | Episodes: 12429
Eval @ 167936 | stage_step=  26624 | sr=100.00% | reward=2247.00 +/- 0.00 | pickups=2.00 deliveries=2.00 delivered_agents=2.00/2
Step  172032 | stage_step=  30720 | Episodes: 13072
Step  180224 | stage_step=  38912 | Episodes: 13590
[MultiQuadEnv] Steps 1-20000 | pickups=3580 | deliveries=1989 | total_pickups=3580 | total_deliveries=1989
Step  190464 | stage_step=  49152 | Episodes: 14252
Eval @ 192512 | stage_step=  51200 | sr=100.00% | reward=2247.40 +/- 0.00 | pickups=2.00 deliveries=2.00 delivered_agents=2.00/2
Step  200704 | stage_step=  59392 | Episodes: 14935
Step  210944 | stage_step=  69632 | Episodes: 15627
Eval @ 217088 | stage_step=  75776 | sr=100.00% | reward=2247.40 +/- 0.00 | pickups=2.00 deliveries=2.00 delivered_agents=2.00/2
Early promotion from s2_wider_t_stem_fixed: 100.00% >= 85.00%
Restored best for s2_wider_t_stem_fixed: sr=100.00% | reward=2247.40

=== Stage 3/21: s3_wider_t_near_branch_fixed (fixed positions) ===
Stage: agents=2 obs=(36,) grid=(8, 9) starts=[(6, 4), (5, 4)] package=(2, 4) deliveries=[(1, 3), (1, 5)] lanes=12 rand_pkg=False rand_del=False dt=0.05 substeps=8 max_tilt=0.32
Step  221184 | stage_step=   4096 | Episodes: 16270
Step  231424 | stage_step=  14336 | Episodes: 16753
Step  241664 | stage_step=  24576 | Episodes: 17204
Eval @ 243712 | stage_step=  26624 | sr=100.00% | reward=2295.80 +/- 0.00 | pickups=2.00 deliveries=2.00 delivered_agents=2.00/2
Step  251904 | stage_step=  34816 | Episodes: 17701
[MultiQuadEnv] Steps 1-20000 | pickups=3008 | deliveries=950 | total_pickups=3008 | total_deliveries=950
Step  260096 | stage_step=  43008 | Episodes: 18111
Eval @ 268288 | stage_step=  51200 | sr=100.00% | reward=2296.40 +/- 0.00 | pickups=2.00 deliveries=2.00 delivered_agents=2.00/2
Step  270336 | stage_step=  53248 | Episodes: 18615
Step  280576 | stage_step=  63488 | Episodes: 19100
Step  290816 | stage_step=  73728 | Episodes: 19601
Eval @ 292864 | stage_step=  75776 | sr=100.00% | reward=2296.40 +/- 0.00 | pickups=2.00 deliveries=2.00 delivered_agents=2.00/2
Early promotion from s3_wider_t_near_branch_fixed: 100.00% >= 75.00%
Restored best for s3_wider_t_near_branch_fixed: sr=100.00% | reward=2296.40

=== Stage 4/21: s4a_wider_t_mid_branch_fixed (fixed positions) ===
Stage: agents=2 obs=(36,) grid=(8, 9) starts=[(6, 4), (5, 4)] package=(3, 4) deliveries=[(1, 2), (1, 6)] lanes=12 rand_pkg=False rand_del=False dt=0.05 substeps=8 max_tilt=0.32
Step  301056 | stage_step=   8192 | Episodes: 20205
Step  311296 | stage_step=  18432 | Episodes: 20730
Eval @ 319488 | stage_step=  26624 | sr=100.00% | reward=2294.25 +/- 0.00 | pickups=2.00 deliveries=2.00 delivered_agents=2.00/2
Step  321536 | stage_step=  28672 | Episodes: 21259
Step  331776 | stage_step=  38912 | Episodes: 21769
[MultiQuadEnv] Steps 1-20000 | pickups=3707 | deliveries=741 | total_pickups=3707 | total_deliveries=741
Step  342016 | stage_step=  49152 | Episodes: 22272
Eval @ 344064 | stage_step=  51200 | sr=100.00% | reward=2294.55 +/- 0.00 | pickups=2.00 deliveries=2.00 delivered_agents=2.00/2
Step  350208 | stage_step=  57344 | Episodes: 22685
Step  360448 | stage_step=  67584 | Episodes: 23187
Eval @ 368640 | stage_step=  75776 | sr=100.00% | reward=2294.90 +/- 0.00 | pickups=2.00 deliveries=2.00 delivered_agents=2.00/2
Early promotion from s4a_wider_t_mid_branch_fixed: 100.00% >= 80.00%
Restored best for s4a_wider_t_mid_branch_fixed: sr=100.00% | reward=2294.90

=== Stage 5/21: s4b_wider_t_far_branch_fixed (fixed positions) ===
Stage: agents=2 obs=(36,) grid=(8, 9) starts=[(6, 4), (5, 4)] package=(3, 4) deliveries=[(1, 1), (1, 7)] lanes=12 rand_pkg=False rand_del=False dt=0.05 substeps=8 max_tilt=0.32
Step  370688 | stage_step=   2048 | Episodes: 23707
Step  380928 | stage_step=  12288 | Episodes: 24280
Step  391168 | stage_step=  22528 | Episodes: 24823
Eval @ 395264 | stage_step=  26624 | sr=100.00% | reward=2294.55 +/- 0.00 | pickups=2.00 deliveries=2.00 delivered_agents=2.00/2
Step  401408 | stage_step=  32768 | Episodes: 25357
[MultiQuadEnv] Steps 1-20000 | pickups=3862 | deliveries=778 | total_pickups=3862 | total_deliveries=778
Step  411648 | stage_step=  43008 | Episodes: 25870
Eval @ 419840 | stage_step=  51200 | sr=100.00% | reward=2294.55 +/- 0.00 | pickups=2.00 deliveries=2.00 delivered_agents=2.00/2
Step  421888 | stage_step=  53248 | Episodes: 26368
Step  430080 | stage_step=  61440 | Episodes: 26770
Step  440320 | stage_step=  71680 | Episodes: 27255
Eval @ 444416 | stage_step=  75776 | sr=100.00% | reward=2294.55 +/- 0.00 | pickups=2.00 deliveries=2.00 delivered_agents=2.00/2
Early promotion from s4b_wider_t_far_branch_fixed: 100.00% >= 80.00%
Restored best for s4b_wider_t_far_branch_fixed: sr=100.00% | reward=2294.55

=== Stage 6/21: s5_wider_t_random_package (random package) ===
Stage: agents=2 obs=(36,) grid=(9, 11) starts=[(7, 5), (6, 5)] package=(2, 5) deliveries=[(1, 1), (1, 9)] lanes=15 rand_pkg=True rand_del=False dt=0.05 substeps=8 max_tilt=0.32
Step  450560 | stage_step=   6144 | Episodes: 27867
Step  460800 | stage_step=  16384 | Episodes: 28533
Step  471040 | stage_step=  26624 | Episodes: 29189
Eval @ 475136 | stage_step=  30720 | sr=0.00% | reward=30.10 +/- 98.08 | pickups=0.35 deliveries=0.00 delivered_agents=0.00/2
Step  481280 | stage_step=  36864 | Episodes: 30144
[MultiQuadEnv] Steps 1-20000 | pickups=3668 | deliveries=79 | total_pickups=3668 | total_deliveries=79
Step  491520 | stage_step=  47104 | Episodes: 31040
Step  501760 | stage_step=  57344 | Episodes: 31742
Eval @ 505856 | stage_step=  61440 | sr=0.00% | reward=275.09 +/- 1.76 | pickups=2.00 deliveries=0.00 delivered_agents=0.00/2
Step  512000 | stage_step=  67584 | Episodes: 32271
Step  520192 | stage_step=  75776 | Episodes: 32721
[MultiQuadEnv] Steps 20001-40000 | pickups=3245 | deliveries=54 | total_pickups=6913 | total_deliveries=133
Step  530432 | stage_step=  86016 | Episodes: 33278
Eval @ 534528 | stage_step=  90112 | sr=40.00% | reward=1072.66 +/- 995.62 | pickups=2.00 deliveries=0.80 delivered_agents=0.80/2
Step  540672 | stage_step=  96256 | Episodes: 33838
Step  550912 | stage_step= 106496 | Episodes: 34412
Step  561152 | stage_step= 116736 | Episodes: 34999
[MultiQuadEnv] Steps 40001-60000 | pickups=3786 | deliveries=91 | total_pickups=10699 | total_deliveries=224
Eval @ 565248 | stage_step= 120832 | sr=0.00% | reward=246.89 +/- 13.37 | pickups=2.00 deliveries=0.00 delivered_agents=0.00/2
Step  571392 | stage_step= 126976 | Episodes: 35567
Step  581632 | stage_step= 137216 | Episodes: 36152
Step  591872 | stage_step= 147456 | Episodes: 36727
Eval @ 595968 | stage_step= 151552 | sr=35.00% | reward=972.09 +/- 968.97 | pickups=2.00 deliveries=0.70 delivered_agents=0.70/2
Step  600064 | stage_step= 155648 | Episodes: 37175
[MultiQuadEnv] Steps 60001-80000 | pickups=4082 | deliveries=163 | total_pickups=14781 | total_deliveries=387
Step  610304 | stage_step= 165888 | Episodes: 37785
Step  620544 | stage_step= 176128 | Episodes: 38388
Eval @ 624640 | stage_step= 180224 | sr=35.00% | reward=977.37 +/- 963.46 | pickups=2.00 deliveries=0.70 delivered_agents=0.70/2
Step  630784 | stage_step= 186368 | Episodes: 39027
Step  641024 | stage_step= 196608 | Episodes: 39627
[MultiQuadEnv] Steps 80001-100000 | pickups=4208 | deliveries=188 | total_pickups=18989 | total_deliveries=575
Step  651264 | stage_step= 206848 | Episodes: 40200
Eval @ 655360 | stage_step= 210944 | sr=35.00% | reward=982.25 +/- 961.61 | pickups=2.00 deliveries=0.70 delivered_agents=0.70/2
Step  661504 | stage_step= 217088 | Episodes: 40793
Step  671744 | stage_step= 227328 | Episodes: 41367
Step  681984 | stage_step= 237568 | Episodes: 41932
[MultiQuadEnv] Steps 100001-120000 | pickups=4226 | deliveries=307 | total_pickups=23215 | total_deliveries=882
Eval @ 686080 | stage_step= 241664 | sr=35.00% | reward=982.02 +/- 961.30 | pickups=2.00 deliveries=0.70 delivered_agents=0.70/2
Step  690176 | stage_step= 245760 | Episodes: 42383
Step  700416 | stage_step= 256000 | Episodes: 42990
Step  710656 | stage_step= 266240 | Episodes: 43609
Eval @ 714752 | stage_step= 270336 | sr=35.00% | reward=981.98 +/- 961.37 | pickups=2.00 deliveries=0.70 delivered_agents=0.70/2
Step  720896 | stage_step= 276480 | Episodes: 44195
[MultiQuadEnv] Steps 120001-140000 | pickups=4071 | deliveries=276 | total_pickups=27286 | total_deliveries=1158
Step  731136 | stage_step= 286720 | Episodes: 44743
Step  741376 | stage_step= 296960 | Episodes: 45277
Eval @ 745472 | stage_step= 301056 | sr=35.00% | reward=975.99 +/- 965.93 | pickups=2.00 deliveries=0.70 delivered_agents=0.70/2
Step  751616 | stage_step= 307200 | Episodes: 45815
Step  761856 | stage_step= 317440 | Episodes: 46340
[MultiQuadEnv] Steps 140001-160000 | pickups=3885 | deliveries=515 | total_pickups=31171 | total_deliveries=1673
Step  770048 | stage_step= 325632 | Episodes: 46765
Eval @ 776192 | stage_step= 331776 | sr=35.00% | reward=975.99 +/- 965.93 | pickups=2.00 deliveries=0.70 delivered_agents=0.70/2
Step  780288 | stage_step= 335872 | Episodes: 47296
Step  790528 | stage_step= 346112 | Episodes: 47817
Step  800768 | stage_step= 356352 | Episodes: 48357
[MultiQuadEnv] Steps 160001-180000 | pickups=3870 | deliveries=542 | total_pickups=35041 | total_deliveries=2215
Eval @ 804864 | stage_step= 360448 | sr=35.00% | reward=975.99 +/- 965.93 | pickups=2.00 deliveries=0.70 delivered_agents=0.70/2
Step  811008 | stage_step= 366592 | Episodes: 48858
Step  821248 | stage_step= 376832 | Episodes: 49358
Step  831488 | stage_step= 387072 | Episodes: 49883
Eval @ 835584 | stage_step= 391168 | sr=35.00% | reward=982.04 +/- 961.32 | pickups=2.00 deliveries=0.70 delivered_agents=0.70/2
Step  841728 | stage_step= 397312 | Episodes: 50387
[MultiQuadEnv] Steps 180001-200000 | pickups=3717 | deliveries=625 | total_pickups=38758 | total_deliveries=2840
Step  851968 | stage_step= 407552 | Episodes: 50908
Step  860160 | stage_step= 415744 | Episodes: 51323
Eval @ 866304 | stage_step= 421888 | sr=0.00% | reward=450.21 +/- 236.57 | pickups=2.00 deliveries=0.35 delivered_agents=0.35/2
Step  870400 | stage_step= 425984 | Episodes: 51909
Step  880640 | stage_step= 436224 | Episodes: 52531
[MultiQuadEnv] Steps 200001-220000 | pickups=4035 | deliveries=397 | total_pickups=42793 | total_deliveries=3237
Step  890880 | stage_step= 446464 | Episodes: 53155
Eval @ 894976 | stage_step= 450560 | sr=0.00% | reward=276.21 +/- 0.61 | pickups=2.00 deliveries=0.00 delivered_agents=0.00/2
Step  901120 | stage_step= 456704 | Episodes: 53767
Step  911360 | stage_step= 466944 | Episodes: 54341
Step  921600 | stage_step= 477184 | Episodes: 54912
[MultiQuadEnv] Steps 220001-240000 | pickups=4282 | deliveries=176 | total_pickups=47075 | total_deliveries=3413
Eval @ 925696 | stage_step= 481280 | sr=35.00% | reward=966.18 +/- 973.39 | pickups=2.00 deliveries=0.70 delivered_agents=0.70/2
Step  931840 | stage_step= 487424 | Episodes: 55475
Step  940032 | stage_step= 495616 | Episodes: 55879
Step  950272 | stage_step= 505856 | Episodes: 56400
Eval @ 956416 | stage_step= 512000 | sr=15.00% | reward=562.43 +/- 726.62 | pickups=2.00 deliveries=0.30 delivered_agents=0.30/2
Step  960512 | stage_step= 516096 | Episodes: 56893
[MultiQuadEnv] Steps 240001-260000 | pickups=3808 | deliveries=479 | total_pickups=50883 | total_deliveries=3892
Step  970752 | stage_step= 526336 | Episodes: 57458
Step  980992 | stage_step= 536576 | Episodes: 58045
Eval @ 985088 | stage_step= 540672 | sr=40.00% | reward=1078.36 +/- 991.65 | pickups=2.00 deliveries=0.80 delivered_agents=0.80/2
Step  991232 | stage_step= 546816 | Episodes: 58638
Step 1001472 | stage_step= 557056 | Episodes: 59210
[MultiQuadEnv] Steps 260001-280000 | pickups=4065 | deliveries=362 | total_pickups=54948 | total_deliveries=4254
Step 1011712 | stage_step= 567296 | Episodes: 59782
Eval @1015808 | stage_step= 571392 | sr=40.00% | reward=1082.79 +/- 987.52 | pickups=2.00 deliveries=0.80 delivered_agents=0.80/2
Step 1021952 | stage_step= 577536 | Episodes: 60320
Step 1030144 | stage_step= 585728 | Episodes: 60756
Step 1040384 | stage_step= 595968 | Episodes: 61275
[MultiQuadEnv] Steps 280001-300000 | pickups=3705 | deliveries=548 | total_pickups=58653 | total_deliveries=4802
Eval @1044480 | stage_step= 600064 | sr=40.00% | reward=1082.81 +/- 987.50 | pickups=2.00 deliveries=0.80 delivered_agents=0.80/2
Step 1050624 | stage_step= 606208 | Episodes: 61787
Step 1060864 | stage_step= 616448 | Episodes: 62275
Step 1071104 | stage_step= 626688 | Episodes: 62777
Eval @1075200 | stage_step= 630784 | sr=40.00% | reward=1082.83 +/- 987.49 | pickups=2.00 deliveries=0.80 delivered_agents=0.80/2
Step 1081344 | stage_step= 636928 | Episodes: 63258
[MultiQuadEnv] Steps 300001-320000 | pickups=3547 | deliveries=762 | total_pickups=62200 | total_deliveries=5564
Step 1091584 | stage_step= 647168 | Episodes: 63731
Step 1101824 | stage_step= 657408 | Episodes: 64223
Eval @1105920 | stage_step= 661504 | sr=75.00% | reward=1788.23 +/- 872.55 | pickups=2.00 deliveries=1.50 delivered_agents=1.50/2
Early promotion from s5_wider_t_random_package: 75.00% >= 45.00%
Restored best for s5_wider_t_random_package: sr=75.00% | reward=1788.23
Set actor_log_std=-0.35 for stage exploration

=== Stage 7/21: s6_tiny_pipe_fixed (fixed positions) ===
Stage: agents=2 obs=(36,) grid=(12, 12) starts=[(2, 3), (2, 4)] package=(2, 5) deliveries=[(2, 6), (2, 7)] lanes=47 rand_pkg=False rand_del=False dt=0.05 substeps=8 max_tilt=0.32
Step 1110016 | stage_step=   4096 | Episodes: 64979
Step 1120256 | stage_step=  14336 | Episodes: 66325
Step 1130496 | stage_step=  24576 | Episodes: 67507
Eval @1132544 | stage_step=  26624 | sr=0.00% | reward=-22.60 +/- 0.00 | pickups=0.00 deliveries=0.00 delivered_agents=0.00/2
Step 1140736 | stage_step=  34816 | Episodes: 68504
[MultiQuadEnv] Steps 1-20000 | pickups=1088 | deliveries=98 | total_pickups=1088 | total_deliveries=98
Step 1150976 | stage_step=  45056 | Episodes: 69319
Eval @1157120 | stage_step=  51200 | sr=0.00% | reward=74.55 +/- 0.00 | pickups=1.00 deliveries=0.00 delivered_agents=0.00/2
Step 1161216 | stage_step=  55296 | Episodes: 69982
Step 1171456 | stage_step=  65536 | Episodes: 70535
Step 1181696 | stage_step=  75776 | Episodes: 71001
Eval @1181696 | stage_step=  75776 | sr=0.00% | reward=223.70 +/- 0.00 | pickups=2.00 deliveries=0.00 delivered_agents=0.00/2
[MultiQuadEnv] Steps 20001-40000 | pickups=1795 | deliveries=363 | total_pickups=2883 | total_deliveries=461
Step 1191936 | stage_step=  86016 | Episodes: 71465
Step 1200128 | stage_step=  94208 | Episodes: 71844
Eval @1206272 | stage_step= 100352 | sr=0.00% | reward=724.20 +/- 0.00 | pickups=2.00 deliveries=1.00 delivered_agents=1.00/2
Step 1210368 | stage_step= 104448 | Episodes: 72315
Step 1220608 | stage_step= 114688 | Episodes: 72772
[MultiQuadEnv] Steps 40001-60000 | pickups=2239 | deliveries=807 | total_pickups=5122 | total_deliveries=1268
Step 1230848 | stage_step= 124928 | Episodes: 73174
Eval @1232896 | stage_step= 126976 | sr=0.00% | reward=224.00 +/- 0.00 | pickups=2.00 deliveries=0.00 delivered_agents=0.00/2
Step 1241088 | stage_step= 135168 | Episodes: 73595
Step 1251328 | stage_step= 145408 | Episodes: 74024
Eval @1257472 | stage_step= 151552 | sr=0.00% | reward=224.10 +/- 0.00 | pickups=2.00 deliveries=0.00 delivered_agents=0.00/2
Step 1261568 | stage_step= 155648 | Episodes: 74448
[MultiQuadEnv] Steps 60001-80000 | pickups=2244 | deliveries=1001 | total_pickups=7366 | total_deliveries=2269
Step 1271808 | stage_step= 165888 | Episodes: 74828
Step 1280000 | stage_step= 174080 | Episodes: 75167
Eval @1282048 | stage_step= 176128 | sr=0.00% | reward=224.05 +/- 0.00 | pickups=2.00 deliveries=0.00 delivered_agents=0.00/2
Step 1290240 | stage_step= 184320 | Episodes: 75615
Step 1300480 | stage_step= 194560 | Episodes: 76077
[MultiQuadEnv] Steps 80001-100000 | pickups=2499 | deliveries=1267 | total_pickups=9865 | total_deliveries=3536
Eval @1306624 | stage_step= 200704 | sr=0.00% | reward=724.60 +/- 0.00 | pickups=2.00 deliveries=1.00 delivered_agents=1.00/2
Step 1310720 | stage_step= 204800 | Episodes: 76498
Step 1320960 | stage_step= 215040 | Episodes: 76945
Step 1331200 | stage_step= 225280 | Episodes: 77393
Eval @1331200 | stage_step= 225280 | sr=0.00% | reward=725.20 +/- 0.00 | pickups=2.00 deliveries=1.00 delivered_agents=1.00/2
Step 1341440 | stage_step= 235520 | Episodes: 77864
[MultiQuadEnv] Steps 100001-120000 | pickups=2636 | deliveries=1510 | total_pickups=12501 | total_deliveries=5046
Step 1351680 | stage_step= 245760 | Episodes: 78309
Eval @1357824 | stage_step= 251904 | sr=0.00% | reward=725.45 +/- 0.00 | pickups=2.00 deliveries=1.00 delivered_agents=1.00/2
Step 1361920 | stage_step= 256000 | Episodes: 78785
Eval @1366016 | stage_step= 260096 | sr=100.00% | reward=2246.15 +/- 0.00 | pickups=2.00 deliveries=2.00 delivered_agents=2.00/2
Early promotion from s6_tiny_pipe_fixed: 100.00% >= 80.00%
Restored best for s6_tiny_pipe_fixed: sr=100.00% | reward=2246.15
Set actor_log_std=-0.35 for stage exploration

=== Stage 8/21: s7_small_pipe_line_fixed (fixed positions) ===
Stage: agents=2 obs=(36,) grid=(18, 18) starts=[(2, 3), (2, 4)] package=(2, 6) deliveries=[(2, 8), (2, 9)] lanes=104 rand_pkg=False rand_del=False dt=0.05 substeps=8 max_tilt=0.32
Step 1370112 | stage_step=   4096 | Episodes: 79136
Step 1380352 | stage_step=  14336 | Episodes: 79460
Step 1390592 | stage_step=  24576 | Episodes: 79813
Eval @1392640 | stage_step=  26624 | sr=0.00% | reward=376.40 +/- 0.00 | pickups=2.00 deliveries=1.00 delivered_agents=1.00/2
Step 1400832 | stage_step=  34816 | Episodes: 80194
[MultiQuadEnv] Steps 1-20000 | pickups=1854 | deliveries=880 | total_pickups=1854 | total_deliveries=880
Step 1411072 | stage_step=  45056 | Episodes: 80575
Eval @1417216 | stage_step=  51200 | sr=100.00% | reward=2296.60 +/- 0.00 | pickups=2.00 deliveries=2.00 delivered_agents=2.00/2
Step 1421312 | stage_step=  55296 | Episodes: 80949
Step 1431552 | stage_step=  65536 | Episodes: 81351
Step 1441792 | stage_step=  75776 | Episodes: 81775
Eval @1441792 | stage_step=  75776 | sr=100.00% | reward=2246.60 +/- 0.00 | pickups=2.00 deliveries=2.00 delivered_agents=2.00/2
[MultiQuadEnv] Steps 20001-40000 | pickups=2209 | deliveries=1263 | total_pickups=4063 | total_deliveries=2143
Step 1452032 | stage_step=  86016 | Episodes: 82203
Step 1460224 | stage_step=  94208 | Episodes: 82558
Eval @1466368 | stage_step= 100352 | sr=100.00% | reward=2246.60 +/- 0.00 | pickups=2.00 deliveries=2.00 delivered_agents=2.00/2
Early promotion from s7_small_pipe_line_fixed: 100.00% >= 80.00%
Restored best for s7_small_pipe_line_fixed: sr=100.00% | reward=2296.60
Set actor_log_std=-0.35 for stage exploration

=== Stage 9/21: s8_small_pipe_vertical_fixed (fixed positions) ===
Stage: agents=2 obs=(36,) grid=(18, 18) starts=[(2, 8), (3, 8)] package=(4, 8) deliveries=[(5, 8), (6, 8)] lanes=104 rand_pkg=False rand_del=False dt=0.05 substeps=8 max_tilt=0.32
Step 1470464 | stage_step=   4096 | Episodes: 83182
Step 1480704 | stage_step=  14336 | Episodes: 84292
Step 1490944 | stage_step=  24576 | Episodes: 85512
Eval @1492992 | stage_step=  26624 | sr=0.00% | reward=-21.60 +/- 0.00 | pickups=0.00 deliveries=0.00 delivered_agents=0.00/2
Step 1501184 | stage_step=  34816 | Episodes: 86461
[MultiQuadEnv] Steps 1-20000 | pickups=592 | deliveries=11 | total_pickups=592 | total_deliveries=11
Step 1511424 | stage_step=  45056 | Episodes: 87212
Eval @1517568 | stage_step=  51200 | sr=0.00% | reward=126.40 +/- 0.00 | pickups=1.00 deliveries=0.00 delivered_agents=0.00/2
Step 1521664 | stage_step=  55296 | Episodes: 87735
Step 1531904 | stage_step=  65536 | Episodes: 88246
Step 1540096 | stage_step=  73728 | Episodes: 88621
Eval @1542144 | stage_step=  75776 | sr=0.00% | reward=425.00 +/- 0.00 | pickups=2.00 deliveries=1.00 delivered_agents=1.00/2
[MultiQuadEnv] Steps 20001-40000 | pickups=1234 | deliveries=224 | total_pickups=1826 | total_deliveries=235
Step 1550336 | stage_step=  83968 | Episodes: 89081
Step 1560576 | stage_step=  94208 | Episodes: 89549
Eval @1566720 | stage_step= 100352 | sr=0.00% | reward=425.00 +/- 0.00 | pickups=2.00 deliveries=1.00 delivered_agents=1.00/2
Step 1570816 | stage_step= 104448 | Episodes: 90006
Step 1581056 | stage_step= 114688 | Episodes: 90446
[MultiQuadEnv] Steps 40001-60000 | pickups=1340 | deliveries=383 | total_pickups=3166 | total_deliveries=618
Step 1591296 | stage_step= 124928 | Episodes: 90901
Eval @1593344 | stage_step= 126976 | sr=0.00% | reward=425.00 +/- 0.00 | pickups=2.00 deliveries=1.00 delivered_agents=1.00/2
Step 1601536 | stage_step= 135168 | Episodes: 91263
Step 1611776 | stage_step= 145408 | Episodes: 91716
Eval @1617920 | stage_step= 151552 | sr=0.00% | reward=425.00 +/- 0.00 | pickups=2.00 deliveries=1.00 delivered_agents=1.00/2
Step 1622016 | stage_step= 155648 | Episodes: 92166
[MultiQuadEnv] Steps 60001-80000 | pickups=1342 | deliveries=439 | total_pickups=4508 | total_deliveries=1057
Step 1630208 | stage_step= 163840 | Episodes: 92464
Step 1640448 | stage_step= 174080 | Episodes: 92878
Eval @1642496 | stage_step= 176128 | sr=0.00% | reward=425.20 +/- 0.00 | pickups=2.00 deliveries=1.00 delivered_agents=1.00/2
Step 1650688 | stage_step= 184320 | Episodes: 93291
Step 1660928 | stage_step= 194560 | Episodes: 93687
[MultiQuadEnv] Steps 80001-100000 | pickups=1438 | deliveries=550 | total_pickups=5946 | total_deliveries=1607
Eval @1667072 | stage_step= 200704 | sr=0.00% | reward=425.40 +/- 0.00 | pickups=2.00 deliveries=1.00 delivered_agents=1.00/2
Step 1671168 | stage_step= 204800 | Episodes: 94095
Step 1681408 | stage_step= 215040 | Episodes: 94501
Step 1691648 | stage_step= 225280 | Episodes: 94904
Eval @1691648 | stage_step= 225280 | sr=100.00% | reward=2246.20 +/- 0.00 | pickups=2.00 deliveries=2.00 delivered_agents=2.00/2
Early promotion from s8_small_pipe_vertical_fixed: 100.00% >= 80.00%
Restored best for s8_small_pipe_vertical_fixed: sr=100.00% | reward=2246.20
Set actor_log_std=-0.35 for stage exploration

=== Stage 10/21: s9_small_pipe_turn_fixed (fixed positions) ===
Stage: agents=2 obs=(36,) grid=(18, 18) starts=[(2, 6), (2, 7)] package=(2, 8) deliveries=[(4, 8), (5, 8)] lanes=104 rand_pkg=False rand_del=False dt=0.05 substeps=8 max_tilt=0.32
Step 1701888 | stage_step=  10240 | Episodes: 95536
Step 1710080 | stage_step=  18432 | Episodes: 95899
Eval @1718272 | stage_step=  26624 | sr=0.00% | reward=-22.80 +/- 0.00 | pickups=0.00 deliveries=0.00 delivered_agents=0.00/2
Step 1720320 | stage_step=  28672 | Episodes: 96380
Step 1730560 | stage_step=  38912 | Episodes: 96781
[MultiQuadEnv] Steps 1-20000 | pickups=769 | deliveries=99 | total_pickups=769 | total_deliveries=99
Step 1740800 | stage_step=  49152 | Episodes: 97108
Eval @1742848 | stage_step=  51200 | sr=0.00% | reward=553.60 +/- 0.00 | pickups=1.00 deliveries=1.00 delivered_agents=1.00/2
Step 1751040 | stage_step=  59392 | Episodes: 97419
Step 1761280 | stage_step=  69632 | Episodes: 97741
Eval @1767424 | stage_step=  75776 | sr=100.00% | reward=2292.60 +/- 0.00 | pickups=2.00 deliveries=2.00 delivered_agents=2.00/2
Step 1771520 | stage_step=  79872 | Episodes: 98049
[MultiQuadEnv] Steps 20001-40000 | pickups=1219 | deliveries=341 | total_pickups=1988 | total_deliveries=440
Step 1781760 | stage_step=  90112 | Episodes: 98345
Step 1792000 | stage_step= 100352 | Episodes: 98624
Eval @1792000 | stage_step= 100352 | sr=100.00% | reward=2292.80 +/- 0.00 | pickups=2.00 deliveries=2.00 delivered_agents=2.00/2
Early promotion from s9_small_pipe_turn_fixed: 100.00% >= 75.00%
Restored best for s9_small_pipe_turn_fixed: sr=100.00% | reward=2292.80
Set actor_log_std=-0.35 for stage exploration

=== Stage 11/21: s10_small_pipe_fixed (fixed positions) ===
Stage: agents=2 obs=(36,) grid=(18, 18) starts=[(2, 3), (2, 4)] package=(4, 8) deliveries=[(8, 13), (9, 12)] lanes=104 rand_pkg=False rand_del=False dt=0.05 substeps=8 max_tilt=0.32
Step 1800192 | stage_step=   8192 | Episodes: 98985
Step 1810432 | stage_step=  18432 | Episodes: 99433
Eval @1818624 | stage_step=  26624 | sr=0.00% | reward=113.10 +/- 0.00 | pickups=1.00 deliveries=0.00 delivered_agents=0.00/2
Step 1820672 | stage_step=  28672 | Episodes: 99841
Step 1830912 | stage_step=  38912 | Episodes: 100136
[MultiQuadEnv] Steps 1-20000 | pickups=191 | deliveries=2 | total_pickups=191 | total_deliveries=2
Step 1841152 | stage_step=  49152 | Episodes: 100354
Eval @1843200 | stage_step=  51200 | sr=0.00% | reward=-1832.85 +/- 0.00 | pickups=1.00 deliveries=0.00 delivered_agents=0.00/2
Step 1851392 | stage_step=  59392 | Episodes: 100569
Step 1861632 | stage_step=  69632 | Episodes: 100764
Eval @1867776 | stage_step=  75776 | sr=0.00% | reward=-1807.80 +/- 0.00 | pickups=1.00 deliveries=0.00 delivered_agents=0.00/2
Step 1871872 | stage_step=  79872 | Episodes: 100958
[MultiQuadEnv] Steps 20001-40000 | pickups=480 | deliveries=13 | total_pickups=671 | total_deliveries=15
Step 1880064 | stage_step=  88064 | Episodes: 101129
Step 1890304 | stage_step=  98304 | Episodes: 101357
Eval @1892352 | stage_step= 100352 | sr=0.00% | reward=-346.60 +/- 0.00 | pickups=2.00 deliveries=1.00 delivered_agents=1.00/2
Step 1900544 | stage_step= 108544 | Episodes: 101547
Step 1910784 | stage_step= 118784 | Episodes: 101738
[MultiQuadEnv] Steps 40001-60000 | pickups=642 | deliveries=65 | total_pickups=1313 | total_deliveries=80
Eval @1918976 | stage_step= 126976 | sr=100.00% | reward=2229.35 +/- 0.00 | pickups=2.00 deliveries=2.00 delivered_agents=2.00/2
Early promotion from s10_small_pipe_fixed: 100.00% >= 75.00%
Restored best for s10_small_pipe_fixed: sr=100.00% | reward=2229.35
Set actor_log_std=-0.35 for stage exploration

=== Stage 12/21: s11_small_pipe_random_package (random package) ===
Stage: agents=2 obs=(36,) grid=(18, 18) starts=[(2, 3), (2, 4)] package=(4, 8) deliveries=[(8, 13), (9, 12)] lanes=104 rand_pkg=True rand_del=False dt=0.05 substeps=8 max_tilt=0.32
Step 1921024 | stage_step=   2048 | Episodes: 101948
Step 1931264 | stage_step=  12288 | Episodes: 102225
Step 1941504 | stage_step=  22528 | Episodes: 102454
Eval @1949696 | stage_step=  30720 | sr=12.50% | reward=403.22 +/- 725.71 | pickups=1.07 deliveries=0.35 delivered_agents=0.35/2
Step 1951744 | stage_step=  32768 | Episodes: 102735
[MultiQuadEnv] Steps 1-20000 | pickups=1086 | deliveries=66 | total_pickups=1086 | total_deliveries=66
Step 1961984 | stage_step=  43008 | Episodes: 102965
Step 1970176 | stage_step=  51200 | Episodes: 103151
Step 1980416 | stage_step=  61440 | Episodes: 103363
Eval @1980416 | stage_step=  61440 | sr=2.50% | reward=-143.17 +/- 483.42 | pickups=1.15 deliveries=0.53 delivered_agents=0.53/2
Step 1990656 | stage_step=  71680 | Episodes: 103608
[MultiQuadEnv] Steps 20001-40000 | pickups=963 | deliveries=110 | total_pickups=2049 | total_deliveries=176
Step 2000896 | stage_step=  81920 | Episodes: 103849
Eval @2009088 | stage_step=  90112 | sr=50.00% | reward=1065.23 +/- 1189.26 | pickups=1.60 deliveries=1.18 delivered_agents=1.18/2
Step 2011136 | stage_step=  92160 | Episodes: 104096
Step 2021376 | stage_step= 102400 | Episodes: 104257
Step 2031616 | stage_step= 112640 | Episodes: 104501
[MultiQuadEnv] Steps 40001-60000 | pickups=919 | deliveries=127 | total_pickups=2968 | total_deliveries=303
Eval @2039808 | stage_step= 120832 | sr=20.00% | reward=448.14 +/- 1182.65 | pickups=1.48 deliveries=0.80 delivered_agents=0.80/2
Step 2041856 | stage_step= 122880 | Episodes: 104688
Step 2050048 | stage_step= 131072 | Episodes: 104860
Step 2060288 | stage_step= 141312 | Episodes: 105073
Step 2070528 | stage_step= 151552 | Episodes: 105272
Eval @2070528 | stage_step= 151552 | sr=17.50% | reward=233.47 +/- 955.75 | pickups=1.05 deliveries=0.80 delivered_agents=0.80/2
[MultiQuadEnv] Steps 60001-80000 | pickups=881 | deliveries=157 | total_pickups=3849 | total_deliveries=460
Step 2080768 | stage_step= 161792 | Episodes: 105419
Step 2091008 | stage_step= 172032 | Episodes: 105660
Eval @2099200 | stage_step= 180224 | sr=17.50% | reward=293.88 +/- 942.91 | pickups=1.45 deliveries=0.78 delivered_agents=0.78/2
Step 2101248 | stage_step= 182272 | Episodes: 105926
Step 2111488 | stage_step= 192512 | Episodes: 106107
[MultiQuadEnv] Steps 80001-100000 | pickups=930 | deliveries=137 | total_pickups=4779 | total_deliveries=597
Step 2121728 | stage_step= 202752 | Episodes: 106327
Eval @2129920 | stage_step= 210944 | sr=30.00% | reward=726.12 +/- 999.67 | pickups=1.48 deliveries=0.70 delivered_agents=0.70/2
Step 2131968 | stage_step= 212992 | Episodes: 106496
Step 2140160 | stage_step= 221184 | Episodes: 106642
Step 2150400 | stage_step= 231424 | Episodes: 106848
[MultiQuadEnv] Steps 100001-120000 | pickups=890 | deliveries=177 | total_pickups=5669 | total_deliveries=774
Step 2160640 | stage_step= 241664 | Episodes: 107066
Eval @2160640 | stage_step= 241664 | sr=0.00% | reward=-148.47 +/- 306.39 | pickups=1.07 deliveries=0.50 delivered_agents=0.50/2
Step 2170880 | stage_step= 251904 | Episodes: 107274
Step 2181120 | stage_step= 262144 | Episodes: 107443
Eval @2189312 | stage_step= 270336 | sr=0.00% | reward=-180.89 +/- 699.68 | pickups=1.20 deliveries=0.23 delivered_agents=0.23/2
Step 2191360 | stage_step= 272384 | Episodes: 107658
[MultiQuadEnv] Steps 120001-140000 | pickups=908 | deliveries=172 | total_pickups=6577 | total_deliveries=946
Step 2201600 | stage_step= 282624 | Episodes: 107888
Step 2211840 | stage_step= 292864 | Episodes: 108077
Step 2220032 | stage_step= 301056 | Episodes: 108215
Eval @2220032 | stage_step= 301056 | sr=20.00% | reward=267.54 +/- 1036.40 | pickups=1.20 deliveries=1.10 delivered_agents=1.10/2
Step 2230272 | stage_step= 311296 | Episodes: 108418
[MultiQuadEnv] Steps 140001-160000 | pickups=881 | deliveries=191 | total_pickups=7458 | total_deliveries=1137
Step 2240512 | stage_step= 321536 | Episodes: 108619
Step 2250752 | stage_step= 331776 | Episodes: 108794
Eval @2250752 | stage_step= 331776 | sr=30.00% | reward=45.35 +/- 1609.72 | pickups=1.07 deliveries=0.97 delivered_agents=0.97/2
Step 2260992 | stage_step= 342016 | Episodes: 108997
Step 2271232 | stage_step= 352256 | Episodes: 109182
[MultiQuadEnv] Steps 160001-180000 | pickups=875 | deliveries=231 | total_pickups=8333 | total_deliveries=1368
Eval @2279424 | stage_step= 360448 | sr=30.00% | reward=176.84 +/- 1553.63 | pickups=1.07 deliveries=0.82 delivered_agents=0.82/2
Step 2281472 | stage_step= 362496 | Episodes: 109348
Step 2291712 | stage_step= 372736 | Episodes: 109533
Step 2301952 | stage_step= 382976 | Episodes: 109721
Step 2310144 | stage_step= 391168 | Episodes: 109874
Eval @2310144 | stage_step= 391168 | sr=60.00% | reward=1383.83 +/- 1061.99 | pickups=1.60 deliveries=1.23 delivered_agents=1.23/2
Early promotion from s11_small_pipe_random_package: 60.00% >= 55.00%
Restored best for s11_small_pipe_random_package: sr=60.00% | reward=1383.83
Set actor_log_std=-0.35 for stage exploration

=== Stage 13/21: s12_small_pipe_random_delivery (random deliveries) ===
Stage: agents=2 obs=(36,) grid=(18, 18) starts=[(2, 3), (2, 4)] package=(4, 8) deliveries=[(8, 14), (9, 13)] lanes=104 rand_pkg=False rand_del=True dt=0.05 substeps=8 max_tilt=0.32
Step 2320384 | stage_step=  10240 | Episodes: 110057
Step 2330624 | stage_step=  20480 | Episodes: 110246
Step 2340864 | stage_step=  30720 | Episodes: 110426
[MultiQuadEnv] Steps 1-20000 | pickups=410 | deliveries=47 | total_pickups=410 | total_deliveries=47
Step 2351104 | stage_step=  40960 | Episodes: 110587
Eval @2351104 | stage_step=  40960 | sr=0.00% | reward=-1298.00 +/- 1130.30 | pickups=0.55 deliveries=0.30 delivered_agents=0.30/2
Step 2361344 | stage_step=  51200 | Episodes: 110783
Step 2371584 | stage_step=  61440 | Episodes: 110911
Step 2381824 | stage_step=  71680 | Episodes: 111049
Step 2390016 | stage_step=  79872 | Episodes: 111171
[MultiQuadEnv] Steps 20001-40000 | pickups=381 | deliveries=57 | total_pickups=791 | total_deliveries=104
Eval @2392064 | stage_step=  81920 | sr=0.00% | reward=-1010.88 +/- 1161.47 | pickups=0.75 deliveries=0.25 delivered_agents=0.25/2
Step 2400256 | stage_step=  90112 | Episodes: 111339
Step 2410496 | stage_step= 100352 | Episodes: 111480
Step 2420736 | stage_step= 110592 | Episodes: 111632
[MultiQuadEnv] Steps 40001-60000 | pickups=514 | deliveries=82 | total_pickups=1305 | total_deliveries=186
Step 2430976 | stage_step= 120832 | Episodes: 111802
Eval @2430976 | stage_step= 120832 | sr=0.00% | reward=-458.10 +/- 1121.52 | pickups=1.10 deliveries=0.10 delivered_agents=0.10/2
Step 2441216 | stage_step= 131072 | Episodes: 111945
Step 2451456 | stage_step= 141312 | Episodes: 112100
Step 2461696 | stage_step= 151552 | Episodes: 112226
[MultiQuadEnv] Steps 60001-80000 | pickups=530 | deliveries=88 | total_pickups=1835 | total_deliveries=274
Step 2471936 | stage_step= 161792 | Episodes: 112360
Eval @2471936 | stage_step= 161792 | sr=5.00% | reward=-1621.46 +/- 3463.48 | pickups=1.70 deliveries=0.35 delivered_agents=0.35/2
Step 2480128 | stage_step= 169984 | Episodes: 112492
Step 2490368 | stage_step= 180224 | Episodes: 112624
Step 2500608 | stage_step= 190464 | Episodes: 112800
[MultiQuadEnv] Steps 80001-100000 | pickups=584 | deliveries=90 | total_pickups=2419 | total_deliveries=364
Step 2510848 | stage_step= 200704 | Episodes: 112931
Eval @2510848 | stage_step= 200704 | sr=5.00% | reward=-532.97 +/- 1266.01 | pickups=1.80 deliveries=0.45 delivered_agents=0.45/2
Step 2521088 | stage_step= 210944 | Episodes: 113073
Step 2531328 | stage_step= 221184 | Episodes: 113214
Step 2541568 | stage_step= 231424 | Episodes: 113365
[MultiQuadEnv] Steps 100001-120000 | pickups=579 | deliveries=101 | total_pickups=2998 | total_deliveries=465
Step 2551808 | stage_step= 241664 | Episodes: 113502
Eval @2551808 | stage_step= 241664 | sr=5.00% | reward=-953.26 +/- 1434.26 | pickups=1.75 deliveries=0.35 delivered_agents=0.35/2
Step 2560000 | stage_step= 249856 | Episodes: 113611
Step 2570240 | stage_step= 260096 | Episodes: 113767
Step 2580480 | stage_step= 270336 | Episodes: 113924
[MultiQuadEnv] Steps 120001-140000 | pickups=631 | deliveries=119 | total_pickups=3629 | total_deliveries=584
Step 2590720 | stage_step= 280576 | Episodes: 114065
Eval @2590720 | stage_step= 280576 | sr=5.00% | reward=-488.78 +/- 1267.10 | pickups=1.70 deliveries=0.30 delivered_agents=0.30/2
Step 2600960 | stage_step= 290816 | Episodes: 114184
Step 2611200 | stage_step= 301056 | Episodes: 114320
Step 2621440 | stage_step= 311296 | Episodes: 114439
[MultiQuadEnv] Steps 140001-160000 | pickups=587 | deliveries=110 | total_pickups=4216 | total_deliveries=694
Step 2631680 | stage_step= 321536 | Episodes: 114590
Eval @2631680 | stage_step= 321536 | sr=5.00% | reward=-947.04 +/- 1430.81 | pickups=1.85 deliveries=0.35 delivered_agents=0.35/2
Step 2641920 | stage_step= 331776 | Episodes: 114700
Step 2650112 | stage_step= 339968 | Episodes: 114791
Step 2660352 | stage_step= 350208 | Episodes: 114897
[MultiQuadEnv] Steps 160001-180000 | pickups=577 | deliveries=95 | total_pickups=4793 | total_deliveries=789
Step 2670592 | stage_step= 360448 | Episodes: 115029
Eval @2670592 | stage_step= 360448 | sr=5.00% | reward=-845.48 +/- 1381.59 | pickups=1.95 deliveries=0.40 delivered_agents=0.40/2
Step 2680832 | stage_step= 370688 | Episodes: 115126
Step 2691072 | stage_step= 380928 | Episodes: 115272
Step 2701312 | stage_step= 391168 | Episodes: 115403
[MultiQuadEnv] Steps 180001-200000 | pickups=575 | deliveries=89 | total_pickups=5368 | total_deliveries=878
Step 2711552 | stage_step= 401408 | Episodes: 115500
Eval @2711552 | stage_step= 401408 | sr=5.00% | reward=-500.75 +/- 1290.15 | pickups=1.80 deliveries=0.35 delivered_agents=0.35/2
Step 2721792 | stage_step= 411648 | Episodes: 115618
Step 2732032 | stage_step= 421888 | Episodes: 115715
Step 2740224 | stage_step= 430080 | Episodes: 115791
[MultiQuadEnv] Steps 200001-220000 | pickups=482 | deliveries=76 | total_pickups=5850 | total_deliveries=954
Step 2750464 | stage_step= 440320 | Episodes: 115876
Eval @2750464 | stage_step= 440320 | sr=5.00% | reward=-511.48 +/- 1257.53 | pickups=1.60 deliveries=0.30 delivered_agents=0.30/2
Step 2760704 | stage_step= 450560 | Episodes: 115942
Step 2770944 | stage_step= 460800 | Episodes: 116031
Step 2781184 | stage_step= 471040 | Episodes: 116109
[MultiQuadEnv] Steps 220001-240000 | pickups=389 | deliveries=92 | total_pickups=6239 | total_deliveries=1046
Step 2791424 | stage_step= 481280 | Episodes: 116209
Eval @2791424 | stage_step= 481280 | sr=0.00% | reward=-638.04 +/- 1163.33 | pickups=1.40 deliveries=0.10 delivered_agents=0.10/2
Step 2801664 | stage_step= 491520 | Episodes: 116302
Step 2811904 | stage_step= 501760 | Episodes: 116421
Step 2820096 | stage_step= 509952 | Episodes: 116507
[MultiQuadEnv] Steps 240001-260000 | pickups=481 | deliveries=83 | total_pickups=6720 | total_deliveries=1129
Step 2830336 | stage_step= 520192 | Episodes: 116598
Eval @2830336 | stage_step= 520192 | sr=5.00% | reward=-1485.52 +/- 2851.57 | pickups=1.85 deliveries=0.45 delivered_agents=0.45/2
Step 2840576 | stage_step= 530432 | Episodes: 116676
Step 2850816 | stage_step= 540672 | Episodes: 116781
Step 2861056 | stage_step= 550912 | Episodes: 116877
[MultiQuadEnv] Steps 260001-280000 | pickups=440 | deliveries=97 | total_pickups=7160 | total_deliveries=1226
Step 2871296 | stage_step= 561152 | Episodes: 116966
Eval @2871296 | stage_step= 561152 | sr=0.00% | reward=-1140.72 +/- 1147.72 | pickups=1.70 deliveries=0.35 delivered_agents=0.35/2
Step 2881536 | stage_step= 571392 | Episodes: 117075
Step 2891776 | stage_step= 581632 | Episodes: 117167
Step 2902016 | stage_step= 591872 | Episodes: 117277
[MultiQuadEnv] Steps 280001-300000 | pickups=476 | deliveries=89 | total_pickups=7636 | total_deliveries=1315
Step 2910208 | stage_step= 600064 | Episodes: 117376
Eval @2910208 | stage_step= 600064 | sr=5.00% | reward=-718.14 +/- 1312.38 | pickups=1.90 deliveries=0.35 delivered_agents=0.35/2
Step 2920448 | stage_step= 610304 | Episodes: 117490
Step 2930688 | stage_step= 620544 | Episodes: 117596
Step 2940928 | stage_step= 630784 | Episodes: 117712
[MultiQuadEnv] Steps 300001-320000 | pickups=528 | deliveries=92 | total_pickups=8164 | total_deliveries=1407
Step 2951168 | stage_step= 641024 | Episodes: 117823
Eval @2951168 | stage_step= 641024 | sr=5.00% | reward=-485.93 +/- 962.42 | pickups=1.80 deliveries=0.60 delivered_agents=0.60/2
Step 2961408 | stage_step= 651264 | Episodes: 117901
Step 2971648 | stage_step= 661504 | Episodes: 117961
Step 2981888 | stage_step= 671744 | Episodes: 118046
Step 2990080 | stage_step= 679936 | Episodes: 118141
[MultiQuadEnv] Steps 320001-340000 | pickups=379 | deliveries=82 | total_pickups=8543 | total_deliveries=1489
Eval @2992128 | stage_step= 681984 | sr=5.00% | reward=-1070.59 +/- 1345.92 | pickups=2.00 deliveries=0.50 delivered_agents=0.50/2
Step 3000320 | stage_step= 690176 | Episodes: 118254
Step 3010560 | stage_step= 700416 | Episodes: 118340
Step 3020800 | stage_step= 710656 | Episodes: 118407
[MultiQuadEnv] Steps 340001-360000 | pickups=455 | deliveries=106 | total_pickups=8998 | total_deliveries=1595
Step 3031040 | stage_step= 720896 | Episodes: 118524
Eval @3031040 | stage_step= 720896 | sr=5.00% | reward=-1338.84 +/- 1381.53 | pickups=1.60 deliveries=0.45 delivered_agents=0.45/2
Step 3041280 | stage_step= 731136 | Episodes: 118643
Step 3051520 | stage_step= 741376 | Episodes: 118731
Step 3061760 | stage_step= 751616 | Episodes: 118811
[MultiQuadEnv] Steps 360001-380000 | pickups=476 | deliveries=90 | total_pickups=9474 | total_deliveries=1685
Step 3072000 | stage_step= 761856 | Episodes: 118918
Eval @3072000 | stage_step= 761856 | sr=5.00% | reward=-931.96 +/- 1797.71 | pickups=2.00 deliveries=0.45 delivered_agents=0.45/2
Step 3080192 | stage_step= 770048 | Episodes: 119014
Step 3090432 | stage_step= 780288 | Episodes: 119113
Step 3100672 | stage_step= 790528 | Episodes: 119241
[MultiQuadEnv] Steps 380001-400000 | pickups=541 | deliveries=111 | total_pickups=10015 | total_deliveries=1796
Step 3110912 | stage_step= 800768 | Episodes: 119348
Eval @3110912 | stage_step= 800768 | sr=5.00% | reward=-569.26 +/- 1040.59 | pickups=1.60 deliveries=0.40 delivered_agents=0.40/2
Step 3121152 | stage_step= 811008 | Episodes: 119440
Step 3131392 | stage_step= 821248 | Episodes: 119551
Step 3141632 | stage_step= 831488 | Episodes: 119681
[MultiQuadEnv] Steps 400001-420000 | pickups=478 | deliveries=100 | total_pickups=10493 | total_deliveries=1896
Step 3151872 | stage_step= 841728 | Episodes: 119808
Eval @3151872 | stage_step= 841728 | sr=0.00% | reward=-1158.68 +/- 1202.18 | pickups=1.90 deliveries=0.35 delivered_agents=0.35/2
Step 3160064 | stage_step= 849920 | Episodes: 119896
Step 3170304 | stage_step= 860160 | Episodes: 120022
Step 3180544 | stage_step= 870400 | Episodes: 120150
[MultiQuadEnv] Steps 420001-440000 | pickups=571 | deliveries=104 | total_pickups=11064 | total_deliveries=2000
Step 3190784 | stage_step= 880640 | Episodes: 120277
Eval @3190784 | stage_step= 880640 | sr=0.00% | reward=-1041.58 +/- 1270.82 | pickups=1.90 deliveries=0.25 delivered_agents=0.25/2
Step 3201024 | stage_step= 890880 | Episodes: 120392
Step 3211264 | stage_step= 901120 | Episodes: 120488
Step 3221504 | stage_step= 911360 | Episodes: 120585
[MultiQuadEnv] Steps 440001-460000 | pickups=503 | deliveries=99 | total_pickups=11567 | total_deliveries=2099
Step 3231744 | stage_step= 921600 | Episodes: 120677
Eval @3231744 | stage_step= 921600 | sr=0.00% | reward=-1322.64 +/- 1125.56 | pickups=1.50 deliveries=0.30 delivered_agents=0.30/2
Step 3241984 | stage_step= 931840 | Episodes: 120772
Step 3250176 | stage_step= 940032 | Episodes: 120839
Step 3260416 | stage_step= 950272 | Episodes: 120932
[MultiQuadEnv] Steps 460001-480000 | pickups=508 | deliveries=101 | total_pickups=12075 | total_deliveries=2200
Step 3270656 | stage_step= 960512 | Episodes: 121013
Eval @3270656 | stage_step= 960512 | sr=5.00% | reward=-585.11 +/- 1242.93 | pickups=1.70 deliveries=0.45 delivered_agents=0.45/2
Step 3280896 | stage_step= 970752 | Episodes: 121107
Step 3291136 | stage_step= 980992 | Episodes: 121219
Eval @3291136 | stage_step= 980992 | sr=0.00% | reward=-958.39 +/- 1315.93 | pickups=1.60 deliveries=0.30 delivered_agents=0.30/2
Full budget used for s12_small_pipe_random_delivery. Best stage success=5.00%.
Stopping after s12_small_pipe_random_delivery: best sr=5.00% < continue threshold 50.00%.
Final eval | success_rate=5.00% | mean_reward=-485.93 +/- 962.42 | pickups=1.80 deliveries=0.60 | delivered_agents=0.60/2 

### DYNAMIC MAPPO SWEEP 19/20: quad_physics_mappo_v1_random_delivery_dynamic_slow_sweep_long_seed23 ###

Using device: cuda (NVIDIA GeForce RTX 4090)
Initial Quad MAPPO: agents=2 obs=(36,) grid=(6, 5) starts=[(4, 2), (3, 2)] package=(2, 2) deliveries=[(1, 1), (1, 3)] lanes=6 rand_pkg=False rand_del=False dt=0.05 substeps=8 max_tilt=0.32

=== Stage 1/21: s1_short_t_fixed (fixed positions) ===
Stage: agents=2 obs=(36,) grid=(6, 5) starts=[(4, 2), (3, 2)] package=(2, 2) deliveries=[(1, 1), (1, 3)] lanes=6 rand_pkg=False rand_del=False dt=0.05 substeps=8 max_tilt=0.32
Step   10240 | stage_step=  10240 | Episodes:   938
Step   20480 | stage_step=  20480 | Episodes:  1964
Eval @  20480 | stage_step=  20480 | sr=0.00% | reward=126.80 +/- 0.00 | pickups=1.00 deliveries=0.00 delivered_agents=0.00/2
Step   30720 | stage_step=  30720 | Episodes:  2936
[MultiQuadEnv] Steps 1-20000 | pickups=2629 | deliveries=420 | total_pickups=2629 | total_deliveries=420
Step   40960 | stage_step=  40960 | Episodes:  3927
Eval @  40960 | stage_step=  40960 | sr=0.00% | reward=727.00 +/- 0.00 | pickups=2.00 deliveries=1.00 delivered_agents=1.00/2
Step   51200 | stage_step=  51200 | Episodes:  4881
Step   61440 | stage_step=  61440 | Episodes:  5787
Eval @  61440 | stage_step=  61440 | sr=0.00% | reward=278.00 +/- 0.00 | pickups=2.00 deliveries=0.00 delivered_agents=0.00/2
Step   71680 | stage_step=  71680 | Episodes:  6677
[MultiQuadEnv] Steps 20001-40000 | pickups=4518 | deliveries=1278 | total_pickups=7147 | total_deliveries=1698
Step   81920 | stage_step=  81920 | Episodes:  7496
Eval @  81920 | stage_step=  81920 | sr=0.00% | reward=777.60 +/- 0.00 | pickups=2.00 deliveries=1.00 delivered_agents=1.00/2
Step   90112 | stage_step=  90112 | Episodes:  8118
Step  100352 | stage_step= 100352 | Episodes:  8840
Eval @ 100352 | stage_step= 100352 | sr=100.00% | reward=2297.20 +/- 0.00 | pickups=2.00 deliveries=2.00 delivered_agents=2.00/2
Early promotion from s1_short_t_fixed: 100.00% >= 90.00%
Restored best for s1_short_t_fixed: sr=100.00% | reward=2297.20

=== Stage 2/21: s2_wider_t_stem_fixed (fixed positions) ===
Stage: agents=2 obs=(36,) grid=(8, 9) starts=[(6, 4), (5, 4)] package=(3, 4) deliveries=[(2, 4), (1, 4)] lanes=12 rand_pkg=False rand_del=False dt=0.05 substeps=8 max_tilt=0.32
Step  110592 | stage_step=  10240 | Episodes:  9730
Step  120832 | stage_step=  20480 | Episodes: 10501
Eval @ 126976 | stage_step=  26624 | sr=100.00% | reward=2247.40 +/- 0.00 | pickups=2.00 deliveries=2.00 delivered_agents=2.00/2
Step  131072 | stage_step=  30720 | Episodes: 11289
[MultiQuadEnv] Steps 1-20000 | pickups=3908 | deliveries=2310 | total_pickups=3908 | total_deliveries=2310
Step  141312 | stage_step=  40960 | Episodes: 12092
Step  151552 | stage_step=  51200 | Episodes: 12886
Eval @ 151552 | stage_step=  51200 | sr=100.00% | reward=2247.40 +/- 0.00 | pickups=2.00 deliveries=2.00 delivered_agents=2.00/2
Step  161792 | stage_step=  61440 | Episodes: 13672
Step  172032 | stage_step=  71680 | Episodes: 14465
Eval @ 176128 | stage_step=  75776 | sr=100.00% | reward=2247.60 +/- 0.00 | pickups=2.00 deliveries=2.00 delivered_agents=2.00/2
Early promotion from s2_wider_t_stem_fixed: 100.00% >= 85.00%
Restored best for s2_wider_t_stem_fixed: sr=100.00% | reward=2247.60

=== Stage 3/21: s3_wider_t_near_branch_fixed (fixed positions) ===
Stage: agents=2 obs=(36,) grid=(8, 9) starts=[(6, 4), (5, 4)] package=(2, 4) deliveries=[(1, 3), (1, 5)] lanes=12 rand_pkg=False rand_del=False dt=0.05 substeps=8 max_tilt=0.32
Step  180224 | stage_step=   4096 | Episodes: 15041
Step  190464 | stage_step=  14336 | Episodes: 15648
Step  200704 | stage_step=  24576 | Episodes: 16193
Eval @ 202752 | stage_step=  26624 | sr=0.00% | reward=277.20 +/- 0.00 | pickups=2.00 deliveries=0.00 delivered_agents=0.00/2
Step  210944 | stage_step=  34816 | Episodes: 16745
[MultiQuadEnv] Steps 1-20000 | pickups=3029 | deliveries=534 | total_pickups=3029 | total_deliveries=534
Step  221184 | stage_step=  45056 | Episodes: 17345
Eval @ 227328 | stage_step=  51200 | sr=100.00% | reward=2296.60 +/- 0.00 | pickups=2.00 deliveries=2.00 delivered_agents=2.00/2
Step  231424 | stage_step=  55296 | Episodes: 17859
Step  241664 | stage_step=  65536 | Episodes: 18417
Step  251904 | stage_step=  75776 | Episodes: 19019
Eval @ 251904 | stage_step=  75776 | sr=100.00% | reward=2296.60 +/- 0.00 | pickups=2.00 deliveries=2.00 delivered_agents=2.00/2
Early promotion from s3_wider_t_near_branch_fixed: 100.00% >= 75.00%
Restored best for s3_wider_t_near_branch_fixed: sr=100.00% | reward=2296.60

=== Stage 4/21: s4a_wider_t_mid_branch_fixed (fixed positions) ===
Stage: agents=2 obs=(36,) grid=(8, 9) starts=[(6, 4), (5, 4)] package=(3, 4) deliveries=[(1, 2), (1, 6)] lanes=12 rand_pkg=False rand_del=False dt=0.05 substeps=8 max_tilt=0.32
Step  260096 | stage_step=   8192 | Episodes: 19395
Step  270336 | stage_step=  18432 | Episodes: 19873
Eval @ 278528 | stage_step=  26624 | sr=0.00% | reward=274.65 +/- 0.00 | pickups=2.00 deliveries=0.00 delivered_agents=0.00/2
Step  280576 | stage_step=  28672 | Episodes: 20387
Step  290816 | stage_step=  38912 | Episodes: 20860
[MultiQuadEnv] Steps 1-20000 | pickups=3188 | deliveries=53 | total_pickups=3188 | total_deliveries=53
Step  301056 | stage_step=  49152 | Episodes: 21358
Eval @ 303104 | stage_step=  51200 | sr=0.00% | reward=773.90 +/- 0.00 | pickups=2.00 deliveries=1.00 delivered_agents=1.00/2
Step  311296 | stage_step=  59392 | Episodes: 21884
Step  321536 | stage_step=  69632 | Episodes: 22377
Eval @ 327680 | stage_step=  75776 | sr=0.00% | reward=774.25 +/- 0.00 | pickups=2.00 deliveries=1.00 delivered_agents=1.00/2
Step  331776 | stage_step=  79872 | Episodes: 22870
[MultiQuadEnv] Steps 20001-40000 | pickups=3613 | deliveries=259 | total_pickups=6801 | total_deliveries=312
Step  342016 | stage_step=  90112 | Episodes: 23409
Step  350208 | stage_step=  98304 | Episodes: 23777
Eval @ 352256 | stage_step= 100352 | sr=0.00% | reward=774.25 +/- 0.00 | pickups=2.00 deliveries=1.00 delivered_agents=1.00/2
Step  360448 | stage_step= 108544 | Episodes: 24246
Step  370688 | stage_step= 118784 | Episodes: 24758
[MultiQuadEnv] Steps 40001-60000 | pickups=3634 | deliveries=651 | total_pickups=10435 | total_deliveries=963
Eval @ 378880 | stage_step= 126976 | sr=100.00% | reward=2295.10 +/- 0.00 | pickups=2.00 deliveries=2.00 delivered_agents=2.00/2
Early promotion from s4a_wider_t_mid_branch_fixed: 100.00% >= 80.00%
Restored best for s4a_wider_t_mid_branch_fixed: sr=100.00% | reward=2295.10

=== Stage 5/21: s4b_wider_t_far_branch_fixed (fixed positions) ===
Stage: agents=2 obs=(36,) grid=(8, 9) starts=[(6, 4), (5, 4)] package=(3, 4) deliveries=[(1, 1), (1, 7)] lanes=12 rand_pkg=False rand_del=False dt=0.05 substeps=8 max_tilt=0.32
Step  380928 | stage_step=   2048 | Episodes: 25287
Step  391168 | stage_step=  12288 | Episodes: 25838
Step  401408 | stage_step=  22528 | Episodes: 26373
Eval @ 405504 | stage_step=  26624 | sr=100.00% | reward=2294.85 +/- 0.00 | pickups=2.00 deliveries=2.00 delivered_agents=2.00/2
Step  411648 | stage_step=  32768 | Episodes: 26888
[MultiQuadEnv] Steps 1-20000 | pickups=3802 | deliveries=1158 | total_pickups=3802 | total_deliveries=1158
Step  421888 | stage_step=  43008 | Episodes: 27403
Step  430080 | stage_step=  51200 | Episodes: 27801
Eval @ 430080 | stage_step=  51200 | sr=100.00% | reward=2294.80 +/- 0.00 | pickups=2.00 deliveries=2.00 delivered_agents=2.00/2
Step  440320 | stage_step=  61440 | Episodes: 28299
Step  450560 | stage_step=  71680 | Episodes: 28796
Eval @ 454656 | stage_step=  75776 | sr=100.00% | reward=2294.80 +/- 0.00 | pickups=2.00 deliveries=2.00 delivered_agents=2.00/2
Early promotion from s4b_wider_t_far_branch_fixed: 100.00% >= 80.00%
Restored best for s4b_wider_t_far_branch_fixed: sr=100.00% | reward=2294.85

=== Stage 6/21: s5_wider_t_random_package (random package) ===
Stage: agents=2 obs=(36,) grid=(9, 11) starts=[(7, 5), (6, 5)] package=(2, 5) deliveries=[(1, 1), (1, 9)] lanes=15 rand_pkg=True rand_del=False dt=0.05 substeps=8 max_tilt=0.32
Step  460800 | stage_step=   6144 | Episodes: 29422
Step  471040 | stage_step=  16384 | Episodes: 30129
Step  481280 | stage_step=  26624 | Episodes: 30793
Eval @ 485376 | stage_step=  30720 | sr=35.00% | reward=982.69 +/- 962.09 | pickups=2.00 deliveries=0.70 delivered_agents=0.70/2
Step  491520 | stage_step=  36864 | Episodes: 31457
[MultiQuadEnv] Steps 1-20000 | pickups=4537 | deliveries=182 | total_pickups=4537 | total_deliveries=182
Step  501760 | stage_step=  47104 | Episodes: 32089
Step  512000 | stage_step=  57344 | Episodes: 32729
Eval @ 516096 | stage_step=  61440 | sr=35.00% | reward=982.67 +/- 962.07 | pickups=2.00 deliveries=0.70 delivered_agents=0.70/2
Step  520192 | stage_step=  65536 | Episodes: 33238
Step  530432 | stage_step=  75776 | Episodes: 33885
[MultiQuadEnv] Steps 20001-40000 | pickups=4621 | deliveries=391 | total_pickups=9158 | total_deliveries=573
Step  540672 | stage_step=  86016 | Episodes: 34509
Eval @ 544768 | stage_step=  90112 | sr=35.00% | reward=982.67 +/- 962.07 | pickups=2.00 deliveries=0.70 delivered_agents=0.70/2
Step  550912 | stage_step=  96256 | Episodes: 35122
Step  561152 | stage_step= 106496 | Episodes: 35723
Step  571392 | stage_step= 116736 | Episodes: 36325
[MultiQuadEnv] Steps 40001-60000 | pickups=4405 | deliveries=644 | total_pickups=13563 | total_deliveries=1217
Eval @ 575488 | stage_step= 120832 | sr=35.00% | reward=982.76 +/- 962.19 | pickups=2.00 deliveries=0.70 delivered_agents=0.70/2
Step  581632 | stage_step= 126976 | Episodes: 36919
Step  591872 | stage_step= 137216 | Episodes: 37510
Step  600064 | stage_step= 145408 | Episodes: 37987
Eval @ 606208 | stage_step= 151552 | sr=35.00% | reward=982.63 +/- 962.14 | pickups=2.00 deliveries=0.70 delivered_agents=0.70/2
Step  610304 | stage_step= 155648 | Episodes: 38554
[MultiQuadEnv] Steps 60001-80000 | pickups=4304 | deliveries=699 | total_pickups=17867 | total_deliveries=1916
Step  620544 | stage_step= 165888 | Episodes: 39105
Step  630784 | stage_step= 176128 | Episodes: 39646
Eval @ 634880 | stage_step= 180224 | sr=35.00% | reward=982.67 +/- 962.07 | pickups=2.00 deliveries=0.70 delivered_agents=0.70/2
Step  641024 | stage_step= 186368 | Episodes: 40221
Step  651264 | stage_step= 196608 | Episodes: 40794
[MultiQuadEnv] Steps 80001-100000 | pickups=4133 | deliveries=851 | total_pickups=22000 | total_deliveries=2767
Step  661504 | stage_step= 206848 | Episodes: 41330
Eval @ 665600 | stage_step= 210944 | sr=35.00% | reward=982.63 +/- 962.14 | pickups=2.00 deliveries=0.70 delivered_agents=0.70/2
Step  671744 | stage_step= 217088 | Episodes: 41886
Step  681984 | stage_step= 227328 | Episodes: 42445
Step  690176 | stage_step= 235520 | Episodes: 42886
[MultiQuadEnv] Steps 100001-120000 | pickups=4048 | deliveries=976 | total_pickups=26048 | total_deliveries=3743
Eval @ 696320 | stage_step= 241664 | sr=75.00% | reward=1789.33 +/- 873.17 | pickups=2.00 deliveries=1.50 delivered_agents=1.50/2
Early promotion from s5_wider_t_random_package: 75.00% >= 45.00%
Restored best for s5_wider_t_random_package: sr=75.00% | reward=1789.33
Set actor_log_std=-0.35 for stage exploration

=== Stage 7/21: s6_tiny_pipe_fixed (fixed positions) ===
Stage: agents=2 obs=(36,) grid=(12, 12) starts=[(2, 3), (2, 4)] package=(2, 5) deliveries=[(2, 6), (2, 7)] lanes=47 rand_pkg=False rand_del=False dt=0.05 substeps=8 max_tilt=0.32
Step  700416 | stage_step=   4096 | Episodes: 43653
Step  710656 | stage_step=  14336 | Episodes: 44588
Step  720896 | stage_step=  24576 | Episodes: 45863
Eval @ 722944 | stage_step=  26624 | sr=0.00% | reward=-23.50 +/- 0.00 | pickups=0.00 deliveries=0.00 delivered_agents=0.00/2
Step  731136 | stage_step=  34816 | Episodes: 46690
[MultiQuadEnv] Steps 1-20000 | pickups=509 | deliveries=134 | total_pickups=509 | total_deliveries=134
Step  741376 | stage_step=  45056 | Episodes: 47251
Eval @ 747520 | stage_step=  51200 | sr=100.00% | reward=2241.10 +/- 0.00 | pickups=2.00 deliveries=2.00 delivered_agents=2.00/2
Step  751616 | stage_step=  55296 | Episodes: 47770
Step  761856 | stage_step=  65536 | Episodes: 48163
Step  770048 | stage_step=  73728 | Episodes: 48468
Eval @ 772096 | stage_step=  75776 | sr=100.00% | reward=2244.35 +/- 0.00 | pickups=2.00 deliveries=2.00 delivered_agents=2.00/2
Early promotion from s6_tiny_pipe_fixed: 100.00% >= 80.00%
Restored best for s6_tiny_pipe_fixed: sr=100.00% | reward=2244.35
Set actor_log_std=-0.35 for stage exploration

=== Stage 8/21: s7_small_pipe_line_fixed (fixed positions) ===
Stage: agents=2 obs=(36,) grid=(18, 18) starts=[(2, 3), (2, 4)] package=(2, 6) deliveries=[(2, 8), (2, 9)] lanes=104 rand_pkg=False rand_del=False dt=0.05 substeps=8 max_tilt=0.32
Step  780288 | stage_step=   8192 | Episodes: 48753
Step  790528 | stage_step=  18432 | Episodes: 48996
Eval @ 798720 | stage_step=  26624 | sr=100.00% | reward=2244.80 +/- 0.00 | pickups=2.00 deliveries=2.00 delivered_agents=2.00/2
Step  800768 | stage_step=  28672 | Episodes: 49238
Step  811008 | stage_step=  38912 | Episodes: 49488
[MultiQuadEnv] Steps 1-20000 | pickups=1243 | deliveries=756 | total_pickups=1243 | total_deliveries=756
Step  821248 | stage_step=  49152 | Episodes: 49745
Eval @ 823296 | stage_step=  51200 | sr=100.00% | reward=2245.60 +/- 0.00 | pickups=2.00 deliveries=2.00 delivered_agents=2.00/2
Step  831488 | stage_step=  59392 | Episodes: 50027
Step  841728 | stage_step=  69632 | Episodes: 50311
Eval @ 847872 | stage_step=  75776 | sr=100.00% | reward=2245.80 +/- 0.00 | pickups=2.00 deliveries=2.00 delivered_agents=2.00/2
Step  851968 | stage_step=  79872 | Episodes: 50595
[MultiQuadEnv] Steps 20001-40000 | pickups=1605 | deliveries=1215 | total_pickups=2848 | total_deliveries=1971
Step  860160 | stage_step=  88064 | Episodes: 50869
Step  870400 | stage_step=  98304 | Episodes: 51189
Eval @ 872448 | stage_step= 100352 | sr=100.00% | reward=2246.00 +/- 0.00 | pickups=2.00 deliveries=2.00 delivered_agents=2.00/2
Early promotion from s7_small_pipe_line_fixed: 100.00% >= 80.00%
Restored best for s7_small_pipe_line_fixed: sr=100.00% | reward=2246.00
Set actor_log_std=-0.35 for stage exploration

=== Stage 9/21: s8_small_pipe_vertical_fixed (fixed positions) ===
Stage: agents=2 obs=(36,) grid=(18, 18) starts=[(2, 8), (3, 8)] package=(4, 8) deliveries=[(5, 8), (6, 8)] lanes=104 rand_pkg=False rand_del=False dt=0.05 substeps=8 max_tilt=0.32
Step  880640 | stage_step=   8192 | Episodes: 51478
Step  890880 | stage_step=  18432 | Episodes: 51781
Eval @ 899072 | stage_step=  26624 | sr=0.00% | reward=-28.40 +/- 0.00 | pickups=0.00 deliveries=0.00 delivered_agents=0.00/2
Step  901120 | stage_step=  28672 | Episodes: 52168
Step  911360 | stage_step=  38912 | Episodes: 52583
[MultiQuadEnv] Steps 1-20000 | pickups=468 | deliveries=3 | total_pickups=468 | total_deliveries=3
Step  921600 | stage_step=  49152 | Episodes: 52891
Eval @ 923648 | stage_step=  51200 | sr=0.00% | reward=125.60 +/- 0.00 | pickups=1.00 deliveries=0.00 delivered_agents=0.00/2
Step  931840 | stage_step=  59392 | Episodes: 53317
Step  940032 | stage_step=  67584 | Episodes: 53556
Eval @ 948224 | stage_step=  75776 | sr=0.00% | reward=126.00 +/- 0.00 | pickups=1.00 deliveries=0.00 delivered_agents=0.00/2
Step  950272 | stage_step=  77824 | Episodes: 53911
[MultiQuadEnv] Steps 20001-40000 | pickups=1291 | deliveries=27 | total_pickups=1759 | total_deliveries=30
Step  960512 | stage_step=  88064 | Episodes: 54320
Step  970752 | stage_step=  98304 | Episodes: 54675
Eval @ 972800 | stage_step= 100352 | sr=0.00% | reward=124.40 +/- 0.00 | pickups=1.00 deliveries=0.00 delivered_agents=0.00/2
Step  980992 | stage_step= 108544 | Episodes: 54930
Step  991232 | stage_step= 118784 | Episodes: 55289
[MultiQuadEnv] Steps 40001-60000 | pickups=1470 | deliveries=90 | total_pickups=3229 | total_deliveries=120
Eval @ 999424 | stage_step= 126976 | sr=0.00% | reward=274.00 +/- 0.00 | pickups=2.00 deliveries=0.00 delivered_agents=0.00/2
Step 1001472 | stage_step= 129024 | Episodes: 55667
Step 1011712 | stage_step= 139264 | Episodes: 55920
Step 1021952 | stage_step= 149504 | Episodes: 56177
Eval @1024000 | stage_step= 151552 | sr=0.00% | reward=772.40 +/- 0.00 | pickups=2.00 deliveries=1.00 delivered_agents=1.00/2
Step 1030144 | stage_step= 157696 | Episodes: 56418
[MultiQuadEnv] Steps 60001-80000 | pickups=1448 | deliveries=160 | total_pickups=4677 | total_deliveries=280
Step 1040384 | stage_step= 167936 | Episodes: 56719
Eval @1048576 | stage_step= 176128 | sr=0.00% | reward=226.80 +/- 0.00 | pickups=2.00 deliveries=0.00 delivered_agents=0.00/2
Step 1050624 | stage_step= 178176 | Episodes: 57015
Step 1060864 | stage_step= 188416 | Episodes: 57310
Step 1071104 | stage_step= 198656 | Episodes: 57600
[MultiQuadEnv] Steps 80001-100000 | pickups=1579 | deliveries=453 | total_pickups=6256 | total_deliveries=733
Eval @1073152 | stage_step= 200704 | sr=100.00% | reward=2229.80 +/- 0.00 | pickups=2.00 deliveries=2.00 delivered_agents=2.00/2
Early promotion from s8_small_pipe_vertical_fixed: 100.00% >= 80.00%
Restored best for s8_small_pipe_vertical_fixed: sr=100.00% | reward=2229.80
Set actor_log_std=-0.35 for stage exploration

=== Stage 10/21: s9_small_pipe_turn_fixed (fixed positions) ===
Stage: agents=2 obs=(36,) grid=(18, 18) starts=[(2, 6), (2, 7)] package=(2, 8) deliveries=[(4, 8), (5, 8)] lanes=104 rand_pkg=False rand_del=False dt=0.05 substeps=8 max_tilt=0.32
Step 1081344 | stage_step=   8192 | Episodes: 58407
Step 1091584 | stage_step=  18432 | Episodes: 59279
Eval @1099776 | stage_step=  26624 | sr=0.00% | reward=-21.60 +/- 0.00 | pickups=0.00 deliveries=0.00 delivered_agents=0.00/2
Step 1101824 | stage_step=  28672 | Episodes: 60143
Step 1110016 | stage_step=  36864 | Episodes: 60680
[MultiQuadEnv] Steps 1-20000 | pickups=755 | deliveries=37 | total_pickups=755 | total_deliveries=37
Step 1120256 | stage_step=  47104 | Episodes: 61473
Eval @1124352 | stage_step=  51200 | sr=0.00% | reward=-21.60 +/- 0.00 | pickups=0.00 deliveries=0.00 delivered_agents=0.00/2
Step 1130496 | stage_step=  57344 | Episodes: 62094
Step 1140736 | stage_step=  67584 | Episodes: 62760
Eval @1148928 | stage_step=  75776 | sr=0.00% | reward=128.00 +/- 0.00 | pickups=1.00 deliveries=0.00 delivered_agents=0.00/2
Step 1150976 | stage_step=  77824 | Episodes: 63318
[MultiQuadEnv] Steps 20001-40000 | pickups=1350 | deliveries=64 | total_pickups=2105 | total_deliveries=101
Step 1161216 | stage_step=  88064 | Episodes: 63754
Step 1171456 | stage_step=  98304 | Episodes: 64225
Eval @1173504 | stage_step= 100352 | sr=0.00% | reward=128.00 +/- 0.00 | pickups=1.00 deliveries=0.00 delivered_agents=0.00/2
Step 1181696 | stage_step= 108544 | Episodes: 64738
Step 1191936 | stage_step= 118784 | Episodes: 65241
[MultiQuadEnv] Steps 40001-60000 | pickups=1631 | deliveries=81 | total_pickups=3736 | total_deliveries=182
Step 1200128 | stage_step= 126976 | Episodes: 65524
Eval @1200128 | stage_step= 126976 | sr=0.00% | reward=539.80 +/- 0.00 | pickups=1.00 deliveries=1.00 delivered_agents=1.00/2
Step 1210368 | stage_step= 137216 | Episodes: 65971
Step 1220608 | stage_step= 147456 | Episodes: 66393
Eval @1224704 | stage_step= 151552 | sr=0.00% | reward=557.80 +/- 0.00 | pickups=1.00 deliveries=1.00 delivered_agents=1.00/2
Step 1230848 | stage_step= 157696 | Episodes: 66840
[MultiQuadEnv] Steps 60001-80000 | pickups=1452 | deliveries=181 | total_pickups=5188 | total_deliveries=363
Step 1241088 | stage_step= 167936 | Episodes: 67222
Eval @1249280 | stage_step= 176128 | sr=0.00% | reward=489.40 +/- 0.00 | pickups=1.00 deliveries=1.00 delivered_agents=1.00/2
Step 1251328 | stage_step= 178176 | Episodes: 67519
Step 1261568 | stage_step= 188416 | Episodes: 67854
Step 1271808 | stage_step= 198656 | Episodes: 68157
[MultiQuadEnv] Steps 80001-100000 | pickups=1246 | deliveries=310 | total_pickups=6434 | total_deliveries=673
Eval @1273856 | stage_step= 200704 | sr=0.00% | reward=539.40 +/- 0.00 | pickups=1.00 deliveries=1.00 delivered_agents=1.00/2
Step 1280000 | stage_step= 206848 | Episodes: 68395
Step 1290240 | stage_step= 217088 | Episodes: 68667
Eval @1298432 | stage_step= 225280 | sr=0.00% | reward=539.20 +/- 0.00 | pickups=1.00 deliveries=1.00 delivered_agents=1.00/2
Step 1300480 | stage_step= 227328 | Episodes: 68983
Step 1310720 | stage_step= 237568 | Episodes: 69264
[MultiQuadEnv] Steps 100001-120000 | pickups=1354 | deliveries=551 | total_pickups=7788 | total_deliveries=1224
Step 1320960 | stage_step= 247808 | Episodes: 69550
Eval @1325056 | stage_step= 251904 | sr=100.00% | reward=2295.60 +/- 0.00 | pickups=2.00 deliveries=2.00 delivered_agents=2.00/2
Early promotion from s9_small_pipe_turn_fixed: 100.00% >= 75.00%
Restored best for s9_small_pipe_turn_fixed: sr=100.00% | reward=2295.60
Set actor_log_std=-0.35 for stage exploration

=== Stage 11/21: s10_small_pipe_fixed (fixed positions) ===
Stage: agents=2 obs=(36,) grid=(18, 18) starts=[(2, 3), (2, 4)] package=(4, 8) deliveries=[(8, 13), (9, 12)] lanes=104 rand_pkg=False rand_del=False dt=0.05 substeps=8 max_tilt=0.32
Step 1331200 | stage_step=   6144 | Episodes: 69800
Step 1341440 | stage_step=  16384 | Episodes: 70011
Step 1351680 | stage_step=  26624 | Episodes: 70267
Eval @1351680 | stage_step=  26624 | sr=0.00% | reward=-24.50 +/- 0.00 | pickups=0.00 deliveries=0.00 delivered_agents=0.00/2
Step 1361920 | stage_step=  36864 | Episodes: 70560
[MultiQuadEnv] Steps 1-20000 | pickups=60 | deliveries=3 | total_pickups=60 | total_deliveries=3
Step 1370112 | stage_step=  45056 | Episodes: 70883
Eval @1376256 | stage_step=  51200 | sr=0.00% | reward=-24.55 +/- 0.00 | pickups=0.00 deliveries=0.00 delivered_agents=0.00/2
Step 1380352 | stage_step=  55296 | Episodes: 71336
Step 1390592 | stage_step=  65536 | Episodes: 71828
Step 1400832 | stage_step=  75776 | Episodes: 72339
Eval @1400832 | stage_step=  75776 | sr=0.00% | reward=-24.55 +/- 0.00 | pickups=0.00 deliveries=0.00 delivered_agents=0.00/2
[MultiQuadEnv] Steps 20001-40000 | pickups=149 | deliveries=5 | total_pickups=209 | total_deliveries=8
Step 1411072 | stage_step=  86016 | Episodes: 72775
Step 1421312 | stage_step=  96256 | Episodes: 73176
Eval @1425408 | stage_step= 100352 | sr=0.00% | reward=-24.55 +/- 0.00 | pickups=0.00 deliveries=0.00 delivered_agents=0.00/2
Step 1431552 | stage_step= 106496 | Episodes: 73503
Step 1441792 | stage_step= 116736 | Episodes: 73841
[MultiQuadEnv] Steps 40001-60000 | pickups=336 | deliveries=8 | total_pickups=545 | total_deliveries=16
Step 1452032 | stage_step= 126976 | Episodes: 74119
Eval @1452032 | stage_step= 126976 | sr=0.00% | reward=-1835.85 +/- 0.00 | pickups=1.00 deliveries=0.00 delivered_agents=0.00/2
Step 1460224 | stage_step= 135168 | Episodes: 74302
Step 1470464 | stage_step= 145408 | Episodes: 74522
Eval @1476608 | stage_step= 151552 | sr=0.00% | reward=-1846.95 +/- 0.00 | pickups=1.00 deliveries=0.00 delivered_agents=0.00/2
Step 1480704 | stage_step= 155648 | Episodes: 74755
[MultiQuadEnv] Steps 60001-80000 | pickups=460 | deliveries=23 | total_pickups=1005 | total_deliveries=39
Step 1490944 | stage_step= 165888 | Episodes: 74934
Step 1501184 | stage_step= 176128 | Episodes: 75110
Eval @1501184 | stage_step= 176128 | sr=0.00% | reward=-1838.75 +/- 0.00 | pickups=1.00 deliveries=0.00 delivered_agents=0.00/2
Step 1511424 | stage_step= 186368 | Episodes: 75321
Step 1521664 | stage_step= 196608 | Episodes: 75506
[MultiQuadEnv] Steps 80001-100000 | pickups=440 | deliveries=62 | total_pickups=1445 | total_deliveries=101
Eval @1525760 | stage_step= 200704 | sr=0.00% | reward=-1823.20 +/- 0.00 | pickups=1.00 deliveries=0.00 delivered_agents=0.00/2
Step 1531904 | stage_step= 206848 | Episodes: 75651
Step 1540096 | stage_step= 215040 | Episodes: 75763
Step 1550336 | stage_step= 225280 | Episodes: 75911
Eval @1550336 | stage_step= 225280 | sr=0.00% | reward=-1821.50 +/- 0.00 | pickups=1.00 deliveries=0.00 delivered_agents=0.00/2
Step 1560576 | stage_step= 235520 | Episodes: 76064
[MultiQuadEnv] Steps 100001-120000 | pickups=394 | deliveries=93 | total_pickups=1839 | total_deliveries=194
Step 1570816 | stage_step= 245760 | Episodes: 76204
Eval @1576960 | stage_step= 251904 | sr=0.00% | reward=-246.80 +/- 0.00 | pickups=1.00 deliveries=1.00 delivered_agents=1.00/2
Step 1581056 | stage_step= 256000 | Episodes: 76331
Step 1591296 | stage_step= 266240 | Episodes: 76446
Step 1601536 | stage_step= 276480 | Episodes: 76554
Eval @1601536 | stage_step= 276480 | sr=0.00% | reward=-245.20 +/- 0.00 | pickups=1.00 deliveries=1.00 delivered_agents=1.00/2
[MultiQuadEnv] Steps 120001-140000 | pickups=327 | deliveries=118 | total_pickups=2166 | total_deliveries=312
Step 1611776 | stage_step= 286720 | Episodes: 76662
Step 1622016 | stage_step= 296960 | Episodes: 76786
Eval @1626112 | stage_step= 301056 | sr=0.00% | reward=-197.70 +/- 0.00 | pickups=1.00 deliveries=1.00 delivered_agents=1.00/2
Step 1630208 | stage_step= 305152 | Episodes: 76865
Step 1640448 | stage_step= 315392 | Episodes: 76969
[MultiQuadEnv] Steps 140001-160000 | pickups=310 | deliveries=143 | total_pickups=2476 | total_deliveries=455
Step 1650688 | stage_step= 325632 | Episodes: 77083
Eval @1650688 | stage_step= 325632 | sr=0.00% | reward=-197.95 +/- 0.00 | pickups=1.00 deliveries=1.00 delivered_agents=1.00/2
Step 1660928 | stage_step= 335872 | Episodes: 77179
Step 1671168 | stage_step= 346112 | Episodes: 77290
Eval @1675264 | stage_step= 350208 | sr=0.00% | reward=-169.75 +/- 0.00 | pickups=1.00 deliveries=1.00 delivered_agents=1.00/2
Step 1681408 | stage_step= 356352 | Episodes: 77410
[MultiQuadEnv] Steps 160001-180000 | pickups=317 | deliveries=150 | total_pickups=2793 | total_deliveries=605
Step 1691648 | stage_step= 366592 | Episodes: 77526
Step 1701888 | stage_step= 376832 | Episodes: 77629
Eval @1701888 | stage_step= 376832 | sr=0.00% | reward=-191.60 +/- 0.00 | pickups=1.00 deliveries=1.00 delivered_agents=1.00/2
Step 1710080 | stage_step= 385024 | Episodes: 77706
Step 1720320 | stage_step= 395264 | Episodes: 77817
[MultiQuadEnv] Steps 180001-200000 | pickups=323 | deliveries=162 | total_pickups=3116 | total_deliveries=767
Eval @1726464 | stage_step= 401408 | sr=0.00% | reward=-194.10 +/- 0.00 | pickups=1.00 deliveries=1.00 delivered_agents=1.00/2
Step 1730560 | stage_step= 405504 | Episodes: 77928
Step 1740800 | stage_step= 415744 | Episodes: 78037
Step 1751040 | stage_step= 425984 | Episodes: 78140
Eval @1751040 | stage_step= 425984 | sr=0.00% | reward=-193.65 +/- 0.00 | pickups=1.00 deliveries=1.00 delivered_agents=1.00/2
Step 1761280 | stage_step= 436224 | Episodes: 78239
[MultiQuadEnv] Steps 200001-220000 | pickups=304 | deliveries=183 | total_pickups=3420 | total_deliveries=950
Step 1771520 | stage_step= 446464 | Episodes: 78352
Eval @1775616 | stage_step= 450560 | sr=0.00% | reward=-194.20 +/- 0.00 | pickups=1.00 deliveries=1.00 delivered_agents=1.00/2
Step 1781760 | stage_step= 456704 | Episodes: 78428
Step 1792000 | stage_step= 466944 | Episodes: 78492
Step 1800192 | stage_step= 475136 | Episodes: 78537
Eval @1800192 | stage_step= 475136 | sr=0.00% | reward=-167.65 +/- 0.00 | pickups=1.00 deliveries=1.00 delivered_agents=1.00/2
[MultiQuadEnv] Steps 220001-240000 | pickups=259 | deliveries=172 | total_pickups=3679 | total_deliveries=1122
Step 1810432 | stage_step= 485376 | Episodes: 78623
Step 1820672 | stage_step= 495616 | Episodes: 78714
Eval @1826816 | stage_step= 501760 | sr=0.00% | reward=-166.85 +/- 0.00 | pickups=1.00 deliveries=1.00 delivered_agents=1.00/2
Step 1830912 | stage_step= 505856 | Episodes: 78806
Step 1841152 | stage_step= 516096 | Episodes: 78891
[MultiQuadEnv] Steps 240001-260000 | pickups=286 | deliveries=187 | total_pickups=3965 | total_deliveries=1309
Step 1851392 | stage_step= 526336 | Episodes: 78983
Eval @1851392 | stage_step= 526336 | sr=0.00% | reward=-217.95 +/- 0.00 | pickups=1.00 deliveries=1.00 delivered_agents=1.00/2
Step 1861632 | stage_step= 536576 | Episodes: 79071
Step 1871872 | stage_step= 546816 | Episodes: 79150
Eval @1875968 | stage_step= 550912 | sr=0.00% | reward=-157.90 +/- 0.00 | pickups=1.00 deliveries=1.00 delivered_agents=1.00/2
Step 1880064 | stage_step= 555008 | Episodes: 79218
[MultiQuadEnv] Steps 260001-280000 | pickups=286 | deliveries=210 | total_pickups=4251 | total_deliveries=1519
Step 1890304 | stage_step= 565248 | Episodes: 79319
Step 1900544 | stage_step= 575488 | Episodes: 79419
Eval @1900544 | stage_step= 575488 | sr=0.00% | reward=-150.40 +/- 0.00 | pickups=1.00 deliveries=1.00 delivered_agents=1.00/2
Step 1910784 | stage_step= 585728 | Episodes: 79512
Step 1921024 | stage_step= 595968 | Episodes: 79604
[MultiQuadEnv] Steps 280001-300000 | pickups=322 | deliveries=234 | total_pickups=4573 | total_deliveries=1753
Eval @1925120 | stage_step= 600064 | sr=0.00% | reward=-124.95 +/- 0.00 | pickups=1.00 deliveries=1.00 delivered_agents=1.00/2
Step 1931264 | stage_step= 606208 | Episodes: 79683
Step 1941504 | stage_step= 616448 | Episodes: 79748
Step 1951744 | stage_step= 626688 | Episodes: 79829
Eval @1951744 | stage_step= 626688 | sr=0.00% | reward=-148.10 +/- 0.00 | pickups=1.00 deliveries=1.00 delivered_agents=1.00/2
Step 1961984 | stage_step= 636928 | Episodes: 79912
[MultiQuadEnv] Steps 300001-320000 | pickups=283 | deliveries=223 | total_pickups=4856 | total_deliveries=1976
Step 1970176 | stage_step= 645120 | Episodes: 79976
Eval @1976320 | stage_step= 651264 | sr=0.00% | reward=-132.05 +/- 0.00 | pickups=1.00 deliveries=1.00 delivered_agents=1.00/2
Step 1980416 | stage_step= 655360 | Episodes: 80055
Step 1990656 | stage_step= 665600 | Episodes: 80132
Step 2000896 | stage_step= 675840 | Episodes: 80209
Eval @2000896 | stage_step= 675840 | sr=0.00% | reward=-199.45 +/- 0.00 | pickups=1.00 deliveries=1.00 delivered_agents=1.00/2
[MultiQuadEnv] Steps 320001-340000 | pickups=277 | deliveries=214 | total_pickups=5133 | total_deliveries=2190
Step 2011136 | stage_step= 686080 | Episodes: 80296
Step 2021376 | stage_step= 696320 | Episodes: 80389
Eval @2025472 | stage_step= 700416 | sr=0.00% | reward=559.75 +/- 0.00 | pickups=1.00 deliveries=1.00 delivered_agents=1.00/2
Step 2031616 | stage_step= 706560 | Episodes: 80492
Step 2041856 | stage_step= 716800 | Episodes: 80591
[MultiQuadEnv] Steps 340001-360000 | pickups=346 | deliveries=279 | total_pickups=5479 | total_deliveries=2469
Step 2050048 | stage_step= 724992 | Episodes: 80662
Eval @2052096 | stage_step= 727040 | sr=0.00% | reward=-155.60 +/- 0.00 | pickups=1.00 deliveries=1.00 delivered_agents=1.00/2
Step 2060288 | stage_step= 735232 | Episodes: 80759
Step 2070528 | stage_step= 745472 | Episodes: 80855
Eval @2076672 | stage_step= 751616 | sr=0.00% | reward=606.55 +/- 0.00 | pickups=1.00 deliveries=1.00 delivered_agents=1.00/2
Step 2080768 | stage_step= 755712 | Episodes: 80974
[MultiQuadEnv] Steps 360001-380000 | pickups=366 | deliveries=308 | total_pickups=5845 | total_deliveries=2777
Step 2091008 | stage_step= 765952 | Episodes: 81082
Step 2101248 | stage_step= 776192 | Episodes: 81181
Eval @2101248 | stage_step= 776192 | sr=0.00% | reward=596.20 +/- 0.00 | pickups=1.00 deliveries=1.00 delivered_agents=1.00/2
Step 2111488 | stage_step= 786432 | Episodes: 81284
Step 2121728 | stage_step= 796672 | Episodes: 81405
[MultiQuadEnv] Steps 380001-400000 | pickups=390 | deliveries=317 | total_pickups=6235 | total_deliveries=3094
Eval @2125824 | stage_step= 800768 | sr=0.00% | reward=609.60 +/- 0.00 | pickups=1.00 deliveries=1.00 delivered_agents=1.00/2
Step 2131968 | stage_step= 806912 | Episodes: 81516
Step 2140160 | stage_step= 815104 | Episodes: 81609
Step 2150400 | stage_step= 825344 | Episodes: 81730
Eval @2150400 | stage_step= 825344 | sr=0.00% | reward=612.80 +/- 0.00 | pickups=1.00 deliveries=1.00 delivered_agents=1.00/2
Step 2160640 | stage_step= 835584 | Episodes: 81850
[MultiQuadEnv] Steps 400001-420000 | pickups=424 | deliveries=354 | total_pickups=6659 | total_deliveries=3448
Step 2170880 | stage_step= 845824 | Episodes: 81957
Eval @2177024 | stage_step= 851968 | sr=0.00% | reward=501.70 +/- 0.00 | pickups=1.00 deliveries=1.00 delivered_agents=1.00/2
Step 2181120 | stage_step= 856064 | Episodes: 82048
Step 2191360 | stage_step= 866304 | Episodes: 82140
Step 2201600 | stage_step= 876544 | Episodes: 82232
Eval @2201600 | stage_step= 876544 | sr=0.00% | reward=585.90 +/- 0.00 | pickups=1.00 deliveries=1.00 delivered_agents=1.00/2
[MultiQuadEnv] Steps 420001-440000 | pickups=338 | deliveries=292 | total_pickups=6997 | total_deliveries=3740
Eval @2205696 | stage_step= 880640 | sr=0.00% | reward=591.35 +/- 0.00 | pickups=1.00 deliveries=1.00 delivered_agents=1.00/2
Full budget used for s10_small_pipe_fixed. Best stage success=0.00%.
No successful checkpoint found for s10_small_pipe_fixed; restored pre-stage model.
Final eval | success_rate=100.00% | mean_reward=2295.60 +/- 0.00 | pickups=2.00 deliveries=2.00 | delivered_agents=2.00/2 

### DYNAMIC MAPPO SWEEP 20/20: quad_physics_mappo_v1_random_delivery_dynamic_slow_sweep_long_seed41 ###

Using device: cuda (NVIDIA GeForce RTX 4090)
Initial Quad MAPPO: agents=2 obs=(36,) grid=(6, 5) starts=[(4, 2), (3, 2)] package=(2, 2) deliveries=[(1, 1), (1, 3)] lanes=6 rand_pkg=False rand_del=False dt=0.05 substeps=8 max_tilt=0.32

=== Stage 1/21: s1_short_t_fixed (fixed positions) ===
Stage: agents=2 obs=(36,) grid=(6, 5) starts=[(4, 2), (3, 2)] package=(2, 2) deliveries=[(1, 1), (1, 3)] lanes=6 rand_pkg=False rand_del=False dt=0.05 substeps=8 max_tilt=0.32
Step   10240 | stage_step=  10240 | Episodes:  1002
Step   20480 | stage_step=  20480 | Episodes:  2032
Eval @  20480 | stage_step=  20480 | sr=0.00% | reward=127.20 +/- 0.00 | pickups=1.00 deliveries=0.00 delivered_agents=0.00/2
Step   30720 | stage_step=  30720 | Episodes:  3063
[MultiQuadEnv] Steps 1-20000 | pickups=2639 | deliveries=402 | total_pickups=2639 | total_deliveries=402
Step   40960 | stage_step=  40960 | Episodes:  4092
Eval @  40960 | stage_step=  40960 | sr=0.00% | reward=128.00 +/- 0.00 | pickups=1.00 deliveries=0.00 delivered_agents=0.00/2
Step   51200 | stage_step=  51200 | Episodes:  5135
Step   61440 | stage_step=  61440 | Episodes:  6186
Eval @  61440 | stage_step=  61440 | sr=0.00% | reward=278.00 +/- 0.00 | pickups=2.00 deliveries=0.00 delivered_agents=0.00/2
Step   71680 | stage_step=  71680 | Episodes:  7244
[MultiQuadEnv] Steps 20001-40000 | pickups=4726 | deliveries=1112 | total_pickups=7365 | total_deliveries=1514
Step   81920 | stage_step=  81920 | Episodes:  8312
Eval @  81920 | stage_step=  81920 | sr=0.00% | reward=778.00 +/- 0.00 | pickups=2.00 deliveries=1.00 delivered_agents=1.00/2
Step   90112 | stage_step=  90112 | Episodes:  9167
Step  100352 | stage_step= 100352 | Episodes: 10246
Eval @ 100352 | stage_step= 100352 | sr=0.00% | reward=778.00 +/- 0.00 | pickups=2.00 deliveries=1.00 delivered_agents=1.00/2
Step  110592 | stage_step= 110592 | Episodes: 11325
[MultiQuadEnv] Steps 40001-60000 | pickups=5420 | deliveries=1536 | total_pickups=12785 | total_deliveries=3050
Step  120832 | stage_step= 120832 | Episodes: 12414
Eval @ 120832 | stage_step= 120832 | sr=0.00% | reward=778.00 +/- 0.00 | pickups=2.00 deliveries=1.00 delivered_agents=1.00/2
Step  131072 | stage_step= 131072 | Episodes: 13539
Step  141312 | stage_step= 141312 | Episodes: 14656
Eval @ 141312 | stage_step= 141312 | sr=100.00% | reward=2298.20 +/- 0.00 | pickups=2.00 deliveries=2.00 delivered_agents=2.00/2
Early promotion from s1_short_t_fixed: 100.00% >= 90.00%
Restored best for s1_short_t_fixed: sr=100.00% | reward=2298.20

=== Stage 2/21: s2_wider_t_stem_fixed (fixed positions) ===
Stage: agents=2 obs=(36,) grid=(8, 9) starts=[(6, 4), (5, 4)] package=(3, 4) deliveries=[(2, 4), (1, 4)] lanes=12 rand_pkg=False rand_del=False dt=0.05 substeps=8 max_tilt=0.32
Step  151552 | stage_step=  10240 | Episodes: 15647
Step  161792 | stage_step=  20480 | Episodes: 16516
Eval @ 167936 | stage_step=  26624 | sr=100.00% | reward=2247.60 +/- 0.00 | pickups=2.00 deliveries=2.00 delivered_agents=2.00/2
Step  172032 | stage_step=  30720 | Episodes: 17381
Step  180224 | stage_step=  38912 | Episodes: 18047
[MultiQuadEnv] Steps 1-20000 | pickups=4308 | deliveries=1974 | total_pickups=4308 | total_deliveries=1974
Step  190464 | stage_step=  49152 | Episodes: 18867
Eval @ 192512 | stage_step=  51200 | sr=100.00% | reward=2247.60 +/- 0.00 | pickups=2.00 deliveries=2.00 delivered_agents=2.00/2
Step  200704 | stage_step=  59392 | Episodes: 19657
Step  210944 | stage_step=  69632 | Episodes: 20432
Eval @ 217088 | stage_step=  75776 | sr=100.00% | reward=2247.60 +/- 0.00 | pickups=2.00 deliveries=2.00 delivered_agents=2.00/2
Early promotion from s2_wider_t_stem_fixed: 100.00% >= 85.00%
Restored best for s2_wider_t_stem_fixed: sr=100.00% | reward=2247.60

=== Stage 3/21: s3_wider_t_near_branch_fixed (fixed positions) ===
Stage: agents=2 obs=(36,) grid=(8, 9) starts=[(6, 4), (5, 4)] package=(2, 4) deliveries=[(1, 3), (1, 5)] lanes=12 rand_pkg=False rand_del=False dt=0.05 substeps=8 max_tilt=0.32
Step  221184 | stage_step=   4096 | Episodes: 21241
Step  231424 | stage_step=  14336 | Episodes: 22031
Step  241664 | stage_step=  24576 | Episodes: 22728
Eval @ 243712 | stage_step=  26624 | sr=0.00% | reward=257.20 +/- 0.00 | pickups=2.00 deliveries=0.00 delivered_agents=0.00/2
Step  251904 | stage_step=  34816 | Episodes: 23440
[MultiQuadEnv] Steps 1-20000 | pickups=3418 | deliveries=399 | total_pickups=3418 | total_deliveries=399
Step  260096 | stage_step=  43008 | Episodes: 24003
Eval @ 268288 | stage_step=  51200 | sr=0.00% | reward=257.20 +/- 0.00 | pickups=2.00 deliveries=0.00 delivered_agents=0.00/2
Step  270336 | stage_step=  53248 | Episodes: 24647
Step  280576 | stage_step=  63488 | Episodes: 25273
Step  290816 | stage_step=  73728 | Episodes: 25869
Eval @ 292864 | stage_step=  75776 | sr=0.00% | reward=760.20 +/- 0.00 | pickups=2.00 deliveries=1.00 delivered_agents=1.00/2
[MultiQuadEnv] Steps 20001-40000 | pickups=3565 | deliveries=599 | total_pickups=6983 | total_deliveries=998
Step  301056 | stage_step=  83968 | Episodes: 26461
Step  311296 | stage_step=  94208 | Episodes: 26998
Eval @ 317440 | stage_step= 100352 | sr=0.00% | reward=760.40 +/- 0.00 | pickups=2.00 deliveries=1.00 delivered_agents=1.00/2
Step  321536 | stage_step= 104448 | Episodes: 27487
Step  331776 | stage_step= 114688 | Episodes: 28007
[MultiQuadEnv] Steps 40001-60000 | pickups=3360 | deliveries=737 | total_pickups=10343 | total_deliveries=1735
Step  342016 | stage_step= 124928 | Episodes: 28543
Eval @ 344064 | stage_step= 126976 | sr=0.00% | reward=760.40 +/- 0.00 | pickups=2.00 deliveries=1.00 delivered_agents=1.00/2
Step  350208 | stage_step= 133120 | Episodes: 28988
Step  360448 | stage_step= 143360 | Episodes: 29553
Eval @ 368640 | stage_step= 151552 | sr=0.00% | reward=760.40 +/- 0.00 | pickups=2.00 deliveries=1.00 delivered_agents=1.00/2
Step  370688 | stage_step= 153600 | Episodes: 30115
[MultiQuadEnv] Steps 60001-80000 | pickups=3626 | deliveries=887 | total_pickups=13969 | total_deliveries=2622
Step  380928 | stage_step= 163840 | Episodes: 30664
Step  391168 | stage_step= 174080 | Episodes: 31191
Eval @ 393216 | stage_step= 176128 | sr=0.00% | reward=760.40 +/- 0.00 | pickups=2.00 deliveries=1.00 delivered_agents=1.00/2
Step  401408 | stage_step= 184320 | Episodes: 31697
Step  411648 | stage_step= 194560 | Episodes: 32243
[MultiQuadEnv] Steps 80001-100000 | pickups=3509 | deliveries=913 | total_pickups=17478 | total_deliveries=3535
Eval @ 417792 | stage_step= 200704 | sr=0.00% | reward=760.40 +/- 0.00 | pickups=2.00 deliveries=1.00 delivered_agents=1.00/2
Step  421888 | stage_step= 204800 | Episodes: 32792
Step  430080 | stage_step= 212992 | Episodes: 33243
Step  440320 | stage_step= 223232 | Episodes: 33810
Eval @ 442368 | stage_step= 225280 | sr=0.00% | reward=760.40 +/- 0.00 | pickups=2.00 deliveries=1.00 delivered_agents=1.00/2
Step  450560 | stage_step= 233472 | Episodes: 34365
[MultiQuadEnv] Steps 100001-120000 | pickups=3758 | deliveries=1042 | total_pickups=21236 | total_deliveries=4577
Step  460800 | stage_step= 243712 | Episodes: 34927
Eval @ 468992 | stage_step= 251904 | sr=0.00% | reward=760.20 +/- 0.00 | pickups=2.00 deliveries=1.00 delivered_agents=1.00/2
Step  471040 | stage_step= 253952 | Episodes: 35505
Step  481280 | stage_step= 264192 | Episodes: 36071
Step  491520 | stage_step= 274432 | Episodes: 36627
Eval @ 493568 | stage_step= 276480 | sr=0.00% | reward=760.20 +/- 0.00 | pickups=2.00 deliveries=1.00 delivered_agents=1.00/2
[MultiQuadEnv] Steps 120001-140000 | pickups=3826 | deliveries=1053 | total_pickups=25062 | total_deliveries=5630
Step  501760 | stage_step= 284672 | Episodes: 37178
Step  512000 | stage_step= 294912 | Episodes: 37718
Eval @ 518144 | stage_step= 301056 | sr=0.00% | reward=760.20 +/- 0.00 | pickups=2.00 deliveries=1.00 delivered_agents=1.00/2
Step  520192 | stage_step= 303104 | Episodes: 38165
Step  530432 | stage_step= 313344 | Episodes: 38768
[MultiQuadEnv] Steps 140001-160000 | pickups=3905 | deliveries=1131 | total_pickups=28967 | total_deliveries=6761
Step  540672 | stage_step= 323584 | Episodes: 39369
Eval @ 542720 | stage_step= 325632 | sr=0.00% | reward=760.20 +/- 0.00 | pickups=2.00 deliveries=1.00 delivered_agents=1.00/2
Step  550912 | stage_step= 333824 | Episodes: 39950
Step  561152 | stage_step= 344064 | Episodes: 40552
Eval @ 567296 | stage_step= 350208 | sr=0.00% | reward=760.20 +/- 0.00 | pickups=2.00 deliveries=1.00 delivered_agents=1.00/2
Step  571392 | stage_step= 354304 | Episodes: 41152
[MultiQuadEnv] Steps 160001-180000 | pickups=3935 | deliveries=1301 | total_pickups=32902 | total_deliveries=8062
Step  581632 | stage_step= 364544 | Episodes: 41741
Step  591872 | stage_step= 374784 | Episodes: 42342
Eval @ 593920 | stage_step= 376832 | sr=100.00% | reward=2280.40 +/- 0.00 | pickups=2.00 deliveries=2.00 delivered_agents=2.00/2
Early promotion from s3_wider_t_near_branch_fixed: 100.00% >= 75.00%
Restored best for s3_wider_t_near_branch_fixed: sr=100.00% | reward=2280.40

=== Stage 4/21: s4a_wider_t_mid_branch_fixed (fixed positions) ===
Stage: agents=2 obs=(36,) grid=(8, 9) starts=[(6, 4), (5, 4)] package=(3, 4) deliveries=[(1, 2), (1, 6)] lanes=12 rand_pkg=False rand_del=False dt=0.05 substeps=8 max_tilt=0.32
Step  600064 | stage_step=   6144 | Episodes: 42915
Step  610304 | stage_step=  16384 | Episodes: 43640
Step  620544 | stage_step=  26624 | Episodes: 44331
Eval @ 620544 | stage_step=  26624 | sr=0.00% | reward=256.80 +/- 0.00 | pickups=2.00 deliveries=0.00 delivered_agents=0.00/2
Step  630784 | stage_step=  36864 | Episodes: 45035
[MultiQuadEnv] Steps 1-20000 | pickups=4917 | deliveries=29 | total_pickups=4917 | total_deliveries=29
Step  641024 | stage_step=  47104 | Episodes: 45740
Eval @ 645120 | stage_step=  51200 | sr=0.00% | reward=256.80 +/- 0.00 | pickups=2.00 deliveries=0.00 delivered_agents=0.00/2
Step  651264 | stage_step=  57344 | Episodes: 46424
Step  661504 | stage_step=  67584 | Episodes: 47134
Eval @ 669696 | stage_step=  75776 | sr=0.00% | reward=256.80 +/- 0.00 | pickups=2.00 deliveries=0.00 delivered_agents=0.00/2
Step  671744 | stage_step=  77824 | Episodes: 47858
[MultiQuadEnv] Steps 20001-40000 | pickups=5382 | deliveries=70 | total_pickups=10299 | total_deliveries=99
Step  681984 | stage_step=  88064 | Episodes: 48564
Step  690176 | stage_step=  96256 | Episodes: 49120
Eval @ 694272 | stage_step= 100352 | sr=0.00% | reward=256.80 +/- 0.00 | pickups=2.00 deliveries=0.00 delivered_agents=0.00/2
Step  700416 | stage_step= 106496 | Episodes: 49798
Step  710656 | stage_step= 116736 | Episodes: 50469
[MultiQuadEnv] Steps 40001-60000 | pickups=5253 | deliveries=355 | total_pickups=15552 | total_deliveries=454
Step  720896 | stage_step= 126976 | Episodes: 51130
Eval @ 720896 | stage_step= 126976 | sr=0.00% | reward=735.55 +/- 0.00 | pickups=2.00 deliveries=1.00 delivered_agents=1.00/2
Step  731136 | stage_step= 137216 | Episodes: 51794
Step  741376 | stage_step= 147456 | Episodes: 52454
Eval @ 745472 | stage_step= 151552 | sr=0.00% | reward=735.55 +/- 0.00 | pickups=2.00 deliveries=1.00 delivered_agents=1.00/2
Step  751616 | stage_step= 157696 | Episodes: 53115
[MultiQuadEnv] Steps 60001-80000 | pickups=4982 | deliveries=585 | total_pickups=20534 | total_deliveries=1039
Step  761856 | stage_step= 167936 | Episodes: 53758
Step  770048 | stage_step= 176128 | Episodes: 54273
Eval @ 770048 | stage_step= 176128 | sr=0.00% | reward=735.55 +/- 0.00 | pickups=2.00 deliveries=1.00 delivered_agents=1.00/2
Step  780288 | stage_step= 186368 | Episodes: 54906
Step  790528 | stage_step= 196608 | Episodes: 55545
[MultiQuadEnv] Steps 80001-100000 | pickups=4824 | deliveries=810 | total_pickups=25358 | total_deliveries=1849
Eval @ 794624 | stage_step= 200704 | sr=0.00% | reward=735.55 +/- 0.00 | pickups=2.00 deliveries=1.00 delivered_agents=1.00/2
Step  800768 | stage_step= 206848 | Episodes: 56169
Step  811008 | stage_step= 217088 | Episodes: 56788
Eval @ 819200 | stage_step= 225280 | sr=0.00% | reward=735.55 +/- 0.00 | pickups=2.00 deliveries=1.00 delivered_agents=1.00/2
Step  821248 | stage_step= 227328 | Episodes: 57404
Step  831488 | stage_step= 237568 | Episodes: 58017
[MultiQuadEnv] Steps 100001-120000 | pickups=4695 | deliveries=958 | total_pickups=30053 | total_deliveries=2807
Step  841728 | stage_step= 247808 | Episodes: 58631
Eval @ 845824 | stage_step= 251904 | sr=0.00% | reward=735.55 +/- 0.00 | pickups=2.00 deliveries=1.00 delivered_agents=1.00/2
Step  851968 | stage_step= 258048 | Episodes: 59234
Step  860160 | stage_step= 266240 | Episodes: 59721
Step  870400 | stage_step= 276480 | Episodes: 60322
Eval @ 870400 | stage_step= 276480 | sr=0.00% | reward=735.55 +/- 0.00 | pickups=2.00 deliveries=1.00 delivered_agents=1.00/2
[MultiQuadEnv] Steps 120001-140000 | pickups=4621 | deliveries=1086 | total_pickups=34674 | total_deliveries=3893
Step  880640 | stage_step= 286720 | Episodes: 60919
Step  890880 | stage_step= 296960 | Episodes: 61508
Eval @ 894976 | stage_step= 301056 | sr=0.00% | reward=735.55 +/- 0.00 | pickups=2.00 deliveries=1.00 delivered_agents=1.00/2
Step  901120 | stage_step= 307200 | Episodes: 62103
Step  911360 | stage_step= 317440 | Episodes: 62689
[MultiQuadEnv] Steps 140001-160000 | pickups=4547 | deliveries=1218 | total_pickups=39221 | total_deliveries=5111
Eval @ 919552 | stage_step= 325632 | sr=0.00% | reward=735.55 +/- 0.00 | pickups=2.00 deliveries=1.00 delivered_agents=1.00/2
Step  921600 | stage_step= 327680 | Episodes: 63278
Step  931840 | stage_step= 337920 | Episodes: 63861
Step  940032 | stage_step= 346112 | Episodes: 64325
Eval @ 944128 | stage_step= 350208 | sr=0.00% | reward=735.55 +/- 0.00 | pickups=2.00 deliveries=1.00 delivered_agents=1.00/2
Step  950272 | stage_step= 356352 | Episodes: 64906
[MultiQuadEnv] Steps 160001-180000 | pickups=4500 | deliveries=1312 | total_pickups=43721 | total_deliveries=6423
Step  960512 | stage_step= 366592 | Episodes: 65484
Step  970752 | stage_step= 376832 | Episodes: 66060
Eval @ 970752 | stage_step= 376832 | sr=0.00% | reward=735.55 +/- 0.00 | pickups=2.00 deliveries=1.00 delivered_agents=1.00/2
Step  980992 | stage_step= 387072 | Episodes: 66633
Step  991232 | stage_step= 397312 | Episodes: 67204
[MultiQuadEnv] Steps 180001-200000 | pickups=4422 | deliveries=1402 | total_pickups=48143 | total_deliveries=7825
Eval @ 995328 | stage_step= 401408 | sr=0.00% | reward=735.55 +/- 0.00 | pickups=2.00 deliveries=1.00 delivered_agents=1.00/2
Step 1001472 | stage_step= 407552 | Episodes: 67774
Step 1011712 | stage_step= 417792 | Episodes: 68348
Eval @1019904 | stage_step= 425984 | sr=0.00% | reward=735.55 +/- 0.00 | pickups=2.00 deliveries=1.00 delivered_agents=1.00/2
Step 1021952 | stage_step= 428032 | Episodes: 68914
Step 1030144 | stage_step= 436224 | Episodes: 69365
[MultiQuadEnv] Steps 200001-220000 | pickups=4384 | deliveries=1479 | total_pickups=52527 | total_deliveries=9304
Step 1040384 | stage_step= 446464 | Episodes: 69924
Eval @1044480 | stage_step= 450560 | sr=0.00% | reward=735.55 +/- 0.00 | pickups=2.00 deliveries=1.00 delivered_agents=1.00/2
Step 1050624 | stage_step= 456704 | Episodes: 70475
Step 1060864 | stage_step= 466944 | Episodes: 71033
Eval @1069056 | stage_step= 475136 | sr=0.00% | reward=735.55 +/- 0.00 | pickups=2.00 deliveries=1.00 delivered_agents=1.00/2
Step 1071104 | stage_step= 477184 | Episodes: 71582
[MultiQuadEnv] Steps 220001-240000 | pickups=4308 | deliveries=1574 | total_pickups=56835 | total_deliveries=10878
Step 1081344 | stage_step= 487424 | Episodes: 72132
Step 1091584 | stage_step= 497664 | Episodes: 72686
Eval @1095680 | stage_step= 501760 | sr=0.00% | reward=735.55 +/- 0.00 | pickups=2.00 deliveries=1.00 delivered_agents=1.00/2
Full budget used for s4a_wider_t_mid_branch_fixed. Best stage success=0.00%.
No successful checkpoint found for s4a_wider_t_mid_branch_fixed; restored pre-stage model.
Final eval | success_rate=100.00% | mean_reward=2280.40 +/- 0.00 | pickups=2.00 deliveries=2.00 | delivered_agents=2.00/2 
