
### SWEEP 1/20: quad_physics_mappo_fixed_v12_sweep_base_seed7 ###

Using device: cpu
Initial Quad MAPPO: agents=2 obs=(36,) grid=(6, 5) starts=[(4, 2), (3, 2)] package=(2, 2) deliveries=[(1, 1), (1, 3)] lanes=6 rand_pkg=False rand_del=False dt=0.05 substeps=8 max_tilt=0.36

=== Stage 1/25: s1_short_t_fixed (fixed positions) ===
Stage: agents=2 obs=(36,) grid=(6, 5) starts=[(4, 2), (3, 2)] package=(2, 2) deliveries=[(1, 1), (1, 3)] lanes=6 rand_pkg=False rand_del=False dt=0.05 substeps=8 max_tilt=0.36
Step   10240 | stage_step=  10240 | Episodes:  1154
Step   20480 | stage_step=  20480 | Episodes:  2417
Eval @  20480 | stage_step=  20480 | sr=0.00% | reward=127.60 +/- 0.00 | pickups=1.00 deliveries=0.00 delivered_agents=0.00/2
Step   30720 | stage_step=  30720 | Episodes:  3584
[MultiQuadEnv] Steps 1-20000 | pickups=2769 | deliveries=428 | total_pickups=2769 | total_deliveries=428
Step   40960 | stage_step=  40960 | Episodes:  4662
Eval @  40960 | stage_step=  40960 | sr=0.00% | reward=726.80 +/- 0.00 | pickups=2.00 deliveries=1.00 delivered_agents=1.00/2
Step   51200 | stage_step=  51200 | Episodes:  5656
Step   61440 | stage_step=  61440 | Episodes:  6540
Eval @  61440 | stage_step=  61440 | sr=0.00% | reward=727.40 +/- 0.00 | pickups=2.00 deliveries=1.00 delivered_agents=1.00/2
Step   71680 | stage_step=  71680 | Episodes:  7325
[MultiQuadEnv] Steps 20001-40000 | pickups=4380 | deliveries=1564 | total_pickups=7149 | total_deliveries=1992
Step   81920 | stage_step=  81920 | Episodes:  8066
Eval @  81920 | stage_step=  81920 | sr=100.00% | reward=2297.00 +/- 0.00 | pickups=2.00 deliveries=2.00 delivered_agents=2.00/2
Early promotion from s1_short_t_fixed: 100.00% >= 90.00%
Restored best for s1_short_t_fixed: sr=100.00% | reward=2297.00

=== Stage 2/25: s2_wider_t_stem_fixed (fixed positions) ===
Stage: agents=2 obs=(36,) grid=(8, 9) starts=[(6, 4), (5, 4)] package=(3, 4) deliveries=[(2, 4), (1, 4)] lanes=12 rand_pkg=False rand_del=False dt=0.05 substeps=8 max_tilt=0.36
Step   90112 | stage_step=   8192 | Episodes:  8811
Step  100352 | stage_step=  18432 | Episodes:  9675
Eval @ 108544 | stage_step=  26624 | sr=100.00% | reward=2247.60 +/- 0.00 | pickups=2.00 deliveries=2.00 delivered_agents=2.00/2
Step  110592 | stage_step=  28672 | Episodes: 10541
Step  120832 | stage_step=  38912 | Episodes: 11374
[MultiQuadEnv] Steps 1-20000 | pickups=4232 | deliveries=2471 | total_pickups=4232 | total_deliveries=2471
Step  131072 | stage_step=  49152 | Episodes: 12155
Eval @ 133120 | stage_step=  51200 | sr=100.00% | reward=2247.60 +/- 0.00 | pickups=2.00 deliveries=2.00 delivered_agents=2.00/2
Step  141312 | stage_step=  59392 | Episodes: 12938
Step  151552 | stage_step=  69632 | Episodes: 13723
Eval @ 157696 | stage_step=  75776 | sr=100.00% | reward=2247.80 +/- 0.00 | pickups=2.00 deliveries=2.00 delivered_agents=2.00/2
Step  161792 | stage_step=  79872 | Episodes: 14487
[MultiQuadEnv] Steps 20001-40000 | pickups=4870 | deliveries=4017 | total_pickups=9102 | total_deliveries=6488
Step  172032 | stage_step=  90112 | Episodes: 15239
Step  180224 | stage_step=  98304 | Episodes: 15856
Eval @ 182272 | stage_step= 100352 | sr=100.00% | reward=2247.80 +/- 0.00 | pickups=2.00 deliveries=2.00 delivered_agents=2.00/2
Early promotion from s2_wider_t_stem_fixed: 100.00% >= 85.00%
Restored best for s2_wider_t_stem_fixed: sr=100.00% | reward=2247.80

=== Stage 3/25: s3_wider_t_near_branch_fixed (fixed positions) ===
Stage: agents=2 obs=(36,) grid=(8, 9) starts=[(6, 4), (5, 4)] package=(2, 4) deliveries=[(1, 3), (1, 5)] lanes=12 rand_pkg=False rand_del=False dt=0.05 substeps=8 max_tilt=0.36
Step  190464 | stage_step=   8192 | Episodes: 16354
Step  200704 | stage_step=  18432 | Episodes: 16834
Eval @ 208896 | stage_step=  26624 | sr=0.00% | reward=277.60 +/- 0.00 | pickups=2.00 deliveries=0.00 delivered_agents=0.00/2
Step  210944 | stage_step=  28672 | Episodes: 17270
Step  221184 | stage_step=  38912 | Episodes: 17752
[MultiQuadEnv] Steps 1-20000 | pickups=2505 | deliveries=191 | total_pickups=2505 | total_deliveries=191
Step  231424 | stage_step=  49152 | Episodes: 18257
Eval @ 233472 | stage_step=  51200 | sr=0.00% | reward=442.80 +/- 0.00 | pickups=2.00 deliveries=1.00 delivered_agents=1.00/2
Step  241664 | stage_step=  59392 | Episodes: 18673
Step  251904 | stage_step=  69632 | Episodes: 19065
Eval @ 258048 | stage_step=  75776 | sr=0.00% | reward=442.80 +/- 0.00 | pickups=2.00 deliveries=1.00 delivered_agents=1.00/2
Step  260096 | stage_step=  77824 | Episodes: 19387
[MultiQuadEnv] Steps 20001-40000 | pickups=2414 | deliveries=627 | total_pickups=4919 | total_deliveries=818
Step  270336 | stage_step=  88064 | Episodes: 19790
Step  280576 | stage_step=  98304 | Episodes: 20145
Eval @ 282624 | stage_step= 100352 | sr=0.00% | reward=776.00 +/- 0.00 | pickups=2.00 deliveries=1.00 delivered_agents=1.00/2
Step  290816 | stage_step= 108544 | Episodes: 20573
Step  301056 | stage_step= 118784 | Episodes: 20954
[MultiQuadEnv] Steps 40001-60000 | pickups=2368 | deliveries=1045 | total_pickups=7287 | total_deliveries=1863
Eval @ 309248 | stage_step= 126976 | sr=100.00% | reward=2296.40 +/- 0.00 | pickups=2.00 deliveries=2.00 delivered_agents=2.00/2
Early promotion from s3_wider_t_near_branch_fixed: 100.00% >= 75.00%
Restored best for s3_wider_t_near_branch_fixed: sr=100.00% | reward=2296.40

=== Stage 4/25: s4_wider_t_branch_fixed (fixed positions) ===
Stage: agents=2 obs=(36,) grid=(8, 9) starts=[(6, 4), (5, 4)] package=(3, 4) deliveries=[(1, 1), (1, 7)] lanes=12 rand_pkg=False rand_del=False dt=0.05 substeps=8 max_tilt=0.36
Step  311296 | stage_step=   2048 | Episodes: 21396
Step  321536 | stage_step=  12288 | Episodes: 22197
Step  331776 | stage_step=  22528 | Episodes: 22986
Eval @ 335872 | stage_step=  26624 | sr=0.00% | reward=277.30 +/- 0.00 | pickups=2.00 deliveries=0.00 delivered_agents=0.00/2
Step  342016 | stage_step=  32768 | Episodes: 23748
[MultiQuadEnv] Steps 1-20000 | pickups=4821 | deliveries=11 | total_pickups=4821 | total_deliveries=11
Step  350208 | stage_step=  40960 | Episodes: 24347
Step  360448 | stage_step=  51200 | Episodes: 25062
Eval @ 360448 | stage_step=  51200 | sr=0.00% | reward=276.45 +/- 0.00 | pickups=2.00 deliveries=0.00 delivered_agents=0.00/2
Step  370688 | stage_step=  61440 | Episodes: 25756
Step  380928 | stage_step=  71680 | Episodes: 26419
Eval @ 385024 | stage_step=  75776 | sr=0.00% | reward=276.45 +/- 0.00 | pickups=2.00 deliveries=0.00 delivered_agents=0.00/2
[MultiQuadEnv] Steps 20001-40000 | pickups=4689 | deliveries=221 | total_pickups=9510 | total_deliveries=232
Step  391168 | stage_step=  81920 | Episodes: 27011
Step  401408 | stage_step=  92160 | Episodes: 27590
Eval @ 409600 | stage_step= 100352 | sr=100.00% | reward=2295.10 +/- 0.00 | pickups=2.00 deliveries=2.00 delivered_agents=2.00/2
Early promotion from s4_wider_t_branch_fixed: 100.00% >= 80.00%
Restored best for s4_wider_t_branch_fixed: sr=100.00% | reward=2295.10
Set actor_log_std=-0.35 for stage exploration

=== Stage 5/25: s5_tiny_pipe_line_fixed (fixed positions) ===
Stage: agents=2 obs=(36,) grid=(12, 12) starts=[(2, 3), (2, 4)] package=(2, 5) deliveries=[(2, 6), (2, 7)] lanes=47 rand_pkg=False rand_del=False dt=0.05 substeps=8 max_tilt=0.36
Step  411648 | stage_step=   2048 | Episodes: 28224
Step  421888 | stage_step=  12288 | Episodes: 29110
Step  430080 | stage_step=  20480 | Episodes: 29760
Eval @ 436224 | stage_step=  26624 | sr=0.00% | reward=226.20 +/- 0.00 | pickups=2.00 deliveries=0.00 delivered_agents=0.00/2
Step  440320 | stage_step=  30720 | Episodes: 30507
[MultiQuadEnv] Steps 1-20000 | pickups=2493 | deliveries=740 | total_pickups=2493 | total_deliveries=740
Step  450560 | stage_step=  40960 | Episodes: 31264
Step  460800 | stage_step=  51200 | Episodes: 32002
Eval @ 460800 | stage_step=  51200 | sr=100.00% | reward=2247.85 +/- 0.00 | pickups=2.00 deliveries=2.00 delivered_agents=2.00/2
Step  471040 | stage_step=  61440 | Episodes: 32746
Step  481280 | stage_step=  71680 | Episodes: 33494
Eval @ 485376 | stage_step=  75776 | sr=100.00% | reward=2247.80 +/- 0.00 | pickups=2.00 deliveries=2.00 delivered_agents=2.00/2
[MultiQuadEnv] Steps 20001-40000 | pickups=3535 | deliveries=1797 | total_pickups=6028 | total_deliveries=2537
Step  491520 | stage_step=  81920 | Episodes: 34249
Step  501760 | stage_step=  92160 | Episodes: 34980
Eval @ 509952 | stage_step= 100352 | sr=100.00% | reward=2248.05 +/- 0.00 | pickups=2.00 deliveries=2.00 delivered_agents=2.00/2
Early promotion from s5_tiny_pipe_line_fixed: 100.00% >= 80.00%
Restored best for s5_tiny_pipe_line_fixed: sr=100.00% | reward=2248.05
Set actor_log_std=-0.35 for stage exploration

=== Stage 6/25: s6_small_pipe_line_fixed (fixed positions) ===
Stage: agents=2 obs=(36,) grid=(18, 18) starts=[(2, 3), (2, 4)] package=(2, 6) deliveries=[(2, 8), (2, 9)] lanes=104 rand_pkg=False rand_del=False dt=0.05 substeps=8 max_tilt=0.36
Step  512000 | stage_step=   2048 | Episodes: 35794
Step  520192 | stage_step=  10240 | Episodes: 36327
Step  530432 | stage_step=  20480 | Episodes: 36851
Eval @ 536576 | stage_step=  26624 | sr=100.00% | reward=2297.60 +/- 0.00 | pickups=2.00 deliveries=2.00 delivered_agents=2.00/2
Step  540672 | stage_step=  30720 | Episodes: 37426
[MultiQuadEnv] Steps 1-20000 | pickups=2231 | deliveries=832 | total_pickups=2231 | total_deliveries=832
Step  550912 | stage_step=  40960 | Episodes: 38029
Step  561152 | stage_step=  51200 | Episodes: 38581
Eval @ 561152 | stage_step=  51200 | sr=100.00% | reward=2297.60 +/- 0.00 | pickups=2.00 deliveries=2.00 delivered_agents=2.00/2
Step  571392 | stage_step=  61440 | Episodes: 39143
Step  581632 | stage_step=  71680 | Episodes: 39722
Eval @ 585728 | stage_step=  75776 | sr=0.00% | reward=726.00 +/- 0.00 | pickups=2.00 deliveries=1.00 delivered_agents=1.00/2
[MultiQuadEnv] Steps 20001-40000 | pickups=2403 | deliveries=1103 | total_pickups=4634 | total_deliveries=1935
Step  591872 | stage_step=  81920 | Episodes: 40261
Step  600064 | stage_step=  90112 | Episodes: 40695
Step  610304 | stage_step= 100352 | Episodes: 41261
Eval @ 610304 | stage_step= 100352 | sr=0.00% | reward=726.20 +/- 0.00 | pickups=2.00 deliveries=1.00 delivered_agents=1.00/2
Step  620544 | stage_step= 110592 | Episodes: 41723
[MultiQuadEnv] Steps 40001-60000 | pickups=2621 | deliveries=1539 | total_pickups=7255 | total_deliveries=3474
Step  630784 | stage_step= 120832 | Episodes: 42256
Eval @ 636928 | stage_step= 126976 | sr=100.00% | reward=2247.40 +/- 0.00 | pickups=2.00 deliveries=2.00 delivered_agents=2.00/2
Early promotion from s6_small_pipe_line_fixed: 100.00% >= 80.00%
Restored best for s6_small_pipe_line_fixed: sr=100.00% | reward=2297.60
Set actor_log_std=-0.35 for stage exploration

=== Stage 7/25: s7_small_pipe_vertical_fixed (fixed positions) ===
Stage: agents=2 obs=(36,) grid=(18, 18) starts=[(2, 8), (3, 8)] package=(4, 8) deliveries=[(5, 8), (6, 8)] lanes=104 rand_pkg=False rand_del=False dt=0.05 substeps=8 max_tilt=0.36
Step  641024 | stage_step=   4096 | Episodes: 43057
Step  651264 | stage_step=  14336 | Episodes: 44308
Step  661504 | stage_step=  24576 | Episodes: 45391
Eval @ 663552 | stage_step=  26624 | sr=0.00% | reward=-32.00 +/- 0.00 | pickups=0.00 deliveries=0.00 delivered_agents=0.00/2
Step  671744 | stage_step=  34816 | Episodes: 46031
[MultiQuadEnv] Steps 1-20000 | pickups=740 | deliveries=131 | total_pickups=740 | total_deliveries=131
Step  681984 | stage_step=  45056 | Episodes: 46585
Eval @ 688128 | stage_step=  51200 | sr=100.00% | reward=2244.80 +/- 0.00 | pickups=2.00 deliveries=2.00 delivered_agents=2.00/2
Step  690176 | stage_step=  53248 | Episodes: 47000
Step  700416 | stage_step=  63488 | Episodes: 47510
Step  710656 | stage_step=  73728 | Episodes: 47996
Eval @ 712704 | stage_step=  75776 | sr=100.00% | reward=2246.60 +/- 0.00 | pickups=2.00 deliveries=2.00 delivered_agents=2.00/2
[MultiQuadEnv] Steps 20001-40000 | pickups=1495 | deliveries=608 | total_pickups=2235 | total_deliveries=739
Step  720896 | stage_step=  83968 | Episodes: 48490
Step  731136 | stage_step=  94208 | Episodes: 49047
Eval @ 737280 | stage_step= 100352 | sr=100.00% | reward=2246.80 +/- 0.00 | pickups=2.00 deliveries=2.00 delivered_agents=2.00/2
Early promotion from s7_small_pipe_vertical_fixed: 100.00% >= 80.00%
Restored best for s7_small_pipe_vertical_fixed: sr=100.00% | reward=2246.80
Set actor_log_std=-0.35 for stage exploration

=== Stage 8/25: s8_small_pipe_turn_fixed (fixed positions) ===
Stage: agents=2 obs=(36,) grid=(18, 18) starts=[(2, 6), (2, 7)] package=(2, 8) deliveries=[(4, 8), (5, 8)] lanes=104 rand_pkg=False rand_del=False dt=0.05 substeps=8 max_tilt=0.36
Step  741376 | stage_step=   4096 | Episodes: 49672
Step  751616 | stage_step=  14336 | Episodes: 50388
Step  761856 | stage_step=  24576 | Episodes: 51001
Eval @ 763904 | stage_step=  26624 | sr=0.00% | reward=128.00 +/- 0.00 | pickups=1.00 deliveries=0.00 delivered_agents=0.00/2
Step  770048 | stage_step=  32768 | Episodes: 51501
[MultiQuadEnv] Steps 1-20000 | pickups=1552 | deliveries=151 | total_pickups=1552 | total_deliveries=151
Step  780288 | stage_step=  43008 | Episodes: 52035
Eval @ 788480 | stage_step=  51200 | sr=0.00% | reward=556.40 +/- 0.00 | pickups=1.00 deliveries=1.00 delivered_agents=1.00/2
Step  790528 | stage_step=  53248 | Episodes: 52502
Step  800768 | stage_step=  63488 | Episodes: 52926
Step  811008 | stage_step=  73728 | Episodes: 53264
Eval @ 813056 | stage_step=  75776 | sr=0.00% | reward=556.40 +/- 0.00 | pickups=1.00 deliveries=1.00 delivered_agents=1.00/2
[MultiQuadEnv] Steps 20001-40000 | pickups=1361 | deliveries=298 | total_pickups=2913 | total_deliveries=449
Step  821248 | stage_step=  83968 | Episodes: 53678
Step  831488 | stage_step=  94208 | Episodes: 54125
Eval @ 837632 | stage_step= 100352 | sr=0.00% | reward=572.80 +/- 0.00 | pickups=1.00 deliveries=1.00 delivered_agents=1.00/2
Step  841728 | stage_step= 104448 | Episodes: 54525
Step  851968 | stage_step= 114688 | Episodes: 54933
[MultiQuadEnv] Steps 40001-60000 | pickups=1746 | deliveries=481 | total_pickups=4659 | total_deliveries=930
Step  860160 | stage_step= 122880 | Episodes: 55296
Eval @ 864256 | stage_step= 126976 | sr=0.00% | reward=726.00 +/- 0.00 | pickups=2.00 deliveries=1.00 delivered_agents=1.00/2
Step  870400 | stage_step= 133120 | Episodes: 55676
Step  880640 | stage_step= 143360 | Episodes: 56066
Eval @ 888832 | stage_step= 151552 | sr=100.00% | reward=2246.20 +/- 0.00 | pickups=2.00 deliveries=2.00 delivered_agents=2.00/2
Early promotion from s8_small_pipe_turn_fixed: 100.00% >= 75.00%
Restored best for s8_small_pipe_turn_fixed: sr=100.00% | reward=2246.20
Set actor_log_std=-0.35 for stage exploration

=== Stage 9/25: s9_small_pipe_fixed (fixed positions) ===
Stage: agents=2 obs=(36,) grid=(18, 18) starts=[(2, 3), (2, 4)] package=(4, 8) deliveries=[(8, 13), (9, 12)] lanes=104 rand_pkg=False rand_del=False dt=0.05 substeps=8 max_tilt=0.36
Step  890880 | stage_step=   2048 | Episodes: 56483
Step  901120 | stage_step=  12288 | Episodes: 57002
Step  911360 | stage_step=  22528 | Episodes: 57559
Eval @ 915456 | stage_step=  26624 | sr=0.00% | reward=-22.55 +/- 0.00 | pickups=0.00 deliveries=0.00 delivered_agents=0.00/2
Step  921600 | stage_step=  32768 | Episodes: 58212
[MultiQuadEnv] Steps 1-20000 | pickups=370 | deliveries=0 | total_pickups=370 | total_deliveries=0
Step  931840 | stage_step=  43008 | Episodes: 58867
Step  940032 | stage_step=  51200 | Episodes: 59322
Eval @ 940032 | stage_step=  51200 | sr=0.00% | reward=228.85 +/- 0.00 | pickups=2.00 deliveries=0.00 delivered_agents=0.00/2
Step  950272 | stage_step=  61440 | Episodes: 59997
Step  960512 | stage_step=  71680 | Episodes: 60531
Eval @ 964608 | stage_step=  75776 | sr=0.00% | reward=272.20 +/- 0.00 | pickups=2.00 deliveries=0.00 delivered_agents=0.00/2
[MultiQuadEnv] Steps 20001-40000 | pickups=748 | deliveries=0 | total_pickups=1118 | total_deliveries=0
Step  970752 | stage_step=  81920 | Episodes: 61095
Step  980992 | stage_step=  92160 | Episodes: 61584
Eval @ 989184 | stage_step= 100352 | sr=0.00% | reward=116.80 +/- 0.00 | pickups=1.00 deliveries=0.00 delivered_agents=0.00/2
Step  991232 | stage_step= 102400 | Episodes: 62014
Step 1001472 | stage_step= 112640 | Episodes: 62425
[MultiQuadEnv] Steps 40001-60000 | pickups=1157 | deliveries=0 | total_pickups=2275 | total_deliveries=0
Step 1011712 | stage_step= 122880 | Episodes: 62836
Eval @1015808 | stage_step= 126976 | sr=0.00% | reward=272.25 +/- 0.00 | pickups=2.00 deliveries=0.00 delivered_agents=0.00/2
Step 1021952 | stage_step= 133120 | Episodes: 63231
Step 1030144 | stage_step= 141312 | Episodes: 63546
Step 1040384 | stage_step= 151552 | Episodes: 63905
Eval @1040384 | stage_step= 151552 | sr=0.00% | reward=271.30 +/- 0.00 | pickups=2.00 deliveries=0.00 delivered_agents=0.00/2
[MultiQuadEnv] Steps 60001-80000 | pickups=1576 | deliveries=0 | total_pickups=3851 | total_deliveries=0
Step 1050624 | stage_step= 161792 | Episodes: 64240
Step 1060864 | stage_step= 172032 | Episodes: 64572
Eval @1064960 | stage_step= 176128 | sr=0.00% | reward=273.30 +/- 0.00 | pickups=2.00 deliveries=0.00 delivered_agents=0.00/2
Step 1071104 | stage_step= 182272 | Episodes: 64872
Step 1081344 | stage_step= 192512 | Episodes: 65140
[MultiQuadEnv] Steps 80001-100000 | pickups=1547 | deliveries=0 | total_pickups=5398 | total_deliveries=0
Eval @1089536 | stage_step= 200704 | sr=0.00% | reward=273.30 +/- 0.00 | pickups=2.00 deliveries=0.00 delivered_agents=0.00/2
Step 1091584 | stage_step= 202752 | Episodes: 65413
Step 1101824 | stage_step= 212992 | Episodes: 65702
Step 1110016 | stage_step= 221184 | Episodes: 65972
Eval @1114112 | stage_step= 225280 | sr=0.00% | reward=272.85 +/- 0.00 | pickups=2.00 deliveries=0.00 delivered_agents=0.00/2
Step 1120256 | stage_step= 231424 | Episodes: 66302
[MultiQuadEnv] Steps 100001-120000 | pickups=1821 | deliveries=0 | total_pickups=7219 | total_deliveries=0
Step 1130496 | stage_step= 241664 | Episodes: 66621
Step 1140736 | stage_step= 251904 | Episodes: 66939
Eval @1140736 | stage_step= 251904 | sr=0.00% | reward=273.40 +/- 0.00 | pickups=2.00 deliveries=0.00 delivered_agents=0.00/2
Step 1150976 | stage_step= 262144 | Episodes: 67243
Step 1161216 | stage_step= 272384 | Episodes: 67574
Eval @1165312 | stage_step= 276480 | sr=0.00% | reward=273.65 +/- 0.00 | pickups=2.00 deliveries=0.00 delivered_agents=0.00/2
[MultiQuadEnv] Steps 120001-140000 | pickups=1995 | deliveries=0 | total_pickups=9214 | total_deliveries=0
Step 1171456 | stage_step= 282624 | Episodes: 67905
Step 1181696 | stage_step= 292864 | Episodes: 68221
Eval @1189888 | stage_step= 301056 | sr=0.00% | reward=273.30 +/- 0.00 | pickups=2.00 deliveries=0.00 delivered_agents=0.00/2
Step 1191936 | stage_step= 303104 | Episodes: 68550
Step 1200128 | stage_step= 311296 | Episodes: 68809
[MultiQuadEnv] Steps 140001-160000 | pickups=2159 | deliveries=0 | total_pickups=11373 | total_deliveries=0
Step 1210368 | stage_step= 321536 | Episodes: 69140
Eval @1214464 | stage_step= 325632 | sr=0.00% | reward=272.95 +/- 0.00 | pickups=2.00 deliveries=0.00 delivered_agents=0.00/2
Step 1220608 | stage_step= 331776 | Episodes: 69461
Step 1230848 | stage_step= 342016 | Episodes: 69778
Eval @1239040 | stage_step= 350208 | sr=0.00% | reward=272.85 +/- 0.00 | pickups=2.00 deliveries=0.00 delivered_agents=0.00/2
Step 1241088 | stage_step= 352256 | Episodes: 70089
[MultiQuadEnv] Steps 160001-180000 | pickups=2150 | deliveries=0 | total_pickups=13523 | total_deliveries=0
Step 1251328 | stage_step= 362496 | Episodes: 70394
Step 1261568 | stage_step= 372736 | Episodes: 70703
Eval @1265664 | stage_step= 376832 | sr=0.00% | reward=272.75 +/- 0.00 | pickups=2.00 deliveries=0.00 delivered_agents=0.00/2
Step 1271808 | stage_step= 382976 | Episodes: 71005
Step 1280000 | stage_step= 391168 | Episodes: 71221
[MultiQuadEnv] Steps 180001-200000 | pickups=2008 | deliveries=0 | total_pickups=15531 | total_deliveries=0
Step 1290240 | stage_step= 401408 | Episodes: 71525
Eval @1290240 | stage_step= 401408 | sr=0.00% | reward=271.95 +/- 0.00 | pickups=2.00 deliveries=0.00 delivered_agents=0.00/2
Step 1300480 | stage_step= 411648 | Episodes: 71821
Step 1310720 | stage_step= 421888 | Episodes: 72095
Eval @1314816 | stage_step= 425984 | sr=0.00% | reward=272.85 +/- 0.00 | pickups=2.00 deliveries=0.00 delivered_agents=0.00/2
Step 1320960 | stage_step= 432128 | Episodes: 72366
[MultiQuadEnv] Steps 200001-220000 | pickups=1951 | deliveries=0 | total_pickups=17482 | total_deliveries=0
Step 1331200 | stage_step= 442368 | Episodes: 72630
Eval @1339392 | stage_step= 450560 | sr=0.00% | reward=271.75 +/- 0.00 | pickups=2.00 deliveries=0.00 delivered_agents=0.00/2
Step 1341440 | stage_step= 452608 | Episodes: 72895
Step 1351680 | stage_step= 462848 | Episodes: 73159
Step 1361920 | stage_step= 473088 | Episodes: 73422
Eval @1363968 | stage_step= 475136 | sr=0.00% | reward=270.50 +/- 0.00 | pickups=2.00 deliveries=0.00 delivered_agents=0.00/2
[MultiQuadEnv] Steps 220001-240000 | pickups=1870 | deliveries=3 | total_pickups=19352 | total_deliveries=3
Step 1370112 | stage_step= 481280 | Episodes: 73616
Step 1380352 | stage_step= 491520 | Episodes: 73833
Step 1390592 | stage_step= 501760 | Episodes: 74009
Eval @1390592 | stage_step= 501760 | sr=0.00% | reward=-341.55 +/- 0.00 | pickups=2.00 deliveries=1.00 delivered_agents=1.00/2
Step 1400832 | stage_step= 512000 | Episodes: 74159
[MultiQuadEnv] Steps 240001-260000 | pickups=1257 | deliveries=190 | total_pickups=20609 | total_deliveries=193
Step 1411072 | stage_step= 522240 | Episodes: 74292
Eval @1415168 | stage_step= 526336 | sr=0.00% | reward=-343.45 +/- 0.00 | pickups=2.00 deliveries=1.00 delivered_agents=1.00/2
Step 1421312 | stage_step= 532480 | Episodes: 74420
Step 1431552 | stage_step= 542720 | Episodes: 74560
Eval @1439744 | stage_step= 550912 | sr=0.00% | reward=-343.60 +/- 0.00 | pickups=2.00 deliveries=1.00 delivered_agents=1.00/2
Step 1441792 | stage_step= 552960 | Episodes: 74718
[MultiQuadEnv] Steps 260001-280000 | pickups=1046 | deliveries=359 | total_pickups=21655 | total_deliveries=552
Step 1452032 | stage_step= 563200 | Episodes: 74868
Step 1460224 | stage_step= 571392 | Episodes: 74981
Eval @1464320 | stage_step= 575488 | sr=0.00% | reward=-339.70 +/- 0.00 | pickups=2.00 deliveries=1.00 delivered_agents=1.00/2
Step 1470464 | stage_step= 581632 | Episodes: 75117
Step 1480704 | stage_step= 591872 | Episodes: 75242
[MultiQuadEnv] Steps 280001-300000 | pickups=941 | deliveries=350 | total_pickups=22596 | total_deliveries=902
Eval @1488896 | stage_step= 600064 | sr=0.00% | reward=-343.40 +/- 0.00 | pickups=2.00 deliveries=1.00 delivered_agents=1.00/2
Step 1490944 | stage_step= 602112 | Episodes: 75366
Step 1501184 | stage_step= 612352 | Episodes: 75486
Step 1511424 | stage_step= 622592 | Episodes: 75606
Eval @1515520 | stage_step= 626688 | sr=0.00% | reward=-340.65 +/- 0.00 | pickups=2.00 deliveries=1.00 delivered_agents=1.00/2
Step 1521664 | stage_step= 632832 | Episodes: 75736
[MultiQuadEnv] Steps 300001-320000 | pickups=942 | deliveries=370 | total_pickups=23538 | total_deliveries=1272
Step 1531904 | stage_step= 643072 | Episodes: 75881
Step 1540096 | stage_step= 651264 | Episodes: 76013
Eval @1540096 | stage_step= 651264 | sr=0.00% | reward=-342.05 +/- 0.00 | pickups=2.00 deliveries=1.00 delivered_agents=1.00/2
Step 1550336 | stage_step= 661504 | Episodes: 76173
Step 1560576 | stage_step= 671744 | Episodes: 76320
Eval @1564672 | stage_step= 675840 | sr=0.00% | reward=-336.60 +/- 0.00 | pickups=2.00 deliveries=1.00 delivered_agents=1.00/2
[MultiQuadEnv] Steps 320001-340000 | pickups=1102 | deliveries=403 | total_pickups=24640 | total_deliveries=1675
Step 1570816 | stage_step= 681984 | Episodes: 76469
Step 1581056 | stage_step= 692224 | Episodes: 76617
Eval @1589248 | stage_step= 700416 | sr=0.00% | reward=-336.30 +/- 0.00 | pickups=2.00 deliveries=1.00 delivered_agents=1.00/2
Step 1591296 | stage_step= 702464 | Episodes: 76744
Step 1601536 | stage_step= 712704 | Episodes: 76883
[MultiQuadEnv] Steps 340001-360000 | pickups=955 | deliveries=411 | total_pickups=25595 | total_deliveries=2086
Step 1611776 | stage_step= 722944 | Episodes: 77002
Eval @1615872 | stage_step= 727040 | sr=0.00% | reward=-337.90 +/- 0.00 | pickups=2.00 deliveries=1.00 delivered_agents=1.00/2
Step 1622016 | stage_step= 733184 | Episodes: 77143
Step 1630208 | stage_step= 741376 | Episodes: 77244
Step 1640448 | stage_step= 751616 | Episodes: 77376
Eval @1640448 | stage_step= 751616 | sr=100.00% | reward=2237.60 +/- 0.00 | pickups=2.00 deliveries=2.00 delivered_agents=2.00/2
Early promotion from s9_small_pipe_fixed: 100.00% >= 75.00%
Restored best for s9_small_pipe_fixed: sr=100.00% | reward=2237.60

=== Stage 10/25: s10_pipe_4x4_fixed (fixed positions) ===
Stage: agents=2 obs=(36,) grid=(24, 24) starts=[(2, 3), (2, 4)] package=(14, 3) deliveries=[(18, 15), (19, 14)] lanes=205 rand_pkg=False rand_del=False dt=0.05 substeps=8 max_tilt=0.36
Step 1650688 | stage_step=  10240 | Episodes: 78844
Step 1660928 | stage_step=  20480 | Episodes: 80261
Step 1671168 | stage_step=  30720 | Episodes: 81730
[MultiQuadEnv] Steps 1-20000 | pickups=0 | deliveries=0 | total_pickups=0 | total_deliveries=0
Step 1681408 | stage_step=  40960 | Episodes: 83215
Eval @1681408 | stage_step=  40960 | sr=0.00% | reward=-21.75 +/- 0.00 | pickups=0.00 deliveries=0.00 delivered_agents=0.00/2
Step 1691648 | stage_step=  51200 | Episodes: 84693
Step 1701888 | stage_step=  61440 | Episodes: 86181
Step 1710080 | stage_step=  69632 | Episodes: 87393
Step 1720320 | stage_step=  79872 | Episodes: 88919
[MultiQuadEnv] Steps 20001-40000 | pickups=0 | deliveries=0 | total_pickups=0 | total_deliveries=0
Eval @1722368 | stage_step=  81920 | sr=0.00% | reward=-21.75 +/- 0.00 | pickups=0.00 deliveries=0.00 delivered_agents=0.00/2
Step 1730560 | stage_step=  90112 | Episodes: 90437
Step 1740800 | stage_step= 100352 | Episodes: 91988
Step 1751040 | stage_step= 110592 | Episodes: 93580
[MultiQuadEnv] Steps 40001-60000 | pickups=0 | deliveries=0 | total_pickups=0 | total_deliveries=0
Step 1761280 | stage_step= 120832 | Episodes: 95147
Eval @1761280 | stage_step= 120832 | sr=0.00% | reward=-21.75 +/- 0.00 | pickups=0.00 deliveries=0.00 delivered_agents=0.00/2
Step 1771520 | stage_step= 131072 | Episodes: 96689
Step 1781760 | stage_step= 141312 | Episodes: 98273
Step 1792000 | stage_step= 151552 | Episodes: 99985
Step 1800192 | stage_step= 159744 | Episodes: 101419
[MultiQuadEnv] Steps 60001-80000 | pickups=0 | deliveries=0 | total_pickups=0 | total_deliveries=0
Eval @1802240 | stage_step= 161792 | sr=0.00% | reward=-21.00 +/- 0.00 | pickups=0.00 deliveries=0.00 delivered_agents=0.00/2
Step 1810432 | stage_step= 169984 | Episodes: 103457
Step 1820672 | stage_step= 180224 | Episodes: 105666
Step 1830912 | stage_step= 190464 | Episodes: 107982
[MultiQuadEnv] Steps 80001-100000 | pickups=0 | deliveries=0 | total_pickups=0 | total_deliveries=0
Step 1841152 | stage_step= 200704 | Episodes: 110377
Eval @1841152 | stage_step= 200704 | sr=0.00% | reward=-21.00 +/- 0.00 | pickups=0.00 deliveries=0.00 delivered_agents=0.00/2
Step 1851392 | stage_step= 210944 | Episodes: 112807
Step 1861632 | stage_step= 221184 | Episodes: 115260
Step 1871872 | stage_step= 231424 | Episodes: 117720
Step 1880064 | stage_step= 239616 | Episodes: 119719
[MultiQuadEnv] Steps 100001-120000 | pickups=0 | deliveries=0 | total_pickups=0 | total_deliveries=0
Eval @1882112 | stage_step= 241664 | sr=0.00% | reward=-21.00 +/- 0.00 | pickups=0.00 deliveries=0.00 delivered_agents=0.00/2
Step 1890304 | stage_step= 249856 | Episodes: 122223
Step 1900544 | stage_step= 260096 | Episodes: 124733
Step 1910784 | stage_step= 270336 | Episodes: 127246
[MultiQuadEnv] Steps 120001-140000 | pickups=0 | deliveries=0 | total_pickups=0 | total_deliveries=0
Step 1921024 | stage_step= 280576 | Episodes: 129775
Eval @1921024 | stage_step= 280576 | sr=0.00% | reward=-21.00 +/- 0.00 | pickups=0.00 deliveries=0.00 delivered_agents=0.00/2
Step 1931264 | stage_step= 290816 | Episodes: 132304
Step 1941504 | stage_step= 301056 | Episodes: 134831
Step 1951744 | stage_step= 311296 | Episodes: 137365
[MultiQuadEnv] Steps 140001-160000 | pickups=0 | deliveries=0 | total_pickups=0 | total_deliveries=0
Step 1961984 | stage_step= 321536 | Episodes: 139900
Eval @1961984 | stage_step= 321536 | sr=0.00% | reward=-21.00 +/- 0.00 | pickups=0.00 deliveries=0.00 delivered_agents=0.00/2
Step 1970176 | stage_step= 329728 | Episodes: 141935
Step 1980416 | stage_step= 339968 | Episodes: 144474
Step 1990656 | stage_step= 350208 | Episodes: 147014
[MultiQuadEnv] Steps 160001-180000 | pickups=0 | deliveries=0 | total_pickups=0 | total_deliveries=0
Step 2000896 | stage_step= 360448 | Episodes: 149551
Eval @2000896 | stage_step= 360448 | sr=0.00% | reward=-21.00 +/- 0.00 | pickups=0.00 deliveries=0.00 delivered_agents=0.00/2
Step 2011136 | stage_step= 370688 | Episodes: 152091
Step 2021376 | stage_step= 380928 | Episodes: 154632
Step 2031616 | stage_step= 391168 | Episodes: 157174
[MultiQuadEnv] Steps 180001-200000 | pickups=0 | deliveries=0 | total_pickups=0 | total_deliveries=0
Step 2041856 | stage_step= 401408 | Episodes: 159721
Eval @2041856 | stage_step= 401408 | sr=0.00% | reward=-21.00 +/- 0.00 | pickups=0.00 deliveries=0.00 delivered_agents=0.00/2
Step 2050048 | stage_step= 409600 | Episodes: 161761
Step 2060288 | stage_step= 419840 | Episodes: 164309
Step 2070528 | stage_step= 430080 | Episodes: 166855
[MultiQuadEnv] Steps 200001-220000 | pickups=0 | deliveries=0 | total_pickups=0 | total_deliveries=0
Step 2080768 | stage_step= 440320 | Episodes: 169407
Eval @2080768 | stage_step= 440320 | sr=0.00% | reward=-21.00 +/- 0.00 | pickups=0.00 deliveries=0.00 delivered_agents=0.00/2
Step 2091008 | stage_step= 450560 | Episodes: 171956
Step 2101248 | stage_step= 460800 | Episodes: 174507
Step 2111488 | stage_step= 471040 | Episodes: 177057
[MultiQuadEnv] Steps 220001-240000 | pickups=0 | deliveries=0 | total_pickups=0 | total_deliveries=0
Step 2121728 | stage_step= 481280 | Episodes: 179610
Eval @2121728 | stage_step= 481280 | sr=0.00% | reward=-21.00 +/- 0.00 | pickups=0.00 deliveries=0.00 delivered_agents=0.00/2
Step 2131968 | stage_step= 491520 | Episodes: 182164
Step 2140160 | stage_step= 499712 | Episodes: 184208
Step 2150400 | stage_step= 509952 | Episodes: 186760
[MultiQuadEnv] Steps 240001-260000 | pickups=0 | deliveries=0 | total_pickups=0 | total_deliveries=0
Step 2160640 | stage_step= 520192 | Episodes: 189312
Eval @2160640 | stage_step= 520192 | sr=0.00% | reward=-21.00 +/- 0.00 | pickups=0.00 deliveries=0.00 delivered_agents=0.00/2
Step 2170880 | stage_step= 530432 | Episodes: 191868
Step 2181120 | stage_step= 540672 | Episodes: 194421
Step 2191360 | stage_step= 550912 | Episodes: 196976
[MultiQuadEnv] Steps 260001-280000 | pickups=0 | deliveries=0 | total_pickups=0 | total_deliveries=0
Step 2201600 | stage_step= 561152 | Episodes: 199530
Eval @2201600 | stage_step= 561152 | sr=0.00% | reward=-21.00 +/- 0.00 | pickups=0.00 deliveries=0.00 delivered_agents=0.00/2
Step 2211840 | stage_step= 571392 | Episodes: 202085
Step 2220032 | stage_step= 579584 | Episodes: 204130
Step 2230272 | stage_step= 589824 | Episodes: 206686
[MultiQuadEnv] Steps 280001-300000 | pickups=0 | deliveries=0 | total_pickups=0 | total_deliveries=0
Step 2240512 | stage_step= 600064 | Episodes: 209242
Eval @2240512 | stage_step= 600064 | sr=0.00% | reward=-21.00 +/- 0.00 | pickups=0.00 deliveries=0.00 delivered_agents=0.00/2
Step 2250752 | stage_step= 610304 | Episodes: 211800
Step 2260992 | stage_step= 620544 | Episodes: 214357
Step 2271232 | stage_step= 630784 | Episodes: 216914
[MultiQuadEnv] Steps 300001-320000 | pickups=0 | deliveries=0 | total_pickups=0 | total_deliveries=0
Step 2281472 | stage_step= 641024 | Episodes: 219472
Eval @2281472 | stage_step= 641024 | sr=0.00% | reward=-21.00 +/- 0.00 | pickups=0.00 deliveries=0.00 delivered_agents=0.00/2
Step 2291712 | stage_step= 651264 | Episodes: 222031
Step 2301952 | stage_step= 661504 | Episodes: 224588
Step 2310144 | stage_step= 669696 | Episodes: 226635
Step 2320384 | stage_step= 679936 | Episodes: 229194
[MultiQuadEnv] Steps 320001-340000 | pickups=0 | deliveries=0 | total_pickups=0 | total_deliveries=0
Eval @2322432 | stage_step= 681984 | sr=0.00% | reward=-21.00 +/- 0.00 | pickups=0.00 deliveries=0.00 delivered_agents=0.00/2
Step 2330624 | stage_step= 690176 | Episodes: 231753
Step 2340864 | stage_step= 700416 | Episodes: 234307
Step 2351104 | stage_step= 710656 | Episodes: 236866
[MultiQuadEnv] Steps 340001-360000 | pickups=0 | deliveries=0 | total_pickups=0 | total_deliveries=0
Step 2361344 | stage_step= 720896 | Episodes: 239425
Eval @2361344 | stage_step= 720896 | sr=0.00% | reward=-21.00 +/- 0.00 | pickups=0.00 deliveries=0.00 delivered_agents=0.00/2
Step 2371584 | stage_step= 731136 | Episodes: 241984
Step 2381824 | stage_step= 741376 | Episodes: 244543
Step 2390016 | stage_step= 749568 | Episodes: 246591
Step 2400256 | stage_step= 759808 | Episodes: 249150
[MultiQuadEnv] Steps 360001-380000 | pickups=0 | deliveries=0 | total_pickups=0 | total_deliveries=0
Eval @2402304 | stage_step= 761856 | sr=0.00% | reward=-21.00 +/- 0.00 | pickups=0.00 deliveries=0.00 delivered_agents=0.00/2
Step 2410496 | stage_step= 770048 | Episodes: 251710
Step 2420736 | stage_step= 780288 | Episodes: 254270
Step 2430976 | stage_step= 790528 | Episodes: 256828
[MultiQuadEnv] Steps 380001-400000 | pickups=0 | deliveries=0 | total_pickups=0 | total_deliveries=0
Step 2441216 | stage_step= 800768 | Episodes: 259387
Eval @2441216 | stage_step= 800768 | sr=0.00% | reward=-21.00 +/- 0.00 | pickups=0.00 deliveries=0.00 delivered_agents=0.00/2
Step 2451456 | stage_step= 811008 | Episodes: 261945
Step 2461696 | stage_step= 821248 | Episodes: 264504
Step 2471936 | stage_step= 831488 | Episodes: 267063
Step 2480128 | stage_step= 839680 | Episodes: 269110
[MultiQuadEnv] Steps 400001-420000 | pickups=0 | deliveries=0 | total_pickups=0 | total_deliveries=0
Eval @2482176 | stage_step= 841728 | sr=0.00% | reward=-21.00 +/- 0.00 | pickups=0.00 deliveries=0.00 delivered_agents=0.00/2
Step 2490368 | stage_step= 849920 | Episodes: 271669
Eval @2492416 | stage_step= 851968 | sr=0.00% | reward=-21.00 +/- 0.00 | pickups=0.00 deliveries=0.00 delivered_agents=0.00/2
Full budget used for s10_pipe_4x4_fixed. Best stage success=0.00%.
No successful checkpoint found for s10_pipe_4x4_fixed; restored pre-stage model.
Final eval | success_rate=100.00% | mean_reward=2237.60 +/- 0.00 | pickups=2.00 deliveries=2.00 | delivered_agents=2.00/2 

### SWEEP 2/20: quad_physics_mappo_fixed_v12_sweep_base_seed11 ###

Using device: cpu
Initial Quad MAPPO: agents=2 obs=(36,) grid=(6, 5) starts=[(4, 2), (3, 2)] package=(2, 2) deliveries=[(1, 1), (1, 3)] lanes=6 rand_pkg=False rand_del=False dt=0.05 substeps=8 max_tilt=0.36

=== Stage 1/25: s1_short_t_fixed (fixed positions) ===
Stage: agents=2 obs=(36,) grid=(6, 5) starts=[(4, 2), (3, 2)] package=(2, 2) deliveries=[(1, 1), (1, 3)] lanes=6 rand_pkg=False rand_del=False dt=0.05 substeps=8 max_tilt=0.36
Step   10240 | stage_step=  10240 | Episodes:  1074
Step   20480 | stage_step=  20480 | Episodes:  2320
Eval @  20480 | stage_step=  20480 | sr=0.00% | reward=127.60 +/- 0.00 | pickups=1.00 deliveries=0.00 delivered_agents=0.00/2
Step   30720 | stage_step=  30720 | Episodes:  3480
[MultiQuadEnv] Steps 1-20000 | pickups=2914 | deliveries=573 | total_pickups=2914 | total_deliveries=573
Step   40960 | stage_step=  40960 | Episodes:  4531
Eval @  40960 | stage_step=  40960 | sr=0.00% | reward=727.40 +/- 0.00 | pickups=2.00 deliveries=1.00 delivered_agents=1.00/2
Step   51200 | stage_step=  51200 | Episodes:  5540
Step   61440 | stage_step=  61440 | Episodes:  6408
Eval @  61440 | stage_step=  61440 | sr=0.00% | reward=777.60 +/- 0.00 | pickups=2.00 deliveries=1.00 delivered_agents=1.00/2
Step   71680 | stage_step=  71680 | Episodes:  7222
[MultiQuadEnv] Steps 20001-40000 | pickups=4651 | deliveries=1766 | total_pickups=7565 | total_deliveries=2339
Step   81920 | stage_step=  81920 | Episodes:  8001
Eval @  81920 | stage_step=  81920 | sr=0.00% | reward=777.80 +/- 0.00 | pickups=2.00 deliveries=1.00 delivered_agents=1.00/2
Step   90112 | stage_step=  90112 | Episodes:  8597
Step  100352 | stage_step= 100352 | Episodes:  9321
Eval @ 100352 | stage_step= 100352 | sr=0.00% | reward=777.60 +/- 0.00 | pickups=2.00 deliveries=1.00 delivered_agents=1.00/2
Step  110592 | stage_step= 110592 | Episodes: 10011
[MultiQuadEnv] Steps 40001-60000 | pickups=4576 | deliveries=1956 | total_pickups=12141 | total_deliveries=4295
Step  120832 | stage_step= 120832 | Episodes: 10714
Eval @ 120832 | stage_step= 120832 | sr=0.00% | reward=777.80 +/- 0.00 | pickups=2.00 deliveries=1.00 delivered_agents=1.00/2
Step  131072 | stage_step= 131072 | Episodes: 11420
Step  141312 | stage_step= 141312 | Episodes: 12135
Eval @ 141312 | stage_step= 141312 | sr=0.00% | reward=777.60 +/- 0.00 | pickups=2.00 deliveries=1.00 delivered_agents=1.00/2
Step  151552 | stage_step= 151552 | Episodes: 12885
[MultiQuadEnv] Steps 60001-80000 | pickups=4609 | deliveries=2520 | total_pickups=16750 | total_deliveries=6815
Step  161792 | stage_step= 161792 | Episodes: 13645
Eval @ 161792 | stage_step= 161792 | sr=100.00% | reward=2297.80 +/- 0.00 | pickups=2.00 deliveries=2.00 delivered_agents=2.00/2
Early promotion from s1_short_t_fixed: 100.00% >= 90.00%
Restored best for s1_short_t_fixed: sr=100.00% | reward=2297.80

=== Stage 2/25: s2_wider_t_stem_fixed (fixed positions) ===
Stage: agents=2 obs=(36,) grid=(8, 9) starts=[(6, 4), (5, 4)] package=(3, 4) deliveries=[(2, 4), (1, 4)] lanes=12 rand_pkg=False rand_del=False dt=0.05 substeps=8 max_tilt=0.36
Step  172032 | stage_step=  10240 | Episodes: 14483
Step  180224 | stage_step=  18432 | Episodes: 15107
Eval @ 188416 | stage_step=  26624 | sr=100.00% | reward=2247.60 +/- 0.00 | pickups=2.00 deliveries=2.00 delivered_agents=2.00/2
Step  190464 | stage_step=  28672 | Episodes: 15838
Step  200704 | stage_step=  38912 | Episodes: 16553
[MultiQuadEnv] Steps 1-20000 | pickups=4158 | deliveries=2648 | total_pickups=4158 | total_deliveries=2648
Step  210944 | stage_step=  49152 | Episodes: 17273
Eval @ 212992 | stage_step=  51200 | sr=100.00% | reward=2247.60 +/- 0.00 | pickups=2.00 deliveries=2.00 delivered_agents=2.00/2
Step  221184 | stage_step=  59392 | Episodes: 17991
Step  231424 | stage_step=  69632 | Episodes: 18688
Eval @ 237568 | stage_step=  75776 | sr=100.00% | reward=2247.60 +/- 0.00 | pickups=2.00 deliveries=2.00 delivered_agents=2.00/2
Step  241664 | stage_step=  79872 | Episodes: 19388
[MultiQuadEnv] Steps 20001-40000 | pickups=4798 | deliveries=4310 | total_pickups=8956 | total_deliveries=6958
Step  251904 | stage_step=  90112 | Episodes: 20079
Step  260096 | stage_step=  98304 | Episodes: 20641
Eval @ 262144 | stage_step= 100352 | sr=100.00% | reward=2247.60 +/- 0.00 | pickups=2.00 deliveries=2.00 delivered_agents=2.00/2
Early promotion from s2_wider_t_stem_fixed: 100.00% >= 85.00%
Restored best for s2_wider_t_stem_fixed: sr=100.00% | reward=2247.60

=== Stage 3/25: s3_wider_t_near_branch_fixed (fixed positions) ===
Stage: agents=2 obs=(36,) grid=(8, 9) starts=[(6, 4), (5, 4)] package=(2, 4) deliveries=[(1, 3), (1, 5)] lanes=12 rand_pkg=False rand_del=False dt=0.05 substeps=8 max_tilt=0.36
Step  270336 | stage_step=   8192 | Episodes: 21393
Step  280576 | stage_step=  18432 | Episodes: 22047
Eval @ 288768 | stage_step=  26624 | sr=0.00% | reward=776.80 +/- 0.00 | pickups=2.00 deliveries=1.00 delivered_agents=1.00/2
Step  290816 | stage_step=  28672 | Episodes: 22645
Step  301056 | stage_step=  38912 | Episodes: 23230
[MultiQuadEnv] Steps 1-20000 | pickups=3544 | deliveries=1168 | total_pickups=3544 | total_deliveries=1168
Step  311296 | stage_step=  49152 | Episodes: 23805
Eval @ 313344 | stage_step=  51200 | sr=0.00% | reward=776.80 +/- 0.00 | pickups=2.00 deliveries=1.00 delivered_agents=1.00/2
Step  321536 | stage_step=  59392 | Episodes: 24363
Step  331776 | stage_step=  69632 | Episodes: 24912
Eval @ 337920 | stage_step=  75776 | sr=0.00% | reward=776.80 +/- 0.00 | pickups=2.00 deliveries=1.00 delivered_agents=1.00/2
Step  342016 | stage_step=  79872 | Episodes: 25471
[MultiQuadEnv] Steps 20001-40000 | pickups=3610 | deliveries=1619 | total_pickups=7154 | total_deliveries=2787
Step  350208 | stage_step=  88064 | Episodes: 25913
Step  360448 | stage_step=  98304 | Episodes: 26450
Eval @ 362496 | stage_step= 100352 | sr=0.00% | reward=776.60 +/- 0.00 | pickups=2.00 deliveries=1.00 delivered_agents=1.00/2
Step  370688 | stage_step= 108544 | Episodes: 26989
Step  380928 | stage_step= 118784 | Episodes: 27536
[MultiQuadEnv] Steps 40001-60000 | pickups=3629 | deliveries=1681 | total_pickups=10783 | total_deliveries=4468
Eval @ 389120 | stage_step= 126976 | sr=0.00% | reward=776.60 +/- 0.00 | pickups=2.00 deliveries=1.00 delivered_agents=1.00/2
Step  391168 | stage_step= 129024 | Episodes: 28081
Step  401408 | stage_step= 139264 | Episodes: 28610
Step  411648 | stage_step= 149504 | Episodes: 29131
Eval @ 413696 | stage_step= 151552 | sr=0.00% | reward=776.40 +/- 0.00 | pickups=2.00 deliveries=1.00 delivered_agents=1.00/2
Step  421888 | stage_step= 159744 | Episodes: 29662
[MultiQuadEnv] Steps 60001-80000 | pickups=3632 | deliveries=1681 | total_pickups=14415 | total_deliveries=6149
Step  430080 | stage_step= 167936 | Episodes: 30074
Eval @ 438272 | stage_step= 176128 | sr=0.00% | reward=776.60 +/- 0.00 | pickups=2.00 deliveries=1.00 delivered_agents=1.00/2
Step  440320 | stage_step= 178176 | Episodes: 30591
Step  450560 | stage_step= 188416 | Episodes: 31072
Step  460800 | stage_step= 198656 | Episodes: 31584
[MultiQuadEnv] Steps 80001-100000 | pickups=3499 | deliveries=1616 | total_pickups=17914 | total_deliveries=7765
Eval @ 462848 | stage_step= 200704 | sr=0.00% | reward=776.60 +/- 0.00 | pickups=2.00 deliveries=1.00 delivered_agents=1.00/2
Step  471040 | stage_step= 208896 | Episodes: 32076
Step  481280 | stage_step= 219136 | Episodes: 32589
Eval @ 487424 | stage_step= 225280 | sr=0.00% | reward=776.60 +/- 0.00 | pickups=2.00 deliveries=1.00 delivered_agents=1.00/2
Step  491520 | stage_step= 229376 | Episodes: 33104
Step  501760 | stage_step= 239616 | Episodes: 33597
[MultiQuadEnv] Steps 100001-120000 | pickups=3480 | deliveries=1619 | total_pickups=21394 | total_deliveries=9384
Step  512000 | stage_step= 249856 | Episodes: 34093
Eval @ 514048 | stage_step= 251904 | sr=0.00% | reward=776.60 +/- 0.00 | pickups=2.00 deliveries=1.00 delivered_agents=1.00/2
Step  520192 | stage_step= 258048 | Episodes: 34492
Step  530432 | stage_step= 268288 | Episodes: 34977
Eval @ 538624 | stage_step= 276480 | sr=0.00% | reward=776.60 +/- 0.00 | pickups=2.00 deliveries=1.00 delivered_agents=1.00/2
Step  540672 | stage_step= 278528 | Episodes: 35472
[MultiQuadEnv] Steps 120001-140000 | pickups=3481 | deliveries=1615 | total_pickups=24875 | total_deliveries=10999
Step  550912 | stage_step= 288768 | Episodes: 35979
Step  561152 | stage_step= 299008 | Episodes: 36493
Eval @ 563200 | stage_step= 301056 | sr=0.00% | reward=776.60 +/- 0.00 | pickups=2.00 deliveries=1.00 delivered_agents=1.00/2
Step  571392 | stage_step= 309248 | Episodes: 37011
Step  581632 | stage_step= 319488 | Episodes: 37529
[MultiQuadEnv] Steps 140001-160000 | pickups=3594 | deliveries=1680 | total_pickups=28469 | total_deliveries=12679
Eval @ 587776 | stage_step= 325632 | sr=0.00% | reward=776.60 +/- 0.00 | pickups=2.00 deliveries=1.00 delivered_agents=1.00/2
Step  591872 | stage_step= 329728 | Episodes: 38034
Step  600064 | stage_step= 337920 | Episodes: 38432
Step  610304 | stage_step= 348160 | Episodes: 38930
Eval @ 612352 | stage_step= 350208 | sr=0.00% | reward=776.60 +/- 0.00 | pickups=2.00 deliveries=1.00 delivered_agents=1.00/2
Step  620544 | stage_step= 358400 | Episodes: 39449
[MultiQuadEnv] Steps 160001-180000 | pickups=3534 | deliveries=1678 | total_pickups=32003 | total_deliveries=14357
Step  630784 | stage_step= 368640 | Episodes: 39953
Eval @ 638976 | stage_step= 376832 | sr=0.00% | reward=776.60 +/- 0.00 | pickups=2.00 deliveries=1.00 delivered_agents=1.00/2
Step  641024 | stage_step= 378880 | Episodes: 40443
Step  651264 | stage_step= 389120 | Episodes: 40940
Step  661504 | stage_step= 399360 | Episodes: 41435
[MultiQuadEnv] Steps 180001-200000 | pickups=3550 | deliveries=1704 | total_pickups=35553 | total_deliveries=16061
Eval @ 663552 | stage_step= 401408 | sr=0.00% | reward=776.60 +/- 0.00 | pickups=2.00 deliveries=1.00 delivered_agents=1.00/2
Step  671744 | stage_step= 409600 | Episodes: 41929
Step  681984 | stage_step= 419840 | Episodes: 42420
Eval @ 688128 | stage_step= 425984 | sr=0.00% | reward=776.60 +/- 0.00 | pickups=2.00 deliveries=1.00 delivered_agents=1.00/2
Step  690176 | stage_step= 428032 | Episodes: 42810
Step  700416 | stage_step= 438272 | Episodes: 43305
[MultiQuadEnv] Steps 200001-220000 | pickups=3526 | deliveries=1694 | total_pickups=39079 | total_deliveries=17755
Step  710656 | stage_step= 448512 | Episodes: 43783
Eval @ 712704 | stage_step= 450560 | sr=0.00% | reward=776.40 +/- 0.00 | pickups=2.00 deliveries=1.00 delivered_agents=1.00/2
Step  720896 | stage_step= 458752 | Episodes: 44246
Step  731136 | stage_step= 468992 | Episodes: 44737
Eval @ 737280 | stage_step= 475136 | sr=0.00% | reward=776.60 +/- 0.00 | pickups=2.00 deliveries=1.00 delivered_agents=1.00/2
Step  741376 | stage_step= 479232 | Episodes: 45232
[MultiQuadEnv] Steps 220001-240000 | pickups=3468 | deliveries=1680 | total_pickups=42547 | total_deliveries=19435
Step  751616 | stage_step= 489472 | Episodes: 45725
Step  761856 | stage_step= 499712 | Episodes: 46228
Eval @ 763904 | stage_step= 501760 | sr=0.00% | reward=776.60 +/- 0.00 | pickups=2.00 deliveries=1.00 delivered_agents=1.00/2
Step  770048 | stage_step= 507904 | Episodes: 46640
Step  780288 | stage_step= 518144 | Episodes: 47172
[MultiQuadEnv] Steps 240001-260000 | pickups=3622 | deliveries=1952 | total_pickups=46169 | total_deliveries=21387
Eval @ 788480 | stage_step= 526336 | sr=100.00% | reward=2296.80 +/- 0.00 | pickups=2.00 deliveries=2.00 delivered_agents=2.00/2
Early promotion from s3_wider_t_near_branch_fixed: 100.00% >= 75.00%
Restored best for s3_wider_t_near_branch_fixed: sr=100.00% | reward=2296.80

=== Stage 4/25: s4_wider_t_branch_fixed (fixed positions) ===
Stage: agents=2 obs=(36,) grid=(8, 9) starts=[(6, 4), (5, 4)] package=(3, 4) deliveries=[(1, 1), (1, 7)] lanes=12 rand_pkg=False rand_del=False dt=0.05 substeps=8 max_tilt=0.36
Step  790528 | stage_step=   2048 | Episodes: 47775
Step  800768 | stage_step=  12288 | Episodes: 48481
Step  811008 | stage_step=  22528 | Episodes: 49162
Eval @ 815104 | stage_step=  26624 | sr=0.00% | reward=255.35 +/- 0.00 | pickups=2.00 deliveries=0.00 delivered_agents=0.00/2
Step  821248 | stage_step=  32768 | Episodes: 49808
[MultiQuadEnv] Steps 1-20000 | pickups=4190 | deliveries=213 | total_pickups=4190 | total_deliveries=213
Step  831488 | stage_step=  43008 | Episodes: 50427
Eval @ 839680 | stage_step=  51200 | sr=0.00% | reward=775.60 +/- 0.00 | pickups=2.00 deliveries=1.00 delivered_agents=1.00/2
Step  841728 | stage_step=  53248 | Episodes: 51044
Step  851968 | stage_step=  63488 | Episodes: 51660
Step  860160 | stage_step=  71680 | Episodes: 52141
Eval @ 864256 | stage_step=  75776 | sr=0.00% | reward=775.65 +/- 0.00 | pickups=2.00 deliveries=1.00 delivered_agents=1.00/2
[MultiQuadEnv] Steps 20001-40000 | pickups=4177 | deliveries=590 | total_pickups=8367 | total_deliveries=803
Step  870400 | stage_step=  81920 | Episodes: 52728
Step  880640 | stage_step=  92160 | Episodes: 53324
Eval @ 888832 | stage_step= 100352 | sr=0.00% | reward=775.65 +/- 0.00 | pickups=2.00 deliveries=1.00 delivered_agents=1.00/2
Step  890880 | stage_step= 102400 | Episodes: 53926
Step  901120 | stage_step= 112640 | Episodes: 54517
[MultiQuadEnv] Steps 40001-60000 | pickups=4090 | deliveries=792 | total_pickups=12457 | total_deliveries=1595
Step  911360 | stage_step= 122880 | Episodes: 55113
Eval @ 915456 | stage_step= 126976 | sr=0.00% | reward=775.65 +/- 0.00 | pickups=2.00 deliveries=1.00 delivered_agents=1.00/2
Step  921600 | stage_step= 133120 | Episodes: 55705
Step  931840 | stage_step= 143360 | Episodes: 56304
Step  940032 | stage_step= 151552 | Episodes: 56781
Eval @ 940032 | stage_step= 151552 | sr=0.00% | reward=775.65 +/- 0.00 | pickups=2.00 deliveries=1.00 delivered_agents=1.00/2
[MultiQuadEnv] Steps 60001-80000 | pickups=4152 | deliveries=955 | total_pickups=16609 | total_deliveries=2550
Step  950272 | stage_step= 161792 | Episodes: 57374
Step  960512 | stage_step= 172032 | Episodes: 57954
Eval @ 964608 | stage_step= 176128 | sr=0.00% | reward=775.65 +/- 0.00 | pickups=2.00 deliveries=1.00 delivered_agents=1.00/2
Step  970752 | stage_step= 182272 | Episodes: 58523
Step  980992 | stage_step= 192512 | Episodes: 59089
[MultiQuadEnv] Steps 80001-100000 | pickups=4112 | deliveries=1177 | total_pickups=20721 | total_deliveries=3727
Eval @ 989184 | stage_step= 200704 | sr=0.00% | reward=775.65 +/- 0.00 | pickups=2.00 deliveries=1.00 delivered_agents=1.00/2
Step  991232 | stage_step= 202752 | Episodes: 59655
Step 1001472 | stage_step= 212992 | Episodes: 60216
Step 1011712 | stage_step= 223232 | Episodes: 60774
Eval @1013760 | stage_step= 225280 | sr=0.00% | reward=775.65 +/- 0.00 | pickups=2.00 deliveries=1.00 delivered_agents=1.00/2
Step 1021952 | stage_step= 233472 | Episodes: 61330
[MultiQuadEnv] Steps 100001-120000 | pickups=4080 | deliveries=1343 | total_pickups=24801 | total_deliveries=5070
Step 1030144 | stage_step= 241664 | Episodes: 61776
Step 1040384 | stage_step= 251904 | Episodes: 62338
Eval @1040384 | stage_step= 251904 | sr=0.00% | reward=775.65 +/- 0.00 | pickups=2.00 deliveries=1.00 delivered_agents=1.00/2
Step 1050624 | stage_step= 262144 | Episodes: 62880
Step 1060864 | stage_step= 272384 | Episodes: 63420
Eval @1064960 | stage_step= 276480 | sr=0.00% | reward=775.65 +/- 0.00 | pickups=2.00 deliveries=1.00 delivered_agents=1.00/2
[MultiQuadEnv] Steps 120001-140000 | pickups=4071 | deliveries=1453 | total_pickups=28872 | total_deliveries=6523
Step 1071104 | stage_step= 282624 | Episodes: 63961
Step 1081344 | stage_step= 292864 | Episodes: 64496
Eval @1089536 | stage_step= 301056 | sr=0.00% | reward=775.65 +/- 0.00 | pickups=2.00 deliveries=1.00 delivered_agents=1.00/2
Step 1091584 | stage_step= 303104 | Episodes: 65030
Step 1101824 | stage_step= 313344 | Episodes: 65565
[MultiQuadEnv] Steps 140001-160000 | pickups=4041 | deliveries=1591 | total_pickups=32913 | total_deliveries=8114
Step 1110016 | stage_step= 321536 | Episodes: 65997
Eval @1114112 | stage_step= 325632 | sr=0.00% | reward=775.65 +/- 0.00 | pickups=2.00 deliveries=1.00 delivered_agents=1.00/2
Step 1120256 | stage_step= 331776 | Episodes: 66531
Step 1130496 | stage_step= 342016 | Episodes: 67055
Eval @1138688 | stage_step= 350208 | sr=0.00% | reward=775.65 +/- 0.00 | pickups=2.00 deliveries=1.00 delivered_agents=1.00/2
Step 1140736 | stage_step= 352256 | Episodes: 67578
[MultiQuadEnv] Steps 160001-180000 | pickups=3982 | deliveries=1685 | total_pickups=36895 | total_deliveries=9799
Step 1150976 | stage_step= 362496 | Episodes: 68096
Step 1161216 | stage_step= 372736 | Episodes: 68616
Eval @1165312 | stage_step= 376832 | sr=0.00% | reward=775.65 +/- 0.00 | pickups=2.00 deliveries=1.00 delivered_agents=1.00/2
Step 1171456 | stage_step= 382976 | Episodes: 69129
Step 1181696 | stage_step= 393216 | Episodes: 69651
[MultiQuadEnv] Steps 180001-200000 | pickups=3950 | deliveries=1762 | total_pickups=40845 | total_deliveries=11561
Eval @1189888 | stage_step= 401408 | sr=0.00% | reward=775.65 +/- 0.00 | pickups=2.00 deliveries=1.00 delivered_agents=1.00/2
Step 1191936 | stage_step= 403456 | Episodes: 70170
Step 1200128 | stage_step= 411648 | Episodes: 70584
Step 1210368 | stage_step= 421888 | Episodes: 71098
Eval @1214464 | stage_step= 425984 | sr=0.00% | reward=775.65 +/- 0.00 | pickups=2.00 deliveries=1.00 delivered_agents=1.00/2
Step 1220608 | stage_step= 432128 | Episodes: 71613
[MultiQuadEnv] Steps 200001-220000 | pickups=3924 | deliveries=1787 | total_pickups=44769 | total_deliveries=13348
Step 1230848 | stage_step= 442368 | Episodes: 72126
Eval @1239040 | stage_step= 450560 | sr=0.00% | reward=775.25 +/- 0.00 | pickups=2.00 deliveries=1.00 delivered_agents=1.00/2
Step 1241088 | stage_step= 452608 | Episodes: 72619
Step 1251328 | stage_step= 462848 | Episodes: 73097
Step 1261568 | stage_step= 473088 | Episodes: 73563
Eval @1263616 | stage_step= 475136 | sr=0.00% | reward=775.25 +/- 0.00 | pickups=2.00 deliveries=1.00 delivered_agents=1.00/2
[MultiQuadEnv] Steps 220001-240000 | pickups=3663 | deliveries=1708 | total_pickups=48432 | total_deliveries=15056
Step 1271808 | stage_step= 483328 | Episodes: 74031
Step 1280000 | stage_step= 491520 | Episodes: 74404
Step 1290240 | stage_step= 501760 | Episodes: 74874
Eval @1290240 | stage_step= 501760 | sr=0.00% | reward=775.25 +/- 0.00 | pickups=2.00 deliveries=1.00 delivered_agents=1.00/2
Step 1300480 | stage_step= 512000 | Episodes: 75340
[MultiQuadEnv] Steps 240001-260000 | pickups=3621 | deliveries=1691 | total_pickups=52053 | total_deliveries=16747
Step 1310720 | stage_step= 522240 | Episodes: 75807
Eval @1314816 | stage_step= 526336 | sr=0.00% | reward=775.25 +/- 0.00 | pickups=2.00 deliveries=1.00 delivered_agents=1.00/2
Step 1320960 | stage_step= 532480 | Episodes: 76285
Step 1331200 | stage_step= 542720 | Episodes: 76758
Eval @1339392 | stage_step= 550912 | sr=0.00% | reward=775.25 +/- 0.00 | pickups=2.00 deliveries=1.00 delivered_agents=1.00/2
Step 1341440 | stage_step= 552960 | Episodes: 77235
[MultiQuadEnv] Steps 260001-280000 | pickups=3700 | deliveries=1726 | total_pickups=55753 | total_deliveries=18473
Step 1351680 | stage_step= 563200 | Episodes: 77729
Step 1361920 | stage_step= 573440 | Episodes: 78230
Eval @1363968 | stage_step= 575488 | sr=0.00% | reward=775.65 +/- 0.00 | pickups=2.00 deliveries=1.00 delivered_agents=1.00/2
Step 1370112 | stage_step= 581632 | Episodes: 78632
Step 1380352 | stage_step= 591872 | Episodes: 79138
[MultiQuadEnv] Steps 280001-300000 | pickups=3882 | deliveries=1840 | total_pickups=59635 | total_deliveries=20313
Eval @1388544 | stage_step= 600064 | sr=0.00% | reward=775.65 +/- 0.00 | pickups=2.00 deliveries=1.00 delivered_agents=1.00/2
Step 1390592 | stage_step= 602112 | Episodes: 79646
Step 1400832 | stage_step= 612352 | Episodes: 80156
Step 1411072 | stage_step= 622592 | Episodes: 80664
Eval @1415168 | stage_step= 626688 | sr=0.00% | reward=775.65 +/- 0.00 | pickups=2.00 deliveries=1.00 delivered_agents=1.00/2
Step 1421312 | stage_step= 632832 | Episodes: 81149
[MultiQuadEnv] Steps 300001-320000 | pickups=3855 | deliveries=1848 | total_pickups=63490 | total_deliveries=22161
Step 1431552 | stage_step= 643072 | Episodes: 81634
Eval @1439744 | stage_step= 651264 | sr=0.00% | reward=775.65 +/- 0.00 | pickups=2.00 deliveries=1.00 delivered_agents=1.00/2
Step 1441792 | stage_step= 653312 | Episodes: 82132
Step 1452032 | stage_step= 663552 | Episodes: 82644
Step 1460224 | stage_step= 671744 | Episodes: 83056
Eval @1464320 | stage_step= 675840 | sr=0.00% | reward=775.65 +/- 0.00 | pickups=2.00 deliveries=1.00 delivered_agents=1.00/2
[MultiQuadEnv] Steps 320001-340000 | pickups=3924 | deliveries=1878 | total_pickups=67414 | total_deliveries=24039
Step 1470464 | stage_step= 681984 | Episodes: 83568
Step 1480704 | stage_step= 692224 | Episodes: 84074
Eval @1488896 | stage_step= 700416 | sr=0.00% | reward=775.65 +/- 0.00 | pickups=2.00 deliveries=1.00 delivered_agents=1.00/2
Step 1490944 | stage_step= 702464 | Episodes: 84581
Step 1501184 | stage_step= 712704 | Episodes: 85085
[MultiQuadEnv] Steps 340001-360000 | pickups=3911 | deliveries=1867 | total_pickups=71325 | total_deliveries=25906
Step 1511424 | stage_step= 722944 | Episodes: 85590
Eval @1515520 | stage_step= 727040 | sr=0.00% | reward=775.65 +/- 0.00 | pickups=2.00 deliveries=1.00 delivered_agents=1.00/2
Step 1521664 | stage_step= 733184 | Episodes: 86096
Step 1531904 | stage_step= 743424 | Episodes: 86598
Step 1540096 | stage_step= 751616 | Episodes: 86992
Eval @1540096 | stage_step= 751616 | sr=0.00% | reward=775.65 +/- 0.00 | pickups=2.00 deliveries=1.00 delivered_agents=1.00/2
[MultiQuadEnv] Steps 360001-380000 | pickups=3865 | deliveries=1863 | total_pickups=75190 | total_deliveries=27769
Step 1550336 | stage_step= 761856 | Episodes: 87473
Step 1560576 | stage_step= 772096 | Episodes: 87955
Eval @1564672 | stage_step= 776192 | sr=0.00% | reward=775.40 +/- 0.00 | pickups=2.00 deliveries=1.00 delivered_agents=1.00/2
Step 1570816 | stage_step= 782336 | Episodes: 88425
Step 1581056 | stage_step= 792576 | Episodes: 88880
[MultiQuadEnv] Steps 380001-400000 | pickups=3612 | deliveries=1745 | total_pickups=78802 | total_deliveries=29514
Eval @1589248 | stage_step= 800768 | sr=0.00% | reward=775.00 +/- 0.00 | pickups=2.00 deliveries=1.00 delivered_agents=1.00/2
Step 1591296 | stage_step= 802816 | Episodes: 89318
Step 1601536 | stage_step= 813056 | Episodes: 89754
Step 1611776 | stage_step= 823296 | Episodes: 90181
Eval @1613824 | stage_step= 825344 | sr=0.00% | reward=775.00 +/- 0.00 | pickups=2.00 deliveries=1.00 delivered_agents=1.00/2
Step 1622016 | stage_step= 833536 | Episodes: 90603
[MultiQuadEnv] Steps 400001-420000 | pickups=3296 | deliveries=1598 | total_pickups=82098 | total_deliveries=31112
Step 1630208 | stage_step= 841728 | Episodes: 90935
Step 1640448 | stage_step= 851968 | Episodes: 91349
Eval @1640448 | stage_step= 851968 | sr=0.00% | reward=775.00 +/- 0.00 | pickups=2.00 deliveries=1.00 delivered_agents=1.00/2
Step 1650688 | stage_step= 862208 | Episodes: 91757
Step 1660928 | stage_step= 872448 | Episodes: 92162
Eval @1665024 | stage_step= 876544 | sr=0.00% | reward=775.00 +/- 0.00 | pickups=2.00 deliveries=1.00 delivered_agents=1.00/2
[MultiQuadEnv] Steps 420001-440000 | pickups=3205 | deliveries=1554 | total_pickups=85303 | total_deliveries=32666
Step 1671168 | stage_step= 882688 | Episodes: 92582
Step 1681408 | stage_step= 892928 | Episodes: 93001
Eval @1689600 | stage_step= 901120 | sr=0.00% | reward=775.00 +/- 0.00 | pickups=2.00 deliveries=1.00 delivered_agents=1.00/2
Step 1691648 | stage_step= 903168 | Episodes: 93424
Step 1701888 | stage_step= 913408 | Episodes: 93838
[MultiQuadEnv] Steps 440001-460000 | pickups=3258 | deliveries=1583 | total_pickups=88561 | total_deliveries=34249
Step 1710080 | stage_step= 921600 | Episodes: 94170
Eval @1714176 | stage_step= 925696 | sr=0.00% | reward=774.55 +/- 0.00 | pickups=2.00 deliveries=1.00 delivered_agents=1.00/2
Step 1720320 | stage_step= 931840 | Episodes: 94579
Step 1730560 | stage_step= 942080 | Episodes: 94978
Eval @1738752 | stage_step= 950272 | sr=0.00% | reward=774.55 +/- 0.00 | pickups=2.00 deliveries=1.00 delivered_agents=1.00/2
Step 1740800 | stage_step= 952320 | Episodes: 95379
[MultiQuadEnv] Steps 460001-480000 | pickups=3128 | deliveries=1517 | total_pickups=91689 | total_deliveries=35766
Step 1751040 | stage_step= 962560 | Episodes: 95784
Step 1761280 | stage_step= 972800 | Episodes: 96202
Eval @1765376 | stage_step= 976896 | sr=0.00% | reward=774.55 +/- 0.00 | pickups=2.00 deliveries=1.00 delivered_agents=1.00/2
Step 1771520 | stage_step= 983040 | Episodes: 96618
Step 1781760 | stage_step= 993280 | Episodes: 97024
[MultiQuadEnv] Steps 480001-500000 | pickups=3203 | deliveries=1555 | total_pickups=94892 | total_deliveries=37321
Eval @1789952 | stage_step=1001472 | sr=0.00% | reward=774.55 +/- 0.00 | pickups=2.00 deliveries=1.00 delivered_agents=1.00/2
Full budget used for s4_wider_t_branch_fixed. Best stage success=0.00%.
No successful checkpoint found for s4_wider_t_branch_fixed; restored pre-stage model.
Final eval | success_rate=100.00% | mean_reward=2296.80 +/- 0.00 | pickups=2.00 deliveries=2.00 | delivered_agents=2.00/2 

### SWEEP 3/20: quad_physics_mappo_fixed_v12_sweep_base_seed23 ###

Using device: cpu
Initial Quad MAPPO: agents=2 obs=(36,) grid=(6, 5) starts=[(4, 2), (3, 2)] package=(2, 2) deliveries=[(1, 1), (1, 3)] lanes=6 rand_pkg=False rand_del=False dt=0.05 substeps=8 max_tilt=0.36

=== Stage 1/25: s1_short_t_fixed (fixed positions) ===
Stage: agents=2 obs=(36,) grid=(6, 5) starts=[(4, 2), (3, 2)] package=(2, 2) deliveries=[(1, 1), (1, 3)] lanes=6 rand_pkg=False rand_del=False dt=0.05 substeps=8 max_tilt=0.36
Step   10240 | stage_step=  10240 | Episodes:  1029
Step   20480 | stage_step=  20480 | Episodes:  2299
Eval @  20480 | stage_step=  20480 | sr=0.00% | reward=775.80 +/- 0.00 | pickups=2.00 deliveries=1.00 delivered_agents=1.00/2
Step   30720 | stage_step=  30720 | Episodes:  3525
[MultiQuadEnv] Steps 1-20000 | pickups=2763 | deliveries=437 | total_pickups=2763 | total_deliveries=437
Step   40960 | stage_step=  40960 | Episodes:  4639
Eval @  40960 | stage_step=  40960 | sr=0.00% | reward=727.40 +/- 0.00 | pickups=2.00 deliveries=1.00 delivered_agents=1.00/2
Step   51200 | stage_step=  51200 | Episodes:  5667
Step   61440 | stage_step=  61440 | Episodes:  6552
Eval @  61440 | stage_step=  61440 | sr=0.00% | reward=727.60 +/- 0.00 | pickups=2.00 deliveries=1.00 delivered_agents=1.00/2
Step   71680 | stage_step=  71680 | Episodes:  7398
[MultiQuadEnv] Steps 20001-40000 | pickups=4646 | deliveries=1651 | total_pickups=7409 | total_deliveries=2088
Step   81920 | stage_step=  81920 | Episodes:  8210
Eval @  81920 | stage_step=  81920 | sr=0.00% | reward=777.80 +/- 0.00 | pickups=2.00 deliveries=1.00 delivered_agents=1.00/2
Step   90112 | stage_step=  90112 | Episodes:  8819
Step  100352 | stage_step= 100352 | Episodes:  9581
Eval @ 100352 | stage_step= 100352 | sr=0.00% | reward=777.80 +/- 0.00 | pickups=2.00 deliveries=1.00 delivered_agents=1.00/2
Step  110592 | stage_step= 110592 | Episodes: 10329
[MultiQuadEnv] Steps 40001-60000 | pickups=4922 | deliveries=2066 | total_pickups=12331 | total_deliveries=4154
Step  120832 | stage_step= 120832 | Episodes: 11050
Eval @ 120832 | stage_step= 120832 | sr=0.00% | reward=777.80 +/- 0.00 | pickups=2.00 deliveries=1.00 delivered_agents=1.00/2
Step  131072 | stage_step= 131072 | Episodes: 11772
Step  141312 | stage_step= 141312 | Episodes: 12474
Eval @ 141312 | stage_step= 141312 | sr=0.00% | reward=777.60 +/- 0.00 | pickups=2.00 deliveries=1.00 delivered_agents=1.00/2
Step  151552 | stage_step= 151552 | Episodes: 13151
[MultiQuadEnv] Steps 60001-80000 | pickups=4784 | deliveries=2252 | total_pickups=17115 | total_deliveries=6406
Step  161792 | stage_step= 161792 | Episodes: 13825
Eval @ 161792 | stage_step= 161792 | sr=0.00% | reward=777.80 +/- 0.00 | pickups=2.00 deliveries=1.00 delivered_agents=1.00/2
Step  172032 | stage_step= 172032 | Episodes: 14517
Step  180224 | stage_step= 180224 | Episodes: 15059
Eval @ 180224 | stage_step= 180224 | sr=0.00% | reward=777.60 +/- 0.00 | pickups=2.00 deliveries=1.00 delivered_agents=1.00/2
Full budget used for s1_short_t_fixed. Best stage success=0.00%.
No successful checkpoint found for s1_short_t_fixed; restored pre-stage model.
Final eval | success_rate=0.00% | mean_reward=-48.00 +/- 0.00 | pickups=0.00 deliveries=0.00 | delivered_agents=0.00/2 

### SWEEP 4/20: quad_physics_mappo_fixed_v12_sweep_base_seed41 ###

Using device: cpu
Initial Quad MAPPO: agents=2 obs=(36,) grid=(6, 5) starts=[(4, 2), (3, 2)] package=(2, 2) deliveries=[(1, 1), (1, 3)] lanes=6 rand_pkg=False rand_del=False dt=0.05 substeps=8 max_tilt=0.36

=== Stage 1/25: s1_short_t_fixed (fixed positions) ===
Stage: agents=2 obs=(36,) grid=(6, 5) starts=[(4, 2), (3, 2)] package=(2, 2) deliveries=[(1, 1), (1, 3)] lanes=6 rand_pkg=False rand_del=False dt=0.05 substeps=8 max_tilt=0.36
Step   10240 | stage_step=  10240 | Episodes:  1224
Step   20480 | stage_step=  20480 | Episodes:  2515
Eval @  20480 | stage_step=  20480 | sr=0.00% | reward=127.60 +/- 0.00 | pickups=1.00 deliveries=0.00 delivered_agents=0.00/2
Step   30720 | stage_step=  30720 | Episodes:  3758
[MultiQuadEnv] Steps 1-20000 | pickups=2849 | deliveries=451 | total_pickups=2849 | total_deliveries=451
Step   40960 | stage_step=  40960 | Episodes:  4838
Eval @  40960 | stage_step=  40960 | sr=0.00% | reward=726.40 +/- 0.00 | pickups=2.00 deliveries=1.00 delivered_agents=1.00/2
Step   51200 | stage_step=  51200 | Episodes:  5864
Step   61440 | stage_step=  61440 | Episodes:  6798
Eval @  61440 | stage_step=  61440 | sr=0.00% | reward=777.40 +/- 0.00 | pickups=2.00 deliveries=1.00 delivered_agents=1.00/2
Step   71680 | stage_step=  71680 | Episodes:  7645
[MultiQuadEnv] Steps 20001-40000 | pickups=4540 | deliveries=1662 | total_pickups=7389 | total_deliveries=2113
Step   81920 | stage_step=  81920 | Episodes:  8533
Eval @  81920 | stage_step=  81920 | sr=100.00% | reward=2297.60 +/- 0.00 | pickups=2.00 deliveries=2.00 delivered_agents=2.00/2
Early promotion from s1_short_t_fixed: 100.00% >= 90.00%
Restored best for s1_short_t_fixed: sr=100.00% | reward=2297.60

=== Stage 2/25: s2_wider_t_stem_fixed (fixed positions) ===
Stage: agents=2 obs=(36,) grid=(8, 9) starts=[(6, 4), (5, 4)] package=(3, 4) deliveries=[(2, 4), (1, 4)] lanes=12 rand_pkg=False rand_del=False dt=0.05 substeps=8 max_tilt=0.36
Step   90112 | stage_step=   8192 | Episodes:  9325
Step  100352 | stage_step=  18432 | Episodes: 10188
Eval @ 108544 | stage_step=  26624 | sr=100.00% | reward=2247.60 +/- 0.00 | pickups=2.00 deliveries=2.00 delivered_agents=2.00/2
Step  110592 | stage_step=  28672 | Episodes: 11033
Step  120832 | stage_step=  38912 | Episodes: 11849
[MultiQuadEnv] Steps 1-20000 | pickups=4212 | deliveries=2531 | total_pickups=4212 | total_deliveries=2531
Step  131072 | stage_step=  49152 | Episodes: 12635
Eval @ 133120 | stage_step=  51200 | sr=100.00% | reward=2247.60 +/- 0.00 | pickups=2.00 deliveries=2.00 delivered_agents=2.00/2
Step  141312 | stage_step=  59392 | Episodes: 13360
Step  151552 | stage_step=  69632 | Episodes: 14128
Eval @ 157696 | stage_step=  75776 | sr=100.00% | reward=2247.80 +/- 0.00 | pickups=2.00 deliveries=2.00 delivered_agents=2.00/2
Step  161792 | stage_step=  79872 | Episodes: 14884
[MultiQuadEnv] Steps 20001-40000 | pickups=4791 | deliveries=3924 | total_pickups=9003 | total_deliveries=6455
Step  172032 | stage_step=  90112 | Episodes: 15629
Step  180224 | stage_step=  98304 | Episodes: 16210
Eval @ 182272 | stage_step= 100352 | sr=100.00% | reward=2247.60 +/- 0.00 | pickups=2.00 deliveries=2.00 delivered_agents=2.00/2
Early promotion from s2_wider_t_stem_fixed: 100.00% >= 85.00%
Restored best for s2_wider_t_stem_fixed: sr=100.00% | reward=2247.80

=== Stage 3/25: s3_wider_t_near_branch_fixed (fixed positions) ===
Stage: agents=2 obs=(36,) grid=(8, 9) starts=[(6, 4), (5, 4)] package=(2, 4) deliveries=[(1, 3), (1, 5)] lanes=12 rand_pkg=False rand_del=False dt=0.05 substeps=8 max_tilt=0.36
Step  190464 | stage_step=   8192 | Episodes: 16832
Step  200704 | stage_step=  18432 | Episodes: 17515
Eval @ 208896 | stage_step=  26624 | sr=0.00% | reward=261.60 +/- 0.00 | pickups=2.00 deliveries=0.00 delivered_agents=0.00/2
Step  210944 | stage_step=  28672 | Episodes: 18261
Step  221184 | stage_step=  38912 | Episodes: 18858
[MultiQuadEnv] Steps 1-20000 | pickups=3289 | deliveries=134 | total_pickups=3289 | total_deliveries=134
Step  231424 | stage_step=  49152 | Episodes: 19554
Eval @ 233472 | stage_step=  51200 | sr=0.00% | reward=261.60 +/- 0.00 | pickups=2.00 deliveries=0.00 delivered_agents=0.00/2
Step  241664 | stage_step=  59392 | Episodes: 20169
Step  251904 | stage_step=  69632 | Episodes: 20706
Eval @ 258048 | stage_step=  75776 | sr=0.00% | reward=777.60 +/- 0.00 | pickups=2.00 deliveries=1.00 delivered_agents=1.00/2
Step  260096 | stage_step=  77824 | Episodes: 21101
[MultiQuadEnv] Steps 20001-40000 | pickups=3345 | deliveries=249 | total_pickups=6634 | total_deliveries=383
Step  270336 | stage_step=  88064 | Episodes: 21724
Step  280576 | stage_step=  98304 | Episodes: 22269
Eval @ 282624 | stage_step= 100352 | sr=0.00% | reward=261.60 +/- 0.00 | pickups=2.00 deliveries=0.00 delivered_agents=0.00/2
Step  290816 | stage_step= 108544 | Episodes: 22625
Step  301056 | stage_step= 118784 | Episodes: 23007
[MultiQuadEnv] Steps 40001-60000 | pickups=2588 | deliveries=244 | total_pickups=9222 | total_deliveries=627
Eval @ 309248 | stage_step= 126976 | sr=0.00% | reward=775.80 +/- 0.00 | pickups=2.00 deliveries=1.00 delivered_agents=1.00/2
Step  311296 | stage_step= 129024 | Episodes: 23332
Step  321536 | stage_step= 139264 | Episodes: 23791
Step  331776 | stage_step= 149504 | Episodes: 24217
Eval @ 333824 | stage_step= 151552 | sr=0.00% | reward=775.80 +/- 0.00 | pickups=2.00 deliveries=1.00 delivered_agents=1.00/2
Step  342016 | stage_step= 159744 | Episodes: 24580
[MultiQuadEnv] Steps 60001-80000 | pickups=2264 | deliveries=245 | total_pickups=11486 | total_deliveries=872
Step  350208 | stage_step= 167936 | Episodes: 24934
Eval @ 358400 | stage_step= 176128 | sr=0.00% | reward=777.00 +/- 0.00 | pickups=2.00 deliveries=1.00 delivered_agents=1.00/2
Step  360448 | stage_step= 178176 | Episodes: 25408
Step  370688 | stage_step= 188416 | Episodes: 25932
Step  380928 | stage_step= 198656 | Episodes: 26329
[MultiQuadEnv] Steps 80001-100000 | pickups=2663 | deliveries=375 | total_pickups=14149 | total_deliveries=1247
Eval @ 382976 | stage_step= 200704 | sr=0.00% | reward=777.20 +/- 0.00 | pickups=2.00 deliveries=1.00 delivered_agents=1.00/2
Step  391168 | stage_step= 208896 | Episodes: 26699
Step  401408 | stage_step= 219136 | Episodes: 27144
Eval @ 407552 | stage_step= 225280 | sr=0.00% | reward=777.20 +/- 0.00 | pickups=2.00 deliveries=1.00 delivered_agents=1.00/2
Step  411648 | stage_step= 229376 | Episodes: 27495
Step  421888 | stage_step= 239616 | Episodes: 27838
[MultiQuadEnv] Steps 100001-120000 | pickups=2203 | deliveries=311 | total_pickups=16352 | total_deliveries=1558
Step  430080 | stage_step= 247808 | Episodes: 28171
Eval @ 434176 | stage_step= 251904 | sr=0.00% | reward=261.60 +/- 0.00 | pickups=2.00 deliveries=0.00 delivered_agents=0.00/2
Step  440320 | stage_step= 258048 | Episodes: 28678
Step  450560 | stage_step= 268288 | Episodes: 29137
Eval @ 458752 | stage_step= 276480 | sr=0.00% | reward=261.60 +/- 0.00 | pickups=2.00 deliveries=0.00 delivered_agents=0.00/2
Step  460800 | stage_step= 278528 | Episodes: 29662
[MultiQuadEnv] Steps 120001-140000 | pickups=2894 | deliveries=547 | total_pickups=19246 | total_deliveries=2105
Step  471040 | stage_step= 288768 | Episodes: 30083
Step  481280 | stage_step= 299008 | Episodes: 30601
Eval @ 483328 | stage_step= 301056 | sr=0.00% | reward=261.60 +/- 0.00 | pickups=2.00 deliveries=0.00 delivered_agents=0.00/2
Step  491520 | stage_step= 309248 | Episodes: 31146
Step  501760 | stage_step= 319488 | Episodes: 31717
[MultiQuadEnv] Steps 140001-160000 | pickups=3058 | deliveries=904 | total_pickups=22304 | total_deliveries=3009
Eval @ 507904 | stage_step= 325632 | sr=100.00% | reward=2297.60 +/- 0.00 | pickups=2.00 deliveries=2.00 delivered_agents=2.00/2
Early promotion from s3_wider_t_near_branch_fixed: 100.00% >= 75.00%
Restored best for s3_wider_t_near_branch_fixed: sr=100.00% | reward=2297.60

=== Stage 4/25: s4_wider_t_branch_fixed (fixed positions) ===
Stage: agents=2 obs=(36,) grid=(8, 9) starts=[(6, 4), (5, 4)] package=(3, 4) deliveries=[(1, 1), (1, 7)] lanes=12 rand_pkg=False rand_del=False dt=0.05 substeps=8 max_tilt=0.36
Step  512000 | stage_step=   4096 | Episodes: 32433
Step  520192 | stage_step=  12288 | Episodes: 33059
Step  530432 | stage_step=  22528 | Episodes: 33802
Eval @ 534528 | stage_step=  26624 | sr=0.00% | reward=277.80 +/- 0.00 | pickups=2.00 deliveries=0.00 delivered_agents=0.00/2
Step  540672 | stage_step=  32768 | Episodes: 34509
[MultiQuadEnv] Steps 1-20000 | pickups=4656 | deliveries=346 | total_pickups=4656 | total_deliveries=346
Step  550912 | stage_step=  43008 | Episodes: 35200
Eval @ 559104 | stage_step=  51200 | sr=0.00% | reward=276.90 +/- 0.00 | pickups=2.00 deliveries=0.00 delivered_agents=0.00/2
Step  561152 | stage_step=  53248 | Episodes: 35855
Step  571392 | stage_step=  63488 | Episodes: 36519
Step  581632 | stage_step=  73728 | Episodes: 37186
Eval @ 583680 | stage_step=  75776 | sr=100.00% | reward=2295.65 +/- 0.00 | pickups=2.00 deliveries=2.00 delivered_agents=2.00/2
[MultiQuadEnv] Steps 20001-40000 | pickups=4470 | deliveries=958 | total_pickups=9126 | total_deliveries=1304
Step  591872 | stage_step=  83968 | Episodes: 37825
Step  600064 | stage_step=  92160 | Episodes: 38342
Eval @ 608256 | stage_step= 100352 | sr=100.00% | reward=2295.60 +/- 0.00 | pickups=2.00 deliveries=2.00 delivered_agents=2.00/2
Early promotion from s4_wider_t_branch_fixed: 100.00% >= 80.00%
Restored best for s4_wider_t_branch_fixed: sr=100.00% | reward=2295.65
Set actor_log_std=-0.35 for stage exploration

=== Stage 5/25: s5_tiny_pipe_line_fixed (fixed positions) ===
Stage: agents=2 obs=(36,) grid=(12, 12) starts=[(2, 3), (2, 4)] package=(2, 5) deliveries=[(2, 6), (2, 7)] lanes=47 rand_pkg=False rand_del=False dt=0.05 substeps=8 max_tilt=0.36
Step  610304 | stage_step=   2048 | Episodes: 39249
Step  620544 | stage_step=  12288 | Episodes: 41199
Step  630784 | stage_step=  22528 | Episodes: 42853
Eval @ 634880 | stage_step=  26624 | sr=0.00% | reward=127.80 +/- 0.00 | pickups=1.00 deliveries=0.00 delivered_agents=0.00/2
Step  641024 | stage_step=  32768 | Episodes: 44167
[MultiQuadEnv] Steps 1-20000 | pickups=3220 | deliveries=218 | total_pickups=3220 | total_deliveries=218
Step  651264 | stage_step=  43008 | Episodes: 45157
Eval @ 659456 | stage_step=  51200 | sr=0.00% | reward=577.80 +/- 0.00 | pickups=1.00 deliveries=1.00 delivered_agents=1.00/2
Step  661504 | stage_step=  53248 | Episodes: 45905
Step  671744 | stage_step=  63488 | Episodes: 46606
Step  681984 | stage_step=  73728 | Episodes: 47240
Eval @ 684032 | stage_step=  75776 | sr=100.00% | reward=2247.50 +/- 0.00 | pickups=2.00 deliveries=2.00 delivered_agents=2.00/2
[MultiQuadEnv] Steps 20001-40000 | pickups=3128 | deliveries=1302 | total_pickups=6348 | total_deliveries=1520
Step  690176 | stage_step=  81920 | Episodes: 47758
Step  700416 | stage_step=  92160 | Episodes: 48405
Eval @ 708608 | stage_step= 100352 | sr=100.00% | reward=2247.50 +/- 0.00 | pickups=2.00 deliveries=2.00 delivered_agents=2.00/2
Early promotion from s5_tiny_pipe_line_fixed: 100.00% >= 80.00%
Restored best for s5_tiny_pipe_line_fixed: sr=100.00% | reward=2247.50
Set actor_log_std=-0.35 for stage exploration

=== Stage 6/25: s6_small_pipe_line_fixed (fixed positions) ===
Stage: agents=2 obs=(36,) grid=(18, 18) starts=[(2, 3), (2, 4)] package=(2, 6) deliveries=[(2, 8), (2, 9)] lanes=104 rand_pkg=False rand_del=False dt=0.05 substeps=8 max_tilt=0.36
Step  710656 | stage_step=   2048 | Episodes: 48996
Step  720896 | stage_step=  12288 | Episodes: 49603
Step  731136 | stage_step=  22528 | Episodes: 50159
Eval @ 735232 | stage_step=  26624 | sr=100.00% | reward=2247.00 +/- 0.00 | pickups=2.00 deliveries=2.00 delivered_agents=2.00/2
Step  741376 | stage_step=  32768 | Episodes: 50685
[MultiQuadEnv] Steps 1-20000 | pickups=1998 | deliveries=778 | total_pickups=1998 | total_deliveries=778
Step  751616 | stage_step=  43008 | Episodes: 51220
Eval @ 759808 | stage_step=  51200 | sr=100.00% | reward=2247.00 +/- 0.00 | pickups=2.00 deliveries=2.00 delivered_agents=2.00/2
Step  761856 | stage_step=  53248 | Episodes: 51767
Step  770048 | stage_step=  61440 | Episodes: 52170
Step  780288 | stage_step=  71680 | Episodes: 52608
Eval @ 784384 | stage_step=  75776 | sr=100.00% | reward=2297.40 +/- 0.00 | pickups=2.00 deliveries=2.00 delivered_agents=2.00/2
[MultiQuadEnv] Steps 20001-40000 | pickups=2342 | deliveries=1269 | total_pickups=4340 | total_deliveries=2047
Step  790528 | stage_step=  81920 | Episodes: 53075
Step  800768 | stage_step=  92160 | Episodes: 53513
Eval @ 808960 | stage_step= 100352 | sr=0.00% | reward=725.80 +/- 0.00 | pickups=2.00 deliveries=1.00 delivered_agents=1.00/2
Step  811008 | stage_step= 102400 | Episodes: 53946
Step  821248 | stage_step= 112640 | Episodes: 54364
[MultiQuadEnv] Steps 40001-60000 | pickups=2362 | deliveries=1571 | total_pickups=6702 | total_deliveries=3618
Step  831488 | stage_step= 122880 | Episodes: 54749
Eval @ 835584 | stage_step= 126976 | sr=100.00% | reward=2247.20 +/- 0.00 | pickups=2.00 deliveries=2.00 delivered_agents=2.00/2
Early promotion from s6_small_pipe_line_fixed: 100.00% >= 80.00%
Restored best for s6_small_pipe_line_fixed: sr=100.00% | reward=2297.40
Set actor_log_std=-0.35 for stage exploration

=== Stage 7/25: s7_small_pipe_vertical_fixed (fixed positions) ===
Stage: agents=2 obs=(36,) grid=(18, 18) starts=[(2, 8), (3, 8)] package=(4, 8) deliveries=[(5, 8), (6, 8)] lanes=104 rand_pkg=False rand_del=False dt=0.05 substeps=8 max_tilt=0.36
Step  841728 | stage_step=   6144 | Episodes: 55217
Step  851968 | stage_step=  16384 | Episodes: 55763
Step  860160 | stage_step=  24576 | Episodes: 56431
Eval @ 862208 | stage_step=  26624 | sr=0.00% | reward=-27.60 +/- 0.00 | pickups=0.00 deliveries=0.00 delivered_agents=0.00/2
Step  870400 | stage_step=  34816 | Episodes: 57309
[MultiQuadEnv] Steps 1-20000 | pickups=281 | deliveries=14 | total_pickups=281 | total_deliveries=14
Step  880640 | stage_step=  45056 | Episodes: 57985
Eval @ 886784 | stage_step=  51200 | sr=0.00% | reward=-22.00 +/- 0.00 | pickups=0.00 deliveries=0.00 delivered_agents=0.00/2
Step  890880 | stage_step=  55296 | Episodes: 58629
Step  901120 | stage_step=  65536 | Episodes: 59242
Step  911360 | stage_step=  75776 | Episodes: 59874
Eval @ 911360 | stage_step=  75776 | sr=0.00% | reward=-22.00 +/- 0.00 | pickups=0.00 deliveries=0.00 delivered_agents=0.00/2
[MultiQuadEnv] Steps 20001-40000 | pickups=1025 | deliveries=104 | total_pickups=1306 | total_deliveries=118
Step  921600 | stage_step=  86016 | Episodes: 60475
Step  931840 | stage_step=  96256 | Episodes: 61088
Eval @ 935936 | stage_step= 100352 | sr=0.00% | reward=-22.00 +/- 0.00 | pickups=0.00 deliveries=0.00 delivered_agents=0.00/2
Step  940032 | stage_step= 104448 | Episodes: 61584
Step  950272 | stage_step= 114688 | Episodes: 62205
[MultiQuadEnv] Steps 40001-60000 | pickups=1529 | deliveries=461 | total_pickups=2835 | total_deliveries=579
Step  960512 | stage_step= 124928 | Episodes: 62837
Eval @ 962560 | stage_step= 126976 | sr=0.00% | reward=750.20 +/- 0.00 | pickups=2.00 deliveries=1.00 delivered_agents=1.00/2
Step  970752 | stage_step= 135168 | Episodes: 63468
Step  980992 | stage_step= 145408 | Episodes: 64155
Eval @ 987136 | stage_step= 151552 | sr=0.00% | reward=578.00 +/- 0.00 | pickups=1.00 deliveries=1.00 delivered_agents=1.00/2
Step  991232 | stage_step= 155648 | Episodes: 64859
[MultiQuadEnv] Steps 60001-80000 | pickups=2166 | deliveries=985 | total_pickups=5001 | total_deliveries=1564
Step 1001472 | stage_step= 165888 | Episodes: 65558
Step 1011712 | stage_step= 176128 | Episodes: 66248
Eval @1011712 | stage_step= 176128 | sr=0.00% | reward=578.20 +/- 0.00 | pickups=1.00 deliveries=1.00 delivered_agents=1.00/2
Step 1021952 | stage_step= 186368 | Episodes: 66997
Step 1030144 | stage_step= 194560 | Episodes: 67547
[MultiQuadEnv] Steps 80001-100000 | pickups=2538 | deliveries=1276 | total_pickups=7539 | total_deliveries=2840
Eval @1036288 | stage_step= 200704 | sr=100.00% | reward=2248.20 +/- 0.00 | pickups=2.00 deliveries=2.00 delivered_agents=2.00/2
Early promotion from s7_small_pipe_vertical_fixed: 100.00% >= 80.00%
Restored best for s7_small_pipe_vertical_fixed: sr=100.00% | reward=2248.20
Set actor_log_std=-0.35 for stage exploration

=== Stage 8/25: s8_small_pipe_turn_fixed (fixed positions) ===
Stage: agents=2 obs=(36,) grid=(18, 18) starts=[(2, 6), (2, 7)] package=(2, 8) deliveries=[(4, 8), (5, 8)] lanes=104 rand_pkg=False rand_del=False dt=0.05 substeps=8 max_tilt=0.36
Step 1040384 | stage_step=   4096 | Episodes: 68304
Step 1050624 | stage_step=  14336 | Episodes: 69238
Step 1060864 | stage_step=  24576 | Episodes: 70047
Eval @1062912 | stage_step=  26624 | sr=0.00% | reward=-21.60 +/- 0.00 | pickups=0.00 deliveries=0.00 delivered_agents=0.00/2
Step 1071104 | stage_step=  34816 | Episodes: 70871
[MultiQuadEnv] Steps 1-20000 | pickups=935 | deliveries=65 | total_pickups=935 | total_deliveries=65
Step 1081344 | stage_step=  45056 | Episodes: 71598
Eval @1087488 | stage_step=  51200 | sr=0.00% | reward=-22.80 +/- 0.00 | pickups=0.00 deliveries=0.00 delivered_agents=0.00/2
Step 1091584 | stage_step=  55296 | Episodes: 72149
Step 1101824 | stage_step=  65536 | Episodes: 72715
Step 1110016 | stage_step=  73728 | Episodes: 73110
Eval @1112064 | stage_step=  75776 | sr=0.00% | reward=127.60 +/- 0.00 | pickups=1.00 deliveries=0.00 delivered_agents=0.00/2
[MultiQuadEnv] Steps 20001-40000 | pickups=1358 | deliveries=218 | total_pickups=2293 | total_deliveries=283
Step 1120256 | stage_step=  83968 | Episodes: 73577
Step 1130496 | stage_step=  94208 | Episodes: 73922
Eval @1136640 | stage_step= 100352 | sr=0.00% | reward=225.20 +/- 0.00 | pickups=2.00 deliveries=0.00 delivered_agents=0.00/2
Step 1140736 | stage_step= 104448 | Episodes: 74286
Step 1150976 | stage_step= 114688 | Episodes: 74684
[MultiQuadEnv] Steps 40001-60000 | pickups=1640 | deliveries=435 | total_pickups=3933 | total_deliveries=718
Step 1161216 | stage_step= 124928 | Episodes: 75011
Eval @1163264 | stage_step= 126976 | sr=0.00% | reward=675.60 +/- 0.00 | pickups=2.00 deliveries=1.00 delivered_agents=1.00/2
Step 1171456 | stage_step= 135168 | Episodes: 75416
Step 1181696 | stage_step= 145408 | Episodes: 75670
Eval @1187840 | stage_step= 151552 | sr=100.00% | reward=2246.60 +/- 0.00 | pickups=2.00 deliveries=2.00 delivered_agents=2.00/2
Early promotion from s8_small_pipe_turn_fixed: 100.00% >= 75.00%
Restored best for s8_small_pipe_turn_fixed: sr=100.00% | reward=2246.60
Set actor_log_std=-0.35 for stage exploration

=== Stage 9/25: s9_small_pipe_fixed (fixed positions) ===
Stage: agents=2 obs=(36,) grid=(18, 18) starts=[(2, 3), (2, 4)] package=(4, 8) deliveries=[(8, 13), (9, 12)] lanes=104 rand_pkg=False rand_del=False dt=0.05 substeps=8 max_tilt=0.36
Step 1191936 | stage_step=   4096 | Episodes: 76063
Step 1200128 | stage_step=  12288 | Episodes: 76303
Step 1210368 | stage_step=  22528 | Episodes: 76612
Eval @1214464 | stage_step=  26624 | sr=0.00% | reward=-32.50 +/- 0.00 | pickups=0.00 deliveries=0.00 delivered_agents=0.00/2
Step 1220608 | stage_step=  32768 | Episodes: 76923
[MultiQuadEnv] Steps 1-20000 | pickups=111 | deliveries=3 | total_pickups=111 | total_deliveries=3
Step 1230848 | stage_step=  43008 | Episodes: 77318
Eval @1239040 | stage_step=  51200 | sr=0.00% | reward=34.25 +/- 0.00 | pickups=1.00 deliveries=0.00 delivered_agents=0.00/2
Step 1241088 | stage_step=  53248 | Episodes: 77702
Step 1251328 | stage_step=  63488 | Episodes: 78082
Step 1261568 | stage_step=  73728 | Episodes: 78441
Eval @1263616 | stage_step=  75776 | sr=100.00% | reward=2170.25 +/- 0.00 | pickups=2.00 deliveries=2.00 delivered_agents=2.00/2
[MultiQuadEnv] Steps 20001-40000 | pickups=343 | deliveries=0 | total_pickups=454 | total_deliveries=3
Step 1271808 | stage_step=  83968 | Episodes: 78759
Step 1280000 | stage_step=  92160 | Episodes: 79037
Eval @1288192 | stage_step= 100352 | sr=100.00% | reward=2211.35 +/- 0.00 | pickups=2.00 deliveries=2.00 delivered_agents=2.00/2
Early promotion from s9_small_pipe_fixed: 100.00% >= 75.00%
Restored best for s9_small_pipe_fixed: sr=100.00% | reward=2211.35

=== Stage 10/25: s10_pipe_4x4_fixed (fixed positions) ===
Stage: agents=2 obs=(36,) grid=(24, 24) starts=[(2, 3), (2, 4)] package=(14, 3) deliveries=[(18, 15), (19, 14)] lanes=205 rand_pkg=False rand_del=False dt=0.05 substeps=8 max_tilt=0.36
Step 1290240 | stage_step=   2048 | Episodes: 79528
Step 1300480 | stage_step=  12288 | Episodes: 80766
Step 1310720 | stage_step=  22528 | Episodes: 82022
Step 1320960 | stage_step=  32768 | Episodes: 83291
[MultiQuadEnv] Steps 1-20000 | pickups=0 | deliveries=0 | total_pickups=0 | total_deliveries=0
Eval @1329152 | stage_step=  40960 | sr=0.00% | reward=-21.35 +/- 0.00 | pickups=0.00 deliveries=0.00 delivered_agents=0.00/2
Step 1331200 | stage_step=  43008 | Episodes: 84612
Step 1341440 | stage_step=  53248 | Episodes: 85935
Step 1351680 | stage_step=  63488 | Episodes: 87320
Step 1361920 | stage_step=  73728 | Episodes: 88696
[MultiQuadEnv] Steps 20001-40000 | pickups=0 | deliveries=0 | total_pickups=0 | total_deliveries=0
Step 1370112 | stage_step=  81920 | Episodes: 89807
Eval @1370112 | stage_step=  81920 | sr=0.00% | reward=-21.35 +/- 0.00 | pickups=0.00 deliveries=0.00 delivered_agents=0.00/2
Step 1380352 | stage_step=  92160 | Episodes: 91206
Step 1390592 | stage_step= 102400 | Episodes: 92623
Step 1400832 | stage_step= 112640 | Episodes: 94044
[MultiQuadEnv] Steps 40001-60000 | pickups=0 | deliveries=0 | total_pickups=0 | total_deliveries=0
Eval @1409024 | stage_step= 120832 | sr=0.00% | reward=-21.35 +/- 0.00 | pickups=0.00 deliveries=0.00 delivered_agents=0.00/2
Step 1411072 | stage_step= 122880 | Episodes: 95472
Step 1421312 | stage_step= 133120 | Episodes: 96886
Step 1431552 | stage_step= 143360 | Episodes: 98331
Step 1441792 | stage_step= 153600 | Episodes: 99794
[MultiQuadEnv] Steps 60001-80000 | pickups=0 | deliveries=0 | total_pickups=0 | total_deliveries=0
Eval @1449984 | stage_step= 161792 | sr=0.00% | reward=-21.35 +/- 0.00 | pickups=0.00 deliveries=0.00 delivered_agents=0.00/2
Step 1452032 | stage_step= 163840 | Episodes: 101252
Step 1460224 | stage_step= 172032 | Episodes: 102425
Step 1470464 | stage_step= 182272 | Episodes: 103896
Step 1480704 | stage_step= 192512 | Episodes: 105381
[MultiQuadEnv] Steps 80001-100000 | pickups=0 | deliveries=0 | total_pickups=0 | total_deliveries=0
Eval @1488896 | stage_step= 200704 | sr=0.00% | reward=-21.35 +/- 0.00 | pickups=0.00 deliveries=0.00 delivered_agents=0.00/2
Step 1490944 | stage_step= 202752 | Episodes: 106864
Step 1501184 | stage_step= 212992 | Episodes: 108359
Step 1511424 | stage_step= 223232 | Episodes: 109868
Step 1521664 | stage_step= 233472 | Episodes: 111377
[MultiQuadEnv] Steps 100001-120000 | pickups=0 | deliveries=0 | total_pickups=0 | total_deliveries=0
Eval @1529856 | stage_step= 241664 | sr=0.00% | reward=-21.40 +/- 0.00 | pickups=0.00 deliveries=0.00 delivered_agents=0.00/2
Step 1531904 | stage_step= 243712 | Episodes: 112886
Step 1540096 | stage_step= 251904 | Episodes: 114106
Step 1550336 | stage_step= 262144 | Episodes: 115655
Step 1560576 | stage_step= 272384 | Episodes: 117186
[MultiQuadEnv] Steps 120001-140000 | pickups=0 | deliveries=0 | total_pickups=0 | total_deliveries=0
Eval @1568768 | stage_step= 280576 | sr=0.00% | reward=-21.35 +/- 0.00 | pickups=0.00 deliveries=0.00 delivered_agents=0.00/2
Step 1570816 | stage_step= 282624 | Episodes: 118727
Step 1581056 | stage_step= 292864 | Episodes: 120253
Step 1591296 | stage_step= 303104 | Episodes: 121807
Step 1601536 | stage_step= 313344 | Episodes: 123374
[MultiQuadEnv] Steps 140001-160000 | pickups=0 | deliveries=0 | total_pickups=0 | total_deliveries=0
Eval @1609728 | stage_step= 321536 | sr=0.00% | reward=-21.35 +/- 0.00 | pickups=0.00 deliveries=0.00 delivered_agents=0.00/2
Step 1611776 | stage_step= 323584 | Episodes: 124939
Step 1622016 | stage_step= 333824 | Episodes: 126514
Step 1630208 | stage_step= 342016 | Episodes: 127773
Step 1640448 | stage_step= 352256 | Episodes: 129351
[MultiQuadEnv] Steps 160001-180000 | pickups=0 | deliveries=0 | total_pickups=0 | total_deliveries=0
Eval @1648640 | stage_step= 360448 | sr=0.00% | reward=-21.35 +/- 0.00 | pickups=0.00 deliveries=0.00 delivered_agents=0.00/2
Step 1650688 | stage_step= 362496 | Episodes: 130919
Step 1660928 | stage_step= 372736 | Episodes: 132483
Step 1671168 | stage_step= 382976 | Episodes: 134073
Step 1681408 | stage_step= 393216 | Episodes: 135650
[MultiQuadEnv] Steps 180001-200000 | pickups=0 | deliveries=0 | total_pickups=0 | total_deliveries=0
Eval @1689600 | stage_step= 401408 | sr=0.00% | reward=-21.35 +/- 0.00 | pickups=0.00 deliveries=0.00 delivered_agents=0.00/2
Step 1691648 | stage_step= 403456 | Episodes: 137226
Step 1701888 | stage_step= 413696 | Episodes: 138812
Step 1710080 | stage_step= 421888 | Episodes: 140096
Step 1720320 | stage_step= 432128 | Episodes: 141695
[MultiQuadEnv] Steps 200001-220000 | pickups=0 | deliveries=0 | total_pickups=0 | total_deliveries=0
Eval @1728512 | stage_step= 440320 | sr=0.00% | reward=-21.35 +/- 0.00 | pickups=0.00 deliveries=0.00 delivered_agents=0.00/2
Step 1730560 | stage_step= 442368 | Episodes: 143298
Step 1740800 | stage_step= 452608 | Episodes: 144894
Step 1751040 | stage_step= 462848 | Episodes: 146480
Step 1761280 | stage_step= 473088 | Episodes: 148080
[MultiQuadEnv] Steps 220001-240000 | pickups=0 | deliveries=0 | total_pickups=0 | total_deliveries=0
Eval @1769472 | stage_step= 481280 | sr=0.00% | reward=-21.35 +/- 0.00 | pickups=0.00 deliveries=0.00 delivered_agents=0.00/2
Step 1771520 | stage_step= 483328 | Episodes: 149678
Step 1781760 | stage_step= 493568 | Episodes: 151288
Step 1792000 | stage_step= 503808 | Episodes: 152896
Step 1800192 | stage_step= 512000 | Episodes: 154196
[MultiQuadEnv] Steps 240001-260000 | pickups=0 | deliveries=0 | total_pickups=0 | total_deliveries=0
Eval @1808384 | stage_step= 520192 | sr=0.00% | reward=-21.35 +/- 0.00 | pickups=0.00 deliveries=0.00 delivered_agents=0.00/2
Step 1810432 | stage_step= 522240 | Episodes: 155815
Step 1820672 | stage_step= 532480 | Episodes: 157431
Step 1830912 | stage_step= 542720 | Episodes: 159058
Step 1841152 | stage_step= 552960 | Episodes: 160679
[MultiQuadEnv] Steps 260001-280000 | pickups=0 | deliveries=0 | total_pickups=0 | total_deliveries=0
Eval @1849344 | stage_step= 561152 | sr=0.00% | reward=-21.35 +/- 0.00 | pickups=0.00 deliveries=0.00 delivered_agents=0.00/2
Step 1851392 | stage_step= 563200 | Episodes: 162317
Step 1861632 | stage_step= 573440 | Episodes: 163959
Step 1871872 | stage_step= 583680 | Episodes: 165599
Step 1880064 | stage_step= 591872 | Episodes: 166916
[MultiQuadEnv] Steps 280001-300000 | pickups=0 | deliveries=0 | total_pickups=0 | total_deliveries=0
Eval @1888256 | stage_step= 600064 | sr=0.00% | reward=-21.35 +/- 0.00 | pickups=0.00 deliveries=0.00 delivered_agents=0.00/2
Step 1890304 | stage_step= 602112 | Episodes: 168555
Step 1900544 | stage_step= 612352 | Episodes: 170209
Step 1910784 | stage_step= 622592 | Episodes: 171861
Step 1921024 | stage_step= 632832 | Episodes: 173513
[MultiQuadEnv] Steps 300001-320000 | pickups=0 | deliveries=0 | total_pickups=0 | total_deliveries=0
Eval @1929216 | stage_step= 641024 | sr=0.00% | reward=-21.35 +/- 0.00 | pickups=0.00 deliveries=0.00 delivered_agents=0.00/2
Step 1931264 | stage_step= 643072 | Episodes: 175171
Step 1941504 | stage_step= 653312 | Episodes: 176831
Step 1951744 | stage_step= 663552 | Episodes: 178497
Step 1961984 | stage_step= 673792 | Episodes: 180165
[MultiQuadEnv] Steps 320001-340000 | pickups=0 | deliveries=0 | total_pickups=0 | total_deliveries=0
Step 1970176 | stage_step= 681984 | Episodes: 181499
Eval @1970176 | stage_step= 681984 | sr=0.00% | reward=-21.35 +/- 0.00 | pickups=0.00 deliveries=0.00 delivered_agents=0.00/2
Step 1980416 | stage_step= 692224 | Episodes: 183170
Step 1990656 | stage_step= 702464 | Episodes: 184846
Step 2000896 | stage_step= 712704 | Episodes: 186524
[MultiQuadEnv] Steps 340001-360000 | pickups=0 | deliveries=0 | total_pickups=0 | total_deliveries=0
Eval @2009088 | stage_step= 720896 | sr=0.00% | reward=-21.35 +/- 0.00 | pickups=0.00 deliveries=0.00 delivered_agents=0.00/2
Step 2011136 | stage_step= 722944 | Episodes: 188205
Step 2021376 | stage_step= 733184 | Episodes: 189883
Step 2031616 | stage_step= 743424 | Episodes: 191565
Step 2041856 | stage_step= 753664 | Episodes: 193255
[MultiQuadEnv] Steps 360001-380000 | pickups=0 | deliveries=0 | total_pickups=0 | total_deliveries=0
Step 2050048 | stage_step= 761856 | Episodes: 194602
Eval @2050048 | stage_step= 761856 | sr=0.00% | reward=-21.35 +/- 0.00 | pickups=0.00 deliveries=0.00 delivered_agents=0.00/2
Step 2060288 | stage_step= 772096 | Episodes: 196290
Step 2070528 | stage_step= 782336 | Episodes: 197983
Step 2080768 | stage_step= 792576 | Episodes: 199679
[MultiQuadEnv] Steps 380001-400000 | pickups=0 | deliveries=0 | total_pickups=0 | total_deliveries=0
Eval @2088960 | stage_step= 800768 | sr=0.00% | reward=-21.35 +/- 0.00 | pickups=0.00 deliveries=0.00 delivered_agents=0.00/2
Step 2091008 | stage_step= 802816 | Episodes: 201374
Step 2101248 | stage_step= 813056 | Episodes: 203070
Step 2111488 | stage_step= 823296 | Episodes: 204764
Step 2121728 | stage_step= 833536 | Episodes: 206464
[MultiQuadEnv] Steps 400001-420000 | pickups=0 | deliveries=0 | total_pickups=0 | total_deliveries=0
Eval @2129920 | stage_step= 841728 | sr=0.00% | reward=-21.35 +/- 0.00 | pickups=0.00 deliveries=0.00 delivered_agents=0.00/2
Step 2131968 | stage_step= 843776 | Episodes: 208161
Step 2140160 | stage_step= 851968 | Episodes: 209520
Eval @2140160 | stage_step= 851968 | sr=0.00% | reward=-21.35 +/- 0.00 | pickups=0.00 deliveries=0.00 delivered_agents=0.00/2
Full budget used for s10_pipe_4x4_fixed. Best stage success=0.00%.
No successful checkpoint found for s10_pipe_4x4_fixed; restored pre-stage model.
Final eval | success_rate=100.00% | mean_reward=2211.35 +/- 0.00 | pickups=2.00 deliveries=2.00 | delivered_agents=2.00/2 

### SWEEP 5/20: quad_physics_mappo_fixed_v12_sweep_explore_seed7 ###

Using device: cpu
Initial Quad MAPPO: agents=2 obs=(36,) grid=(6, 5) starts=[(4, 2), (3, 2)] package=(2, 2) deliveries=[(1, 1), (1, 3)] lanes=6 rand_pkg=False rand_del=False dt=0.05 substeps=8 max_tilt=0.36

=== Stage 1/25: s1_short_t_fixed (fixed positions) ===
Stage: agents=2 obs=(36,) grid=(6, 5) starts=[(4, 2), (3, 2)] package=(2, 2) deliveries=[(1, 1), (1, 3)] lanes=6 rand_pkg=False rand_del=False dt=0.05 substeps=8 max_tilt=0.36
Step   10240 | stage_step=  10240 | Episodes:  1154
Step   20480 | stage_step=  20480 | Episodes:  2417
Eval @  20480 | stage_step=  20480 | sr=0.00% | reward=127.60 +/- 0.00 | pickups=1.00 deliveries=0.00 delivered_agents=0.00/2
Step   30720 | stage_step=  30720 | Episodes:  3584
[MultiQuadEnv] Steps 1-20000 | pickups=2769 | deliveries=428 | total_pickups=2769 | total_deliveries=428
Step   40960 | stage_step=  40960 | Episodes:  4662
Eval @  40960 | stage_step=  40960 | sr=0.00% | reward=726.80 +/- 0.00 | pickups=2.00 deliveries=1.00 delivered_agents=1.00/2
Step   51200 | stage_step=  51200 | Episodes:  5656
Step   61440 | stage_step=  61440 | Episodes:  6540
Eval @  61440 | stage_step=  61440 | sr=0.00% | reward=727.40 +/- 0.00 | pickups=2.00 deliveries=1.00 delivered_agents=1.00/2
Step   71680 | stage_step=  71680 | Episodes:  7325
[MultiQuadEnv] Steps 20001-40000 | pickups=4380 | deliveries=1564 | total_pickups=7149 | total_deliveries=1992
Step   81920 | stage_step=  81920 | Episodes:  8066
Eval @  81920 | stage_step=  81920 | sr=100.00% | reward=2297.00 +/- 0.00 | pickups=2.00 deliveries=2.00 delivered_agents=2.00/2
Early promotion from s1_short_t_fixed: 100.00% >= 90.00%
Restored best for s1_short_t_fixed: sr=100.00% | reward=2297.00

=== Stage 2/25: s2_wider_t_stem_fixed (fixed positions) ===
Stage: agents=2 obs=(36,) grid=(8, 9) starts=[(6, 4), (5, 4)] package=(3, 4) deliveries=[(2, 4), (1, 4)] lanes=12 rand_pkg=False rand_del=False dt=0.05 substeps=8 max_tilt=0.36
Step   90112 | stage_step=   8192 | Episodes:  8811
Step  100352 | stage_step=  18432 | Episodes:  9675
Eval @ 108544 | stage_step=  26624 | sr=100.00% | reward=2247.60 +/- 0.00 | pickups=2.00 deliveries=2.00 delivered_agents=2.00/2
Step  110592 | stage_step=  28672 | Episodes: 10541
Step  120832 | stage_step=  38912 | Episodes: 11374
[MultiQuadEnv] Steps 1-20000 | pickups=4232 | deliveries=2471 | total_pickups=4232 | total_deliveries=2471
Step  131072 | stage_step=  49152 | Episodes: 12155
Eval @ 133120 | stage_step=  51200 | sr=100.00% | reward=2247.60 +/- 0.00 | pickups=2.00 deliveries=2.00 delivered_agents=2.00/2
Step  141312 | stage_step=  59392 | Episodes: 12938
Step  151552 | stage_step=  69632 | Episodes: 13723
Eval @ 157696 | stage_step=  75776 | sr=100.00% | reward=2247.80 +/- 0.00 | pickups=2.00 deliveries=2.00 delivered_agents=2.00/2
Step  161792 | stage_step=  79872 | Episodes: 14487
[MultiQuadEnv] Steps 20001-40000 | pickups=4870 | deliveries=4017 | total_pickups=9102 | total_deliveries=6488
Step  172032 | stage_step=  90112 | Episodes: 15239
Step  180224 | stage_step=  98304 | Episodes: 15856
Eval @ 182272 | stage_step= 100352 | sr=100.00% | reward=2247.80 +/- 0.00 | pickups=2.00 deliveries=2.00 delivered_agents=2.00/2
Early promotion from s2_wider_t_stem_fixed: 100.00% >= 85.00%
Restored best for s2_wider_t_stem_fixed: sr=100.00% | reward=2247.80

=== Stage 3/25: s3_wider_t_near_branch_fixed (fixed positions) ===
Stage: agents=2 obs=(36,) grid=(8, 9) starts=[(6, 4), (5, 4)] package=(2, 4) deliveries=[(1, 3), (1, 5)] lanes=12 rand_pkg=False rand_del=False dt=0.05 substeps=8 max_tilt=0.36
Step  190464 | stage_step=   8192 | Episodes: 16354
Step  200704 | stage_step=  18432 | Episodes: 16834
Eval @ 208896 | stage_step=  26624 | sr=0.00% | reward=277.60 +/- 0.00 | pickups=2.00 deliveries=0.00 delivered_agents=0.00/2
Step  210944 | stage_step=  28672 | Episodes: 17270
Step  221184 | stage_step=  38912 | Episodes: 17752
[MultiQuadEnv] Steps 1-20000 | pickups=2505 | deliveries=191 | total_pickups=2505 | total_deliveries=191
Step  231424 | stage_step=  49152 | Episodes: 18257
Eval @ 233472 | stage_step=  51200 | sr=0.00% | reward=442.80 +/- 0.00 | pickups=2.00 deliveries=1.00 delivered_agents=1.00/2
Step  241664 | stage_step=  59392 | Episodes: 18673
Step  251904 | stage_step=  69632 | Episodes: 19065
Eval @ 258048 | stage_step=  75776 | sr=0.00% | reward=442.80 +/- 0.00 | pickups=2.00 deliveries=1.00 delivered_agents=1.00/2
Step  260096 | stage_step=  77824 | Episodes: 19387
[MultiQuadEnv] Steps 20001-40000 | pickups=2414 | deliveries=627 | total_pickups=4919 | total_deliveries=818
Step  270336 | stage_step=  88064 | Episodes: 19790
Step  280576 | stage_step=  98304 | Episodes: 20145
Eval @ 282624 | stage_step= 100352 | sr=0.00% | reward=776.00 +/- 0.00 | pickups=2.00 deliveries=1.00 delivered_agents=1.00/2
Step  290816 | stage_step= 108544 | Episodes: 20573
Step  301056 | stage_step= 118784 | Episodes: 20954
[MultiQuadEnv] Steps 40001-60000 | pickups=2368 | deliveries=1045 | total_pickups=7287 | total_deliveries=1863
Eval @ 309248 | stage_step= 126976 | sr=100.00% | reward=2296.40 +/- 0.00 | pickups=2.00 deliveries=2.00 delivered_agents=2.00/2
Early promotion from s3_wider_t_near_branch_fixed: 100.00% >= 75.00%
Restored best for s3_wider_t_near_branch_fixed: sr=100.00% | reward=2296.40

=== Stage 4/25: s4_wider_t_branch_fixed (fixed positions) ===
Stage: agents=2 obs=(36,) grid=(8, 9) starts=[(6, 4), (5, 4)] package=(3, 4) deliveries=[(1, 1), (1, 7)] lanes=12 rand_pkg=False rand_del=False dt=0.05 substeps=8 max_tilt=0.36
Step  311296 | stage_step=   2048 | Episodes: 21396
Step  321536 | stage_step=  12288 | Episodes: 22197
Step  331776 | stage_step=  22528 | Episodes: 22986
Eval @ 335872 | stage_step=  26624 | sr=0.00% | reward=277.30 +/- 0.00 | pickups=2.00 deliveries=0.00 delivered_agents=0.00/2
Step  342016 | stage_step=  32768 | Episodes: 23748
[MultiQuadEnv] Steps 1-20000 | pickups=4821 | deliveries=11 | total_pickups=4821 | total_deliveries=11
Step  350208 | stage_step=  40960 | Episodes: 24347
Step  360448 | stage_step=  51200 | Episodes: 25062
Eval @ 360448 | stage_step=  51200 | sr=0.00% | reward=276.45 +/- 0.00 | pickups=2.00 deliveries=0.00 delivered_agents=0.00/2
Step  370688 | stage_step=  61440 | Episodes: 25756
Step  380928 | stage_step=  71680 | Episodes: 26419
Eval @ 385024 | stage_step=  75776 | sr=0.00% | reward=276.45 +/- 0.00 | pickups=2.00 deliveries=0.00 delivered_agents=0.00/2
[MultiQuadEnv] Steps 20001-40000 | pickups=4689 | deliveries=221 | total_pickups=9510 | total_deliveries=232
Step  391168 | stage_step=  81920 | Episodes: 27011
Step  401408 | stage_step=  92160 | Episodes: 27590
Eval @ 409600 | stage_step= 100352 | sr=100.00% | reward=2295.10 +/- 0.00 | pickups=2.00 deliveries=2.00 delivered_agents=2.00/2
Early promotion from s4_wider_t_branch_fixed: 100.00% >= 80.00%
Restored best for s4_wider_t_branch_fixed: sr=100.00% | reward=2295.10
Set actor_log_std=-0.35 for stage exploration

=== Stage 5/25: s5_tiny_pipe_line_fixed (fixed positions) ===
Stage: agents=2 obs=(36,) grid=(12, 12) starts=[(2, 3), (2, 4)] package=(2, 5) deliveries=[(2, 6), (2, 7)] lanes=47 rand_pkg=False rand_del=False dt=0.05 substeps=8 max_tilt=0.36
Step  411648 | stage_step=   2048 | Episodes: 28224
Step  421888 | stage_step=  12288 | Episodes: 29110
Step  430080 | stage_step=  20480 | Episodes: 29760
Eval @ 436224 | stage_step=  26624 | sr=0.00% | reward=226.20 +/- 0.00 | pickups=2.00 deliveries=0.00 delivered_agents=0.00/2
Step  440320 | stage_step=  30720 | Episodes: 30507
[MultiQuadEnv] Steps 1-20000 | pickups=2493 | deliveries=740 | total_pickups=2493 | total_deliveries=740
Step  450560 | stage_step=  40960 | Episodes: 31264
Step  460800 | stage_step=  51200 | Episodes: 32002
Eval @ 460800 | stage_step=  51200 | sr=100.00% | reward=2247.85 +/- 0.00 | pickups=2.00 deliveries=2.00 delivered_agents=2.00/2
Step  471040 | stage_step=  61440 | Episodes: 32746
Step  481280 | stage_step=  71680 | Episodes: 33494
Eval @ 485376 | stage_step=  75776 | sr=100.00% | reward=2247.80 +/- 0.00 | pickups=2.00 deliveries=2.00 delivered_agents=2.00/2
[MultiQuadEnv] Steps 20001-40000 | pickups=3535 | deliveries=1797 | total_pickups=6028 | total_deliveries=2537
Step  491520 | stage_step=  81920 | Episodes: 34249
Step  501760 | stage_step=  92160 | Episodes: 34980
Eval @ 509952 | stage_step= 100352 | sr=100.00% | reward=2248.05 +/- 0.00 | pickups=2.00 deliveries=2.00 delivered_agents=2.00/2
Early promotion from s5_tiny_pipe_line_fixed: 100.00% >= 80.00%
Restored best for s5_tiny_pipe_line_fixed: sr=100.00% | reward=2248.05
Set actor_log_std=-0.35 for stage exploration

=== Stage 6/25: s6_small_pipe_line_fixed (fixed positions) ===
Stage: agents=2 obs=(36,) grid=(18, 18) starts=[(2, 3), (2, 4)] package=(2, 6) deliveries=[(2, 8), (2, 9)] lanes=104 rand_pkg=False rand_del=False dt=0.05 substeps=8 max_tilt=0.36
Step  512000 | stage_step=   2048 | Episodes: 35794
Step  520192 | stage_step=  10240 | Episodes: 36327
Step  530432 | stage_step=  20480 | Episodes: 36851
Eval @ 536576 | stage_step=  26624 | sr=100.00% | reward=2297.60 +/- 0.00 | pickups=2.00 deliveries=2.00 delivered_agents=2.00/2
Step  540672 | stage_step=  30720 | Episodes: 37426
[MultiQuadEnv] Steps 1-20000 | pickups=2231 | deliveries=832 | total_pickups=2231 | total_deliveries=832
Step  550912 | stage_step=  40960 | Episodes: 38029
Step  561152 | stage_step=  51200 | Episodes: 38581
Eval @ 561152 | stage_step=  51200 | sr=100.00% | reward=2297.60 +/- 0.00 | pickups=2.00 deliveries=2.00 delivered_agents=2.00/2
Step  571392 | stage_step=  61440 | Episodes: 39143
Step  581632 | stage_step=  71680 | Episodes: 39722
Eval @ 585728 | stage_step=  75776 | sr=0.00% | reward=726.00 +/- 0.00 | pickups=2.00 deliveries=1.00 delivered_agents=1.00/2
[MultiQuadEnv] Steps 20001-40000 | pickups=2403 | deliveries=1103 | total_pickups=4634 | total_deliveries=1935
Step  591872 | stage_step=  81920 | Episodes: 40261
Step  600064 | stage_step=  90112 | Episodes: 40695
Step  610304 | stage_step= 100352 | Episodes: 41261
Eval @ 610304 | stage_step= 100352 | sr=0.00% | reward=726.20 +/- 0.00 | pickups=2.00 deliveries=1.00 delivered_agents=1.00/2
Step  620544 | stage_step= 110592 | Episodes: 41723
[MultiQuadEnv] Steps 40001-60000 | pickups=2621 | deliveries=1539 | total_pickups=7255 | total_deliveries=3474
Step  630784 | stage_step= 120832 | Episodes: 42256
Eval @ 636928 | stage_step= 126976 | sr=100.00% | reward=2247.40 +/- 0.00 | pickups=2.00 deliveries=2.00 delivered_agents=2.00/2
Early promotion from s6_small_pipe_line_fixed: 100.00% >= 80.00%
Restored best for s6_small_pipe_line_fixed: sr=100.00% | reward=2297.60
Set actor_log_std=-0.35 for stage exploration

=== Stage 7/25: s7_small_pipe_vertical_fixed (fixed positions) ===
Stage: agents=2 obs=(36,) grid=(18, 18) starts=[(2, 8), (3, 8)] package=(4, 8) deliveries=[(5, 8), (6, 8)] lanes=104 rand_pkg=False rand_del=False dt=0.05 substeps=8 max_tilt=0.36
Step  641024 | stage_step=   4096 | Episodes: 43057
Step  651264 | stage_step=  14336 | Episodes: 44308
Step  661504 | stage_step=  24576 | Episodes: 45391
Eval @ 663552 | stage_step=  26624 | sr=0.00% | reward=-32.00 +/- 0.00 | pickups=0.00 deliveries=0.00 delivered_agents=0.00/2
Step  671744 | stage_step=  34816 | Episodes: 46031
[MultiQuadEnv] Steps 1-20000 | pickups=740 | deliveries=131 | total_pickups=740 | total_deliveries=131
Step  681984 | stage_step=  45056 | Episodes: 46585
Eval @ 688128 | stage_step=  51200 | sr=100.00% | reward=2244.80 +/- 0.00 | pickups=2.00 deliveries=2.00 delivered_agents=2.00/2
Step  690176 | stage_step=  53248 | Episodes: 47000
Step  700416 | stage_step=  63488 | Episodes: 47510
Step  710656 | stage_step=  73728 | Episodes: 47996
Eval @ 712704 | stage_step=  75776 | sr=100.00% | reward=2246.60 +/- 0.00 | pickups=2.00 deliveries=2.00 delivered_agents=2.00/2
[MultiQuadEnv] Steps 20001-40000 | pickups=1495 | deliveries=608 | total_pickups=2235 | total_deliveries=739
Step  720896 | stage_step=  83968 | Episodes: 48490
Step  731136 | stage_step=  94208 | Episodes: 49047
Eval @ 737280 | stage_step= 100352 | sr=100.00% | reward=2246.80 +/- 0.00 | pickups=2.00 deliveries=2.00 delivered_agents=2.00/2
Early promotion from s7_small_pipe_vertical_fixed: 100.00% >= 80.00%
Restored best for s7_small_pipe_vertical_fixed: sr=100.00% | reward=2246.80
Set actor_log_std=-0.35 for stage exploration

=== Stage 8/25: s8_small_pipe_turn_fixed (fixed positions) ===
Stage: agents=2 obs=(36,) grid=(18, 18) starts=[(2, 6), (2, 7)] package=(2, 8) deliveries=[(4, 8), (5, 8)] lanes=104 rand_pkg=False rand_del=False dt=0.05 substeps=8 max_tilt=0.36
Step  741376 | stage_step=   4096 | Episodes: 49672
Step  751616 | stage_step=  14336 | Episodes: 50388
Step  761856 | stage_step=  24576 | Episodes: 51001
Eval @ 763904 | stage_step=  26624 | sr=0.00% | reward=128.00 +/- 0.00 | pickups=1.00 deliveries=0.00 delivered_agents=0.00/2
Step  770048 | stage_step=  32768 | Episodes: 51501
[MultiQuadEnv] Steps 1-20000 | pickups=1552 | deliveries=151 | total_pickups=1552 | total_deliveries=151
Step  780288 | stage_step=  43008 | Episodes: 52035
Eval @ 788480 | stage_step=  51200 | sr=0.00% | reward=556.40 +/- 0.00 | pickups=1.00 deliveries=1.00 delivered_agents=1.00/2
Step  790528 | stage_step=  53248 | Episodes: 52502
Step  800768 | stage_step=  63488 | Episodes: 52926
Step  811008 | stage_step=  73728 | Episodes: 53264
Eval @ 813056 | stage_step=  75776 | sr=0.00% | reward=556.40 +/- 0.00 | pickups=1.00 deliveries=1.00 delivered_agents=1.00/2
[MultiQuadEnv] Steps 20001-40000 | pickups=1361 | deliveries=298 | total_pickups=2913 | total_deliveries=449
Step  821248 | stage_step=  83968 | Episodes: 53678
Step  831488 | stage_step=  94208 | Episodes: 54125
Eval @ 837632 | stage_step= 100352 | sr=0.00% | reward=572.80 +/- 0.00 | pickups=1.00 deliveries=1.00 delivered_agents=1.00/2
Step  841728 | stage_step= 104448 | Episodes: 54525
Step  851968 | stage_step= 114688 | Episodes: 54933
[MultiQuadEnv] Steps 40001-60000 | pickups=1746 | deliveries=481 | total_pickups=4659 | total_deliveries=930
Step  860160 | stage_step= 122880 | Episodes: 55296
Eval @ 864256 | stage_step= 126976 | sr=0.00% | reward=726.00 +/- 0.00 | pickups=2.00 deliveries=1.00 delivered_agents=1.00/2
Step  870400 | stage_step= 133120 | Episodes: 55676
Step  880640 | stage_step= 143360 | Episodes: 56066
Eval @ 888832 | stage_step= 151552 | sr=100.00% | reward=2246.20 +/- 0.00 | pickups=2.00 deliveries=2.00 delivered_agents=2.00/2
Early promotion from s8_small_pipe_turn_fixed: 100.00% >= 75.00%
Restored best for s8_small_pipe_turn_fixed: sr=100.00% | reward=2246.20
Set actor_log_std=-0.35 for stage exploration

=== Stage 9/25: s9_small_pipe_fixed (fixed positions) ===
Stage: agents=2 obs=(36,) grid=(18, 18) starts=[(2, 3), (2, 4)] package=(4, 8) deliveries=[(8, 13), (9, 12)] lanes=104 rand_pkg=False rand_del=False dt=0.05 substeps=8 max_tilt=0.36
Step  890880 | stage_step=   2048 | Episodes: 56483
Step  901120 | stage_step=  12288 | Episodes: 57002
Step  911360 | stage_step=  22528 | Episodes: 57559
Eval @ 915456 | stage_step=  26624 | sr=0.00% | reward=-22.55 +/- 0.00 | pickups=0.00 deliveries=0.00 delivered_agents=0.00/2
Step  921600 | stage_step=  32768 | Episodes: 58212
[MultiQuadEnv] Steps 1-20000 | pickups=370 | deliveries=0 | total_pickups=370 | total_deliveries=0
Step  931840 | stage_step=  43008 | Episodes: 58867
Step  940032 | stage_step=  51200 | Episodes: 59322
Eval @ 940032 | stage_step=  51200 | sr=0.00% | reward=228.85 +/- 0.00 | pickups=2.00 deliveries=0.00 delivered_agents=0.00/2
Step  950272 | stage_step=  61440 | Episodes: 59997
Step  960512 | stage_step=  71680 | Episodes: 60531
Eval @ 964608 | stage_step=  75776 | sr=0.00% | reward=272.20 +/- 0.00 | pickups=2.00 deliveries=0.00 delivered_agents=0.00/2
[MultiQuadEnv] Steps 20001-40000 | pickups=748 | deliveries=0 | total_pickups=1118 | total_deliveries=0
Step  970752 | stage_step=  81920 | Episodes: 61095
Step  980992 | stage_step=  92160 | Episodes: 61584
Eval @ 989184 | stage_step= 100352 | sr=0.00% | reward=116.80 +/- 0.00 | pickups=1.00 deliveries=0.00 delivered_agents=0.00/2
Step  991232 | stage_step= 102400 | Episodes: 62014
Step 1001472 | stage_step= 112640 | Episodes: 62425
[MultiQuadEnv] Steps 40001-60000 | pickups=1157 | deliveries=0 | total_pickups=2275 | total_deliveries=0
Step 1011712 | stage_step= 122880 | Episodes: 62836
Eval @1015808 | stage_step= 126976 | sr=0.00% | reward=272.25 +/- 0.00 | pickups=2.00 deliveries=0.00 delivered_agents=0.00/2
Step 1021952 | stage_step= 133120 | Episodes: 63231
Step 1030144 | stage_step= 141312 | Episodes: 63546
Step 1040384 | stage_step= 151552 | Episodes: 63905
Eval @1040384 | stage_step= 151552 | sr=0.00% | reward=271.30 +/- 0.00 | pickups=2.00 deliveries=0.00 delivered_agents=0.00/2
[MultiQuadEnv] Steps 60001-80000 | pickups=1576 | deliveries=0 | total_pickups=3851 | total_deliveries=0
Step 1050624 | stage_step= 161792 | Episodes: 64240
Step 1060864 | stage_step= 172032 | Episodes: 64572
Eval @1064960 | stage_step= 176128 | sr=0.00% | reward=273.30 +/- 0.00 | pickups=2.00 deliveries=0.00 delivered_agents=0.00/2
Step 1071104 | stage_step= 182272 | Episodes: 64872
Step 1081344 | stage_step= 192512 | Episodes: 65140
[MultiQuadEnv] Steps 80001-100000 | pickups=1547 | deliveries=0 | total_pickups=5398 | total_deliveries=0
Eval @1089536 | stage_step= 200704 | sr=0.00% | reward=273.30 +/- 0.00 | pickups=2.00 deliveries=0.00 delivered_agents=0.00/2
Step 1091584 | stage_step= 202752 | Episodes: 65413
Step 1101824 | stage_step= 212992 | Episodes: 65702
Step 1110016 | stage_step= 221184 | Episodes: 65972
Eval @1114112 | stage_step= 225280 | sr=0.00% | reward=272.85 +/- 0.00 | pickups=2.00 deliveries=0.00 delivered_agents=0.00/2
Step 1120256 | stage_step= 231424 | Episodes: 66302
[MultiQuadEnv] Steps 100001-120000 | pickups=1821 | deliveries=0 | total_pickups=7219 | total_deliveries=0
Step 1130496 | stage_step= 241664 | Episodes: 66621
Step 1140736 | stage_step= 251904 | Episodes: 66939
Eval @1140736 | stage_step= 251904 | sr=0.00% | reward=273.40 +/- 0.00 | pickups=2.00 deliveries=0.00 delivered_agents=0.00/2
Step 1150976 | stage_step= 262144 | Episodes: 67243
Step 1161216 | stage_step= 272384 | Episodes: 67574
Eval @1165312 | stage_step= 276480 | sr=0.00% | reward=273.65 +/- 0.00 | pickups=2.00 deliveries=0.00 delivered_agents=0.00/2
[MultiQuadEnv] Steps 120001-140000 | pickups=1995 | deliveries=0 | total_pickups=9214 | total_deliveries=0
Step 1171456 | stage_step= 282624 | Episodes: 67905
Step 1181696 | stage_step= 292864 | Episodes: 68221
Eval @1189888 | stage_step= 301056 | sr=0.00% | reward=273.30 +/- 0.00 | pickups=2.00 deliveries=0.00 delivered_agents=0.00/2
Step 1191936 | stage_step= 303104 | Episodes: 68550
Step 1200128 | stage_step= 311296 | Episodes: 68809
[MultiQuadEnv] Steps 140001-160000 | pickups=2159 | deliveries=0 | total_pickups=11373 | total_deliveries=0
Step 1210368 | stage_step= 321536 | Episodes: 69140
Eval @1214464 | stage_step= 325632 | sr=0.00% | reward=272.95 +/- 0.00 | pickups=2.00 deliveries=0.00 delivered_agents=0.00/2
Step 1220608 | stage_step= 331776 | Episodes: 69461
Step 1230848 | stage_step= 342016 | Episodes: 69778
Eval @1239040 | stage_step= 350208 | sr=0.00% | reward=272.85 +/- 0.00 | pickups=2.00 deliveries=0.00 delivered_agents=0.00/2
Step 1241088 | stage_step= 352256 | Episodes: 70089
[MultiQuadEnv] Steps 160001-180000 | pickups=2150 | deliveries=0 | total_pickups=13523 | total_deliveries=0
Step 1251328 | stage_step= 362496 | Episodes: 70394
Step 1261568 | stage_step= 372736 | Episodes: 70703
Eval @1265664 | stage_step= 376832 | sr=0.00% | reward=272.75 +/- 0.00 | pickups=2.00 deliveries=0.00 delivered_agents=0.00/2
Step 1271808 | stage_step= 382976 | Episodes: 71005
Step 1280000 | stage_step= 391168 | Episodes: 71221
[MultiQuadEnv] Steps 180001-200000 | pickups=2008 | deliveries=0 | total_pickups=15531 | total_deliveries=0
Step 1290240 | stage_step= 401408 | Episodes: 71525
Eval @1290240 | stage_step= 401408 | sr=0.00% | reward=271.95 +/- 0.00 | pickups=2.00 deliveries=0.00 delivered_agents=0.00/2
Step 1300480 | stage_step= 411648 | Episodes: 71821
Step 1310720 | stage_step= 421888 | Episodes: 72095
Eval @1314816 | stage_step= 425984 | sr=0.00% | reward=272.85 +/- 0.00 | pickups=2.00 deliveries=0.00 delivered_agents=0.00/2
Step 1320960 | stage_step= 432128 | Episodes: 72366
[MultiQuadEnv] Steps 200001-220000 | pickups=1951 | deliveries=0 | total_pickups=17482 | total_deliveries=0
Step 1331200 | stage_step= 442368 | Episodes: 72630
Eval @1339392 | stage_step= 450560 | sr=0.00% | reward=271.75 +/- 0.00 | pickups=2.00 deliveries=0.00 delivered_agents=0.00/2
Step 1341440 | stage_step= 452608 | Episodes: 72895
Step 1351680 | stage_step= 462848 | Episodes: 73159
Step 1361920 | stage_step= 473088 | Episodes: 73422
Eval @1363968 | stage_step= 475136 | sr=0.00% | reward=270.50 +/- 0.00 | pickups=2.00 deliveries=0.00 delivered_agents=0.00/2
[MultiQuadEnv] Steps 220001-240000 | pickups=1870 | deliveries=3 | total_pickups=19352 | total_deliveries=3
Step 1370112 | stage_step= 481280 | Episodes: 73616
Step 1380352 | stage_step= 491520 | Episodes: 73833
Step 1390592 | stage_step= 501760 | Episodes: 74009
Eval @1390592 | stage_step= 501760 | sr=0.00% | reward=-341.55 +/- 0.00 | pickups=2.00 deliveries=1.00 delivered_agents=1.00/2
Step 1400832 | stage_step= 512000 | Episodes: 74159
[MultiQuadEnv] Steps 240001-260000 | pickups=1257 | deliveries=190 | total_pickups=20609 | total_deliveries=193
Step 1411072 | stage_step= 522240 | Episodes: 74292
Eval @1415168 | stage_step= 526336 | sr=0.00% | reward=-343.45 +/- 0.00 | pickups=2.00 deliveries=1.00 delivered_agents=1.00/2
Step 1421312 | stage_step= 532480 | Episodes: 74420
Step 1431552 | stage_step= 542720 | Episodes: 74560
Eval @1439744 | stage_step= 550912 | sr=0.00% | reward=-343.60 +/- 0.00 | pickups=2.00 deliveries=1.00 delivered_agents=1.00/2
Step 1441792 | stage_step= 552960 | Episodes: 74718
[MultiQuadEnv] Steps 260001-280000 | pickups=1046 | deliveries=359 | total_pickups=21655 | total_deliveries=552
Step 1452032 | stage_step= 563200 | Episodes: 74868
Step 1460224 | stage_step= 571392 | Episodes: 74981
Eval @1464320 | stage_step= 575488 | sr=0.00% | reward=-339.70 +/- 0.00 | pickups=2.00 deliveries=1.00 delivered_agents=1.00/2
Step 1470464 | stage_step= 581632 | Episodes: 75117
Step 1480704 | stage_step= 591872 | Episodes: 75242
[MultiQuadEnv] Steps 280001-300000 | pickups=941 | deliveries=350 | total_pickups=22596 | total_deliveries=902
Eval @1488896 | stage_step= 600064 | sr=0.00% | reward=-343.40 +/- 0.00 | pickups=2.00 deliveries=1.00 delivered_agents=1.00/2
Step 1490944 | stage_step= 602112 | Episodes: 75366
Step 1501184 | stage_step= 612352 | Episodes: 75486
Step 1511424 | stage_step= 622592 | Episodes: 75606
Eval @1515520 | stage_step= 626688 | sr=0.00% | reward=-340.65 +/- 0.00 | pickups=2.00 deliveries=1.00 delivered_agents=1.00/2
Step 1521664 | stage_step= 632832 | Episodes: 75736
[MultiQuadEnv] Steps 300001-320000 | pickups=942 | deliveries=370 | total_pickups=23538 | total_deliveries=1272
Step 1531904 | stage_step= 643072 | Episodes: 75881
Step 1540096 | stage_step= 651264 | Episodes: 76013
Eval @1540096 | stage_step= 651264 | sr=0.00% | reward=-342.05 +/- 0.00 | pickups=2.00 deliveries=1.00 delivered_agents=1.00/2
Step 1550336 | stage_step= 661504 | Episodes: 76173
Step 1560576 | stage_step= 671744 | Episodes: 76320
Eval @1564672 | stage_step= 675840 | sr=0.00% | reward=-336.60 +/- 0.00 | pickups=2.00 deliveries=1.00 delivered_agents=1.00/2
[MultiQuadEnv] Steps 320001-340000 | pickups=1102 | deliveries=403 | total_pickups=24640 | total_deliveries=1675
Step 1570816 | stage_step= 681984 | Episodes: 76469
Step 1581056 | stage_step= 692224 | Episodes: 76617
Eval @1589248 | stage_step= 700416 | sr=0.00% | reward=-336.30 +/- 0.00 | pickups=2.00 deliveries=1.00 delivered_agents=1.00/2
Step 1591296 | stage_step= 702464 | Episodes: 76744
Step 1601536 | stage_step= 712704 | Episodes: 76883
[MultiQuadEnv] Steps 340001-360000 | pickups=955 | deliveries=411 | total_pickups=25595 | total_deliveries=2086
Step 1611776 | stage_step= 722944 | Episodes: 77002
Eval @1615872 | stage_step= 727040 | sr=0.00% | reward=-337.90 +/- 0.00 | pickups=2.00 deliveries=1.00 delivered_agents=1.00/2
Step 1622016 | stage_step= 733184 | Episodes: 77143
Step 1630208 | stage_step= 741376 | Episodes: 77244
Step 1640448 | stage_step= 751616 | Episodes: 77376
Eval @1640448 | stage_step= 751616 | sr=100.00% | reward=2237.60 +/- 0.00 | pickups=2.00 deliveries=2.00 delivered_agents=2.00/2
Early promotion from s9_small_pipe_fixed: 100.00% >= 75.00%
Restored best for s9_small_pipe_fixed: sr=100.00% | reward=2237.60

=== Stage 10/25: s10_pipe_4x4_fixed (fixed positions) ===
Stage: agents=2 obs=(36,) grid=(24, 24) starts=[(2, 3), (2, 4)] package=(14, 3) deliveries=[(18, 15), (19, 14)] lanes=205 rand_pkg=False rand_del=False dt=0.05 substeps=8 max_tilt=0.36
Step 1650688 | stage_step=  10240 | Episodes: 78844
Step 1660928 | stage_step=  20480 | Episodes: 80261
Step 1671168 | stage_step=  30720 | Episodes: 81730
[MultiQuadEnv] Steps 1-20000 | pickups=0 | deliveries=0 | total_pickups=0 | total_deliveries=0
Step 1681408 | stage_step=  40960 | Episodes: 83215
Eval @1681408 | stage_step=  40960 | sr=0.00% | reward=-21.75 +/- 0.00 | pickups=0.00 deliveries=0.00 delivered_agents=0.00/2
Step 1691648 | stage_step=  51200 | Episodes: 84693
Step 1701888 | stage_step=  61440 | Episodes: 86181
Step 1710080 | stage_step=  69632 | Episodes: 87393
Step 1720320 | stage_step=  79872 | Episodes: 88919
[MultiQuadEnv] Steps 20001-40000 | pickups=0 | deliveries=0 | total_pickups=0 | total_deliveries=0
Eval @1722368 | stage_step=  81920 | sr=0.00% | reward=-21.75 +/- 0.00 | pickups=0.00 deliveries=0.00 delivered_agents=0.00/2
Step 1730560 | stage_step=  90112 | Episodes: 90437
Step 1740800 | stage_step= 100352 | Episodes: 91988
Step 1751040 | stage_step= 110592 | Episodes: 93580
[MultiQuadEnv] Steps 40001-60000 | pickups=0 | deliveries=0 | total_pickups=0 | total_deliveries=0
Step 1761280 | stage_step= 120832 | Episodes: 95147
Eval @1761280 | stage_step= 120832 | sr=0.00% | reward=-21.75 +/- 0.00 | pickups=0.00 deliveries=0.00 delivered_agents=0.00/2
Step 1771520 | stage_step= 131072 | Episodes: 96689
Step 1781760 | stage_step= 141312 | Episodes: 98273
Step 1792000 | stage_step= 151552 | Episodes: 99985
Step 1800192 | stage_step= 159744 | Episodes: 101419
[MultiQuadEnv] Steps 60001-80000 | pickups=0 | deliveries=0 | total_pickups=0 | total_deliveries=0
Eval @1802240 | stage_step= 161792 | sr=0.00% | reward=-21.00 +/- 0.00 | pickups=0.00 deliveries=0.00 delivered_agents=0.00/2
Step 1810432 | stage_step= 169984 | Episodes: 103457
Step 1820672 | stage_step= 180224 | Episodes: 105666
Step 1830912 | stage_step= 190464 | Episodes: 107982
[MultiQuadEnv] Steps 80001-100000 | pickups=0 | deliveries=0 | total_pickups=0 | total_deliveries=0
Step 1841152 | stage_step= 200704 | Episodes: 110377
Eval @1841152 | stage_step= 200704 | sr=0.00% | reward=-21.00 +/- 0.00 | pickups=0.00 deliveries=0.00 delivered_agents=0.00/2
Step 1851392 | stage_step= 210944 | Episodes: 112807
Step 1861632 | stage_step= 221184 | Episodes: 115260
Step 1871872 | stage_step= 231424 | Episodes: 117720
Step 1880064 | stage_step= 239616 | Episodes: 119719
[MultiQuadEnv] Steps 100001-120000 | pickups=0 | deliveries=0 | total_pickups=0 | total_deliveries=0
Eval @1882112 | stage_step= 241664 | sr=0.00% | reward=-21.00 +/- 0.00 | pickups=0.00 deliveries=0.00 delivered_agents=0.00/2
Step 1890304 | stage_step= 249856 | Episodes: 122223
Step 1900544 | stage_step= 260096 | Episodes: 124733
Step 1910784 | stage_step= 270336 | Episodes: 127246
[MultiQuadEnv] Steps 120001-140000 | pickups=0 | deliveries=0 | total_pickups=0 | total_deliveries=0
Step 1921024 | stage_step= 280576 | Episodes: 129775
Eval @1921024 | stage_step= 280576 | sr=0.00% | reward=-21.00 +/- 0.00 | pickups=0.00 deliveries=0.00 delivered_agents=0.00/2
Step 1931264 | stage_step= 290816 | Episodes: 132304
Step 1941504 | stage_step= 301056 | Episodes: 134831
Step 1951744 | stage_step= 311296 | Episodes: 137365
[MultiQuadEnv] Steps 140001-160000 | pickups=0 | deliveries=0 | total_pickups=0 | total_deliveries=0
Step 1961984 | stage_step= 321536 | Episodes: 139900
Eval @1961984 | stage_step= 321536 | sr=0.00% | reward=-21.00 +/- 0.00 | pickups=0.00 deliveries=0.00 delivered_agents=0.00/2
Step 1970176 | stage_step= 329728 | Episodes: 141935
Step 1980416 | stage_step= 339968 | Episodes: 144474
Step 1990656 | stage_step= 350208 | Episodes: 147014
[MultiQuadEnv] Steps 160001-180000 | pickups=0 | deliveries=0 | total_pickups=0 | total_deliveries=0
Step 2000896 | stage_step= 360448 | Episodes: 149551
Eval @2000896 | stage_step= 360448 | sr=0.00% | reward=-21.00 +/- 0.00 | pickups=0.00 deliveries=0.00 delivered_agents=0.00/2
Step 2011136 | stage_step= 370688 | Episodes: 152091
Step 2021376 | stage_step= 380928 | Episodes: 154632
Step 2031616 | stage_step= 391168 | Episodes: 157174
[MultiQuadEnv] Steps 180001-200000 | pickups=0 | deliveries=0 | total_pickups=0 | total_deliveries=0
Step 2041856 | stage_step= 401408 | Episodes: 159721
Eval @2041856 | stage_step= 401408 | sr=0.00% | reward=-21.00 +/- 0.00 | pickups=0.00 deliveries=0.00 delivered_agents=0.00/2
Step 2050048 | stage_step= 409600 | Episodes: 161761
Step 2060288 | stage_step= 419840 | Episodes: 164309
Step 2070528 | stage_step= 430080 | Episodes: 166855
[MultiQuadEnv] Steps 200001-220000 | pickups=0 | deliveries=0 | total_pickups=0 | total_deliveries=0
Step 2080768 | stage_step= 440320 | Episodes: 169407
Eval @2080768 | stage_step= 440320 | sr=0.00% | reward=-21.00 +/- 0.00 | pickups=0.00 deliveries=0.00 delivered_agents=0.00/2
Step 2091008 | stage_step= 450560 | Episodes: 171956
Step 2101248 | stage_step= 460800 | Episodes: 174507
Step 2111488 | stage_step= 471040 | Episodes: 177057
[MultiQuadEnv] Steps 220001-240000 | pickups=0 | deliveries=0 | total_pickups=0 | total_deliveries=0
Step 2121728 | stage_step= 481280 | Episodes: 179610
Eval @2121728 | stage_step= 481280 | sr=0.00% | reward=-21.00 +/- 0.00 | pickups=0.00 deliveries=0.00 delivered_agents=0.00/2
Step 2131968 | stage_step= 491520 | Episodes: 182164
Step 2140160 | stage_step= 499712 | Episodes: 184208
Step 2150400 | stage_step= 509952 | Episodes: 186760
[MultiQuadEnv] Steps 240001-260000 | pickups=0 | deliveries=0 | total_pickups=0 | total_deliveries=0
Step 2160640 | stage_step= 520192 | Episodes: 189312
Eval @2160640 | stage_step= 520192 | sr=0.00% | reward=-21.00 +/- 0.00 | pickups=0.00 deliveries=0.00 delivered_agents=0.00/2
Step 2170880 | stage_step= 530432 | Episodes: 191868
Step 2181120 | stage_step= 540672 | Episodes: 194421
Step 2191360 | stage_step= 550912 | Episodes: 196976
[MultiQuadEnv] Steps 260001-280000 | pickups=0 | deliveries=0 | total_pickups=0 | total_deliveries=0
Step 2201600 | stage_step= 561152 | Episodes: 199530
Eval @2201600 | stage_step= 561152 | sr=0.00% | reward=-21.00 +/- 0.00 | pickups=0.00 deliveries=0.00 delivered_agents=0.00/2
Step 2211840 | stage_step= 571392 | Episodes: 202085
Step 2220032 | stage_step= 579584 | Episodes: 204130
Step 2230272 | stage_step= 589824 | Episodes: 206686
[MultiQuadEnv] Steps 280001-300000 | pickups=0 | deliveries=0 | total_pickups=0 | total_deliveries=0
Step 2240512 | stage_step= 600064 | Episodes: 209242
Eval @2240512 | stage_step= 600064 | sr=0.00% | reward=-21.00 +/- 0.00 | pickups=0.00 deliveries=0.00 delivered_agents=0.00/2
Step 2250752 | stage_step= 610304 | Episodes: 211800
Step 2260992 | stage_step= 620544 | Episodes: 214357
Step 2271232 | stage_step= 630784 | Episodes: 216914
[MultiQuadEnv] Steps 300001-320000 | pickups=0 | deliveries=0 | total_pickups=0 | total_deliveries=0
Step 2281472 | stage_step= 641024 | Episodes: 219472
Eval @2281472 | stage_step= 641024 | sr=0.00% | reward=-21.00 +/- 0.00 | pickups=0.00 deliveries=0.00 delivered_agents=0.00/2
Step 2291712 | stage_step= 651264 | Episodes: 222031
Step 2301952 | stage_step= 661504 | Episodes: 224588
Step 2310144 | stage_step= 669696 | Episodes: 226635
Step 2320384 | stage_step= 679936 | Episodes: 229194
[MultiQuadEnv] Steps 320001-340000 | pickups=0 | deliveries=0 | total_pickups=0 | total_deliveries=0
Eval @2322432 | stage_step= 681984 | sr=0.00% | reward=-21.00 +/- 0.00 | pickups=0.00 deliveries=0.00 delivered_agents=0.00/2
Step 2330624 | stage_step= 690176 | Episodes: 231753
Step 2340864 | stage_step= 700416 | Episodes: 234307
Step 2351104 | stage_step= 710656 | Episodes: 236866
[MultiQuadEnv] Steps 340001-360000 | pickups=0 | deliveries=0 | total_pickups=0 | total_deliveries=0
Step 2361344 | stage_step= 720896 | Episodes: 239425
Eval @2361344 | stage_step= 720896 | sr=0.00% | reward=-21.00 +/- 0.00 | pickups=0.00 deliveries=0.00 delivered_agents=0.00/2
Step 2371584 | stage_step= 731136 | Episodes: 241984
Step 2381824 | stage_step= 741376 | Episodes: 244543
Step 2390016 | stage_step= 749568 | Episodes: 246591
Step 2400256 | stage_step= 759808 | Episodes: 249150
[MultiQuadEnv] Steps 360001-380000 | pickups=0 | deliveries=0 | total_pickups=0 | total_deliveries=0
Eval @2402304 | stage_step= 761856 | sr=0.00% | reward=-21.00 +/- 0.00 | pickups=0.00 deliveries=0.00 delivered_agents=0.00/2
Step 2410496 | stage_step= 770048 | Episodes: 251710
Step 2420736 | stage_step= 780288 | Episodes: 254270
Step 2430976 | stage_step= 790528 | Episodes: 256828
[MultiQuadEnv] Steps 380001-400000 | pickups=0 | deliveries=0 | total_pickups=0 | total_deliveries=0
Step 2441216 | stage_step= 800768 | Episodes: 259387
Eval @2441216 | stage_step= 800768 | sr=0.00% | reward=-21.00 +/- 0.00 | pickups=0.00 deliveries=0.00 delivered_agents=0.00/2
Step 2451456 | stage_step= 811008 | Episodes: 261945
Step 2461696 | stage_step= 821248 | Episodes: 264504
Step 2471936 | stage_step= 831488 | Episodes: 267063
Step 2480128 | stage_step= 839680 | Episodes: 269110
[MultiQuadEnv] Steps 400001-420000 | pickups=0 | deliveries=0 | total_pickups=0 | total_deliveries=0
Eval @2482176 | stage_step= 841728 | sr=0.00% | reward=-21.00 +/- 0.00 | pickups=0.00 deliveries=0.00 delivered_agents=0.00/2
Step 2490368 | stage_step= 849920 | Episodes: 271669
Eval @2492416 | stage_step= 851968 | sr=0.00% | reward=-21.00 +/- 0.00 | pickups=0.00 deliveries=0.00 delivered_agents=0.00/2
Full budget used for s10_pipe_4x4_fixed. Best stage success=0.00%.
No successful checkpoint found for s10_pipe_4x4_fixed; restored pre-stage model.
Final eval | success_rate=100.00% | mean_reward=2237.60 +/- 0.00 | pickups=2.00 deliveries=2.00 | delivered_agents=2.00/2 

### SWEEP 6/20: quad_physics_mappo_fixed_v12_sweep_explore_seed11 ###

Using device: cpu
Initial Quad MAPPO: agents=2 obs=(36,) grid=(6, 5) starts=[(4, 2), (3, 2)] package=(2, 2) deliveries=[(1, 1), (1, 3)] lanes=6 rand_pkg=False rand_del=False dt=0.05 substeps=8 max_tilt=0.36

=== Stage 1/25: s1_short_t_fixed (fixed positions) ===
Stage: agents=2 obs=(36,) grid=(6, 5) starts=[(4, 2), (3, 2)] package=(2, 2) deliveries=[(1, 1), (1, 3)] lanes=6 rand_pkg=False rand_del=False dt=0.05 substeps=8 max_tilt=0.36
Step   10240 | stage_step=  10240 | Episodes:  1074
Step   20480 | stage_step=  20480 | Episodes:  2320
Eval @  20480 | stage_step=  20480 | sr=0.00% | reward=127.60 +/- 0.00 | pickups=1.00 deliveries=0.00 delivered_agents=0.00/2
Step   30720 | stage_step=  30720 | Episodes:  3480
[MultiQuadEnv] Steps 1-20000 | pickups=2914 | deliveries=573 | total_pickups=2914 | total_deliveries=573
Step   40960 | stage_step=  40960 | Episodes:  4531
Eval @  40960 | stage_step=  40960 | sr=0.00% | reward=727.40 +/- 0.00 | pickups=2.00 deliveries=1.00 delivered_agents=1.00/2
Step   51200 | stage_step=  51200 | Episodes:  5540
Step   61440 | stage_step=  61440 | Episodes:  6408
Eval @  61440 | stage_step=  61440 | sr=0.00% | reward=777.60 +/- 0.00 | pickups=2.00 deliveries=1.00 delivered_agents=1.00/2
Step   71680 | stage_step=  71680 | Episodes:  7222
[MultiQuadEnv] Steps 20001-40000 | pickups=4651 | deliveries=1766 | total_pickups=7565 | total_deliveries=2339
Step   81920 | stage_step=  81920 | Episodes:  8001
Eval @  81920 | stage_step=  81920 | sr=0.00% | reward=777.80 +/- 0.00 | pickups=2.00 deliveries=1.00 delivered_agents=1.00/2
Step   90112 | stage_step=  90112 | Episodes:  8597
Step  100352 | stage_step= 100352 | Episodes:  9321
Eval @ 100352 | stage_step= 100352 | sr=0.00% | reward=777.60 +/- 0.00 | pickups=2.00 deliveries=1.00 delivered_agents=1.00/2
Step  110592 | stage_step= 110592 | Episodes: 10011
[MultiQuadEnv] Steps 40001-60000 | pickups=4576 | deliveries=1956 | total_pickups=12141 | total_deliveries=4295
Step  120832 | stage_step= 120832 | Episodes: 10714
Eval @ 120832 | stage_step= 120832 | sr=0.00% | reward=777.80 +/- 0.00 | pickups=2.00 deliveries=1.00 delivered_agents=1.00/2
Step  131072 | stage_step= 131072 | Episodes: 11420
Step  141312 | stage_step= 141312 | Episodes: 12135
Eval @ 141312 | stage_step= 141312 | sr=0.00% | reward=777.60 +/- 0.00 | pickups=2.00 deliveries=1.00 delivered_agents=1.00/2
Step  151552 | stage_step= 151552 | Episodes: 12885
[MultiQuadEnv] Steps 60001-80000 | pickups=4609 | deliveries=2520 | total_pickups=16750 | total_deliveries=6815
Step  161792 | stage_step= 161792 | Episodes: 13645
Eval @ 161792 | stage_step= 161792 | sr=100.00% | reward=2297.80 +/- 0.00 | pickups=2.00 deliveries=2.00 delivered_agents=2.00/2
Early promotion from s1_short_t_fixed: 100.00% >= 90.00%
Restored best for s1_short_t_fixed: sr=100.00% | reward=2297.80

=== Stage 2/25: s2_wider_t_stem_fixed (fixed positions) ===
Stage: agents=2 obs=(36,) grid=(8, 9) starts=[(6, 4), (5, 4)] package=(3, 4) deliveries=[(2, 4), (1, 4)] lanes=12 rand_pkg=False rand_del=False dt=0.05 substeps=8 max_tilt=0.36
Step  172032 | stage_step=  10240 | Episodes: 14483
Step  180224 | stage_step=  18432 | Episodes: 15107
Eval @ 188416 | stage_step=  26624 | sr=100.00% | reward=2247.60 +/- 0.00 | pickups=2.00 deliveries=2.00 delivered_agents=2.00/2
Step  190464 | stage_step=  28672 | Episodes: 15838
Step  200704 | stage_step=  38912 | Episodes: 16553
[MultiQuadEnv] Steps 1-20000 | pickups=4158 | deliveries=2648 | total_pickups=4158 | total_deliveries=2648
Step  210944 | stage_step=  49152 | Episodes: 17273
Eval @ 212992 | stage_step=  51200 | sr=100.00% | reward=2247.60 +/- 0.00 | pickups=2.00 deliveries=2.00 delivered_agents=2.00/2
Step  221184 | stage_step=  59392 | Episodes: 17991
Step  231424 | stage_step=  69632 | Episodes: 18688
Eval @ 237568 | stage_step=  75776 | sr=100.00% | reward=2247.60 +/- 0.00 | pickups=2.00 deliveries=2.00 delivered_agents=2.00/2
Step  241664 | stage_step=  79872 | Episodes: 19388
[MultiQuadEnv] Steps 20001-40000 | pickups=4798 | deliveries=4310 | total_pickups=8956 | total_deliveries=6958
Step  251904 | stage_step=  90112 | Episodes: 20079
Step  260096 | stage_step=  98304 | Episodes: 20641
Eval @ 262144 | stage_step= 100352 | sr=100.00% | reward=2247.60 +/- 0.00 | pickups=2.00 deliveries=2.00 delivered_agents=2.00/2
Early promotion from s2_wider_t_stem_fixed: 100.00% >= 85.00%
Restored best for s2_wider_t_stem_fixed: sr=100.00% | reward=2247.60

=== Stage 3/25: s3_wider_t_near_branch_fixed (fixed positions) ===
Stage: agents=2 obs=(36,) grid=(8, 9) starts=[(6, 4), (5, 4)] package=(2, 4) deliveries=[(1, 3), (1, 5)] lanes=12 rand_pkg=False rand_del=False dt=0.05 substeps=8 max_tilt=0.36
Step  270336 | stage_step=   8192 | Episodes: 21393
Step  280576 | stage_step=  18432 | Episodes: 22047
Eval @ 288768 | stage_step=  26624 | sr=0.00% | reward=776.80 +/- 0.00 | pickups=2.00 deliveries=1.00 delivered_agents=1.00/2
Step  290816 | stage_step=  28672 | Episodes: 22645
Step  301056 | stage_step=  38912 | Episodes: 23230
[MultiQuadEnv] Steps 1-20000 | pickups=3544 | deliveries=1168 | total_pickups=3544 | total_deliveries=1168
Step  311296 | stage_step=  49152 | Episodes: 23805
Eval @ 313344 | stage_step=  51200 | sr=0.00% | reward=776.80 +/- 0.00 | pickups=2.00 deliveries=1.00 delivered_agents=1.00/2
Step  321536 | stage_step=  59392 | Episodes: 24363
Step  331776 | stage_step=  69632 | Episodes: 24912
Eval @ 337920 | stage_step=  75776 | sr=0.00% | reward=776.80 +/- 0.00 | pickups=2.00 deliveries=1.00 delivered_agents=1.00/2
Step  342016 | stage_step=  79872 | Episodes: 25471
[MultiQuadEnv] Steps 20001-40000 | pickups=3610 | deliveries=1619 | total_pickups=7154 | total_deliveries=2787
Step  350208 | stage_step=  88064 | Episodes: 25913
Step  360448 | stage_step=  98304 | Episodes: 26450
Eval @ 362496 | stage_step= 100352 | sr=0.00% | reward=776.60 +/- 0.00 | pickups=2.00 deliveries=1.00 delivered_agents=1.00/2
Step  370688 | stage_step= 108544 | Episodes: 26989
Step  380928 | stage_step= 118784 | Episodes: 27536
[MultiQuadEnv] Steps 40001-60000 | pickups=3629 | deliveries=1681 | total_pickups=10783 | total_deliveries=4468
Eval @ 389120 | stage_step= 126976 | sr=0.00% | reward=776.60 +/- 0.00 | pickups=2.00 deliveries=1.00 delivered_agents=1.00/2
Step  391168 | stage_step= 129024 | Episodes: 28081
Step  401408 | stage_step= 139264 | Episodes: 28610
Step  411648 | stage_step= 149504 | Episodes: 29131
Eval @ 413696 | stage_step= 151552 | sr=0.00% | reward=776.40 +/- 0.00 | pickups=2.00 deliveries=1.00 delivered_agents=1.00/2
Step  421888 | stage_step= 159744 | Episodes: 29662
[MultiQuadEnv] Steps 60001-80000 | pickups=3632 | deliveries=1681 | total_pickups=14415 | total_deliveries=6149
Step  430080 | stage_step= 167936 | Episodes: 30074
Eval @ 438272 | stage_step= 176128 | sr=0.00% | reward=776.60 +/- 0.00 | pickups=2.00 deliveries=1.00 delivered_agents=1.00/2
Step  440320 | stage_step= 178176 | Episodes: 30591
Step  450560 | stage_step= 188416 | Episodes: 31072
Step  460800 | stage_step= 198656 | Episodes: 31584
[MultiQuadEnv] Steps 80001-100000 | pickups=3499 | deliveries=1616 | total_pickups=17914 | total_deliveries=7765
Eval @ 462848 | stage_step= 200704 | sr=0.00% | reward=776.60 +/- 0.00 | pickups=2.00 deliveries=1.00 delivered_agents=1.00/2
Step  471040 | stage_step= 208896 | Episodes: 32076
Step  481280 | stage_step= 219136 | Episodes: 32589
Eval @ 487424 | stage_step= 225280 | sr=0.00% | reward=776.60 +/- 0.00 | pickups=2.00 deliveries=1.00 delivered_agents=1.00/2
Step  491520 | stage_step= 229376 | Episodes: 33104
Step  501760 | stage_step= 239616 | Episodes: 33597
[MultiQuadEnv] Steps 100001-120000 | pickups=3480 | deliveries=1619 | total_pickups=21394 | total_deliveries=9384
Step  512000 | stage_step= 249856 | Episodes: 34093
Eval @ 514048 | stage_step= 251904 | sr=0.00% | reward=776.60 +/- 0.00 | pickups=2.00 deliveries=1.00 delivered_agents=1.00/2
Step  520192 | stage_step= 258048 | Episodes: 34492
Step  530432 | stage_step= 268288 | Episodes: 34977
Eval @ 538624 | stage_step= 276480 | sr=0.00% | reward=776.60 +/- 0.00 | pickups=2.00 deliveries=1.00 delivered_agents=1.00/2
Step  540672 | stage_step= 278528 | Episodes: 35472
[MultiQuadEnv] Steps 120001-140000 | pickups=3481 | deliveries=1615 | total_pickups=24875 | total_deliveries=10999
Step  550912 | stage_step= 288768 | Episodes: 35979
Step  561152 | stage_step= 299008 | Episodes: 36493
Eval @ 563200 | stage_step= 301056 | sr=0.00% | reward=776.60 +/- 0.00 | pickups=2.00 deliveries=1.00 delivered_agents=1.00/2
Step  571392 | stage_step= 309248 | Episodes: 37011
Step  581632 | stage_step= 319488 | Episodes: 37529
[MultiQuadEnv] Steps 140001-160000 | pickups=3594 | deliveries=1680 | total_pickups=28469 | total_deliveries=12679
Eval @ 587776 | stage_step= 325632 | sr=0.00% | reward=776.60 +/- 0.00 | pickups=2.00 deliveries=1.00 delivered_agents=1.00/2
Step  591872 | stage_step= 329728 | Episodes: 38034
Step  600064 | stage_step= 337920 | Episodes: 38432
Step  610304 | stage_step= 348160 | Episodes: 38930
Eval @ 612352 | stage_step= 350208 | sr=0.00% | reward=776.60 +/- 0.00 | pickups=2.00 deliveries=1.00 delivered_agents=1.00/2
Step  620544 | stage_step= 358400 | Episodes: 39449
[MultiQuadEnv] Steps 160001-180000 | pickups=3534 | deliveries=1678 | total_pickups=32003 | total_deliveries=14357
Step  630784 | stage_step= 368640 | Episodes: 39953
Eval @ 638976 | stage_step= 376832 | sr=0.00% | reward=776.60 +/- 0.00 | pickups=2.00 deliveries=1.00 delivered_agents=1.00/2
Step  641024 | stage_step= 378880 | Episodes: 40443
Step  651264 | stage_step= 389120 | Episodes: 40940
Step  661504 | stage_step= 399360 | Episodes: 41435
[MultiQuadEnv] Steps 180001-200000 | pickups=3550 | deliveries=1704 | total_pickups=35553 | total_deliveries=16061
Eval @ 663552 | stage_step= 401408 | sr=0.00% | reward=776.60 +/- 0.00 | pickups=2.00 deliveries=1.00 delivered_agents=1.00/2
Step  671744 | stage_step= 409600 | Episodes: 41929
Step  681984 | stage_step= 419840 | Episodes: 42420
Eval @ 688128 | stage_step= 425984 | sr=0.00% | reward=776.60 +/- 0.00 | pickups=2.00 deliveries=1.00 delivered_agents=1.00/2
Step  690176 | stage_step= 428032 | Episodes: 42810
Step  700416 | stage_step= 438272 | Episodes: 43305
[MultiQuadEnv] Steps 200001-220000 | pickups=3526 | deliveries=1694 | total_pickups=39079 | total_deliveries=17755
Step  710656 | stage_step= 448512 | Episodes: 43783
Eval @ 712704 | stage_step= 450560 | sr=0.00% | reward=776.40 +/- 0.00 | pickups=2.00 deliveries=1.00 delivered_agents=1.00/2
Step  720896 | stage_step= 458752 | Episodes: 44246
Step  731136 | stage_step= 468992 | Episodes: 44737
Eval @ 737280 | stage_step= 475136 | sr=0.00% | reward=776.60 +/- 0.00 | pickups=2.00 deliveries=1.00 delivered_agents=1.00/2
Step  741376 | stage_step= 479232 | Episodes: 45232
[MultiQuadEnv] Steps 220001-240000 | pickups=3468 | deliveries=1680 | total_pickups=42547 | total_deliveries=19435
Step  751616 | stage_step= 489472 | Episodes: 45725
Step  761856 | stage_step= 499712 | Episodes: 46228
Eval @ 763904 | stage_step= 501760 | sr=0.00% | reward=776.60 +/- 0.00 | pickups=2.00 deliveries=1.00 delivered_agents=1.00/2
Step  770048 | stage_step= 507904 | Episodes: 46640
Step  780288 | stage_step= 518144 | Episodes: 47172
[MultiQuadEnv] Steps 240001-260000 | pickups=3622 | deliveries=1952 | total_pickups=46169 | total_deliveries=21387
Eval @ 788480 | stage_step= 526336 | sr=100.00% | reward=2296.80 +/- 0.00 | pickups=2.00 deliveries=2.00 delivered_agents=2.00/2
Early promotion from s3_wider_t_near_branch_fixed: 100.00% >= 75.00%
Restored best for s3_wider_t_near_branch_fixed: sr=100.00% | reward=2296.80

=== Stage 4/25: s4_wider_t_branch_fixed (fixed positions) ===
Stage: agents=2 obs=(36,) grid=(8, 9) starts=[(6, 4), (5, 4)] package=(3, 4) deliveries=[(1, 1), (1, 7)] lanes=12 rand_pkg=False rand_del=False dt=0.05 substeps=8 max_tilt=0.36
Step  790528 | stage_step=   2048 | Episodes: 47775
Step  800768 | stage_step=  12288 | Episodes: 48481
Step  811008 | stage_step=  22528 | Episodes: 49162
Eval @ 815104 | stage_step=  26624 | sr=0.00% | reward=255.35 +/- 0.00 | pickups=2.00 deliveries=0.00 delivered_agents=0.00/2
Step  821248 | stage_step=  32768 | Episodes: 49808
[MultiQuadEnv] Steps 1-20000 | pickups=4190 | deliveries=213 | total_pickups=4190 | total_deliveries=213
Step  831488 | stage_step=  43008 | Episodes: 50427
Eval @ 839680 | stage_step=  51200 | sr=0.00% | reward=775.60 +/- 0.00 | pickups=2.00 deliveries=1.00 delivered_agents=1.00/2
Step  841728 | stage_step=  53248 | Episodes: 51044
Step  851968 | stage_step=  63488 | Episodes: 51660
Step  860160 | stage_step=  71680 | Episodes: 52141
Eval @ 864256 | stage_step=  75776 | sr=0.00% | reward=775.65 +/- 0.00 | pickups=2.00 deliveries=1.00 delivered_agents=1.00/2
[MultiQuadEnv] Steps 20001-40000 | pickups=4177 | deliveries=590 | total_pickups=8367 | total_deliveries=803
Step  870400 | stage_step=  81920 | Episodes: 52728
Step  880640 | stage_step=  92160 | Episodes: 53324
Eval @ 888832 | stage_step= 100352 | sr=0.00% | reward=775.65 +/- 0.00 | pickups=2.00 deliveries=1.00 delivered_agents=1.00/2
Step  890880 | stage_step= 102400 | Episodes: 53926
Step  901120 | stage_step= 112640 | Episodes: 54517
[MultiQuadEnv] Steps 40001-60000 | pickups=4090 | deliveries=792 | total_pickups=12457 | total_deliveries=1595
Step  911360 | stage_step= 122880 | Episodes: 55113
Eval @ 915456 | stage_step= 126976 | sr=0.00% | reward=775.65 +/- 0.00 | pickups=2.00 deliveries=1.00 delivered_agents=1.00/2
Step  921600 | stage_step= 133120 | Episodes: 55705
Step  931840 | stage_step= 143360 | Episodes: 56304
Step  940032 | stage_step= 151552 | Episodes: 56781
Eval @ 940032 | stage_step= 151552 | sr=0.00% | reward=775.65 +/- 0.00 | pickups=2.00 deliveries=1.00 delivered_agents=1.00/2
[MultiQuadEnv] Steps 60001-80000 | pickups=4152 | deliveries=955 | total_pickups=16609 | total_deliveries=2550
Step  950272 | stage_step= 161792 | Episodes: 57374
Step  960512 | stage_step= 172032 | Episodes: 57954
Eval @ 964608 | stage_step= 176128 | sr=0.00% | reward=775.65 +/- 0.00 | pickups=2.00 deliveries=1.00 delivered_agents=1.00/2
Step  970752 | stage_step= 182272 | Episodes: 58523
Step  980992 | stage_step= 192512 | Episodes: 59089
[MultiQuadEnv] Steps 80001-100000 | pickups=4112 | deliveries=1177 | total_pickups=20721 | total_deliveries=3727
Eval @ 989184 | stage_step= 200704 | sr=0.00% | reward=775.65 +/- 0.00 | pickups=2.00 deliveries=1.00 delivered_agents=1.00/2
Step  991232 | stage_step= 202752 | Episodes: 59655
Step 1001472 | stage_step= 212992 | Episodes: 60216
Step 1011712 | stage_step= 223232 | Episodes: 60774
Eval @1013760 | stage_step= 225280 | sr=0.00% | reward=775.65 +/- 0.00 | pickups=2.00 deliveries=1.00 delivered_agents=1.00/2
Step 1021952 | stage_step= 233472 | Episodes: 61330
[MultiQuadEnv] Steps 100001-120000 | pickups=4080 | deliveries=1343 | total_pickups=24801 | total_deliveries=5070
Step 1030144 | stage_step= 241664 | Episodes: 61776
Step 1040384 | stage_step= 251904 | Episodes: 62338
Eval @1040384 | stage_step= 251904 | sr=0.00% | reward=775.65 +/- 0.00 | pickups=2.00 deliveries=1.00 delivered_agents=1.00/2
Step 1050624 | stage_step= 262144 | Episodes: 62880
Step 1060864 | stage_step= 272384 | Episodes: 63420
Eval @1064960 | stage_step= 276480 | sr=0.00% | reward=775.65 +/- 0.00 | pickups=2.00 deliveries=1.00 delivered_agents=1.00/2
[MultiQuadEnv] Steps 120001-140000 | pickups=4071 | deliveries=1453 | total_pickups=28872 | total_deliveries=6523
Step 1071104 | stage_step= 282624 | Episodes: 63961
Step 1081344 | stage_step= 292864 | Episodes: 64496
Eval @1089536 | stage_step= 301056 | sr=0.00% | reward=775.65 +/- 0.00 | pickups=2.00 deliveries=1.00 delivered_agents=1.00/2
Step 1091584 | stage_step= 303104 | Episodes: 65030
Step 1101824 | stage_step= 313344 | Episodes: 65565
[MultiQuadEnv] Steps 140001-160000 | pickups=4041 | deliveries=1591 | total_pickups=32913 | total_deliveries=8114
Step 1110016 | stage_step= 321536 | Episodes: 65997
Eval @1114112 | stage_step= 325632 | sr=0.00% | reward=775.65 +/- 0.00 | pickups=2.00 deliveries=1.00 delivered_agents=1.00/2
Step 1120256 | stage_step= 331776 | Episodes: 66531
Step 1130496 | stage_step= 342016 | Episodes: 67055
Eval @1138688 | stage_step= 350208 | sr=0.00% | reward=775.65 +/- 0.00 | pickups=2.00 deliveries=1.00 delivered_agents=1.00/2
Step 1140736 | stage_step= 352256 | Episodes: 67578
[MultiQuadEnv] Steps 160001-180000 | pickups=3982 | deliveries=1685 | total_pickups=36895 | total_deliveries=9799
Step 1150976 | stage_step= 362496 | Episodes: 68096
Step 1161216 | stage_step= 372736 | Episodes: 68616
Eval @1165312 | stage_step= 376832 | sr=0.00% | reward=775.65 +/- 0.00 | pickups=2.00 deliveries=1.00 delivered_agents=1.00/2
Step 1171456 | stage_step= 382976 | Episodes: 69129
Step 1181696 | stage_step= 393216 | Episodes: 69651
[MultiQuadEnv] Steps 180001-200000 | pickups=3950 | deliveries=1762 | total_pickups=40845 | total_deliveries=11561
Eval @1189888 | stage_step= 401408 | sr=0.00% | reward=775.65 +/- 0.00 | pickups=2.00 deliveries=1.00 delivered_agents=1.00/2
Step 1191936 | stage_step= 403456 | Episodes: 70170
Step 1200128 | stage_step= 411648 | Episodes: 70584
Step 1210368 | stage_step= 421888 | Episodes: 71098
Eval @1214464 | stage_step= 425984 | sr=0.00% | reward=775.65 +/- 0.00 | pickups=2.00 deliveries=1.00 delivered_agents=1.00/2
Step 1220608 | stage_step= 432128 | Episodes: 71613
[MultiQuadEnv] Steps 200001-220000 | pickups=3924 | deliveries=1787 | total_pickups=44769 | total_deliveries=13348
Step 1230848 | stage_step= 442368 | Episodes: 72126
Eval @1239040 | stage_step= 450560 | sr=0.00% | reward=775.25 +/- 0.00 | pickups=2.00 deliveries=1.00 delivered_agents=1.00/2
Step 1241088 | stage_step= 452608 | Episodes: 72619
Step 1251328 | stage_step= 462848 | Episodes: 73097
Step 1261568 | stage_step= 473088 | Episodes: 73563
Eval @1263616 | stage_step= 475136 | sr=0.00% | reward=775.25 +/- 0.00 | pickups=2.00 deliveries=1.00 delivered_agents=1.00/2
[MultiQuadEnv] Steps 220001-240000 | pickups=3663 | deliveries=1708 | total_pickups=48432 | total_deliveries=15056
Step 1271808 | stage_step= 483328 | Episodes: 74031
Step 1280000 | stage_step= 491520 | Episodes: 74404
Step 1290240 | stage_step= 501760 | Episodes: 74874
Eval @1290240 | stage_step= 501760 | sr=0.00% | reward=775.25 +/- 0.00 | pickups=2.00 deliveries=1.00 delivered_agents=1.00/2
Step 1300480 | stage_step= 512000 | Episodes: 75340
[MultiQuadEnv] Steps 240001-260000 | pickups=3621 | deliveries=1691 | total_pickups=52053 | total_deliveries=16747
Step 1310720 | stage_step= 522240 | Episodes: 75807
Eval @1314816 | stage_step= 526336 | sr=0.00% | reward=775.25 +/- 0.00 | pickups=2.00 deliveries=1.00 delivered_agents=1.00/2
Step 1320960 | stage_step= 532480 | Episodes: 76285
Step 1331200 | stage_step= 542720 | Episodes: 76758
Eval @1339392 | stage_step= 550912 | sr=0.00% | reward=775.25 +/- 0.00 | pickups=2.00 deliveries=1.00 delivered_agents=1.00/2
Step 1341440 | stage_step= 552960 | Episodes: 77235
[MultiQuadEnv] Steps 260001-280000 | pickups=3700 | deliveries=1726 | total_pickups=55753 | total_deliveries=18473
Step 1351680 | stage_step= 563200 | Episodes: 77729
Step 1361920 | stage_step= 573440 | Episodes: 78230
Eval @1363968 | stage_step= 575488 | sr=0.00% | reward=775.65 +/- 0.00 | pickups=2.00 deliveries=1.00 delivered_agents=1.00/2
Step 1370112 | stage_step= 581632 | Episodes: 78632
Step 1380352 | stage_step= 591872 | Episodes: 79138
[MultiQuadEnv] Steps 280001-300000 | pickups=3882 | deliveries=1840 | total_pickups=59635 | total_deliveries=20313
Eval @1388544 | stage_step= 600064 | sr=0.00% | reward=775.65 +/- 0.00 | pickups=2.00 deliveries=1.00 delivered_agents=1.00/2
Step 1390592 | stage_step= 602112 | Episodes: 79646
Step 1400832 | stage_step= 612352 | Episodes: 80156
Step 1411072 | stage_step= 622592 | Episodes: 80664
Eval @1415168 | stage_step= 626688 | sr=0.00% | reward=775.65 +/- 0.00 | pickups=2.00 deliveries=1.00 delivered_agents=1.00/2
Step 1421312 | stage_step= 632832 | Episodes: 81149
[MultiQuadEnv] Steps 300001-320000 | pickups=3855 | deliveries=1848 | total_pickups=63490 | total_deliveries=22161
Step 1431552 | stage_step= 643072 | Episodes: 81634
Eval @1439744 | stage_step= 651264 | sr=0.00% | reward=775.65 +/- 0.00 | pickups=2.00 deliveries=1.00 delivered_agents=1.00/2
Step 1441792 | stage_step= 653312 | Episodes: 82132
Step 1452032 | stage_step= 663552 | Episodes: 82644
Step 1460224 | stage_step= 671744 | Episodes: 83056
Eval @1464320 | stage_step= 675840 | sr=0.00% | reward=775.65 +/- 0.00 | pickups=2.00 deliveries=1.00 delivered_agents=1.00/2
[MultiQuadEnv] Steps 320001-340000 | pickups=3924 | deliveries=1878 | total_pickups=67414 | total_deliveries=24039
Step 1470464 | stage_step= 681984 | Episodes: 83568
Step 1480704 | stage_step= 692224 | Episodes: 84074
Eval @1488896 | stage_step= 700416 | sr=0.00% | reward=775.65 +/- 0.00 | pickups=2.00 deliveries=1.00 delivered_agents=1.00/2
Step 1490944 | stage_step= 702464 | Episodes: 84581
Step 1501184 | stage_step= 712704 | Episodes: 85085
[MultiQuadEnv] Steps 340001-360000 | pickups=3911 | deliveries=1867 | total_pickups=71325 | total_deliveries=25906
Step 1511424 | stage_step= 722944 | Episodes: 85590
Eval @1515520 | stage_step= 727040 | sr=0.00% | reward=775.65 +/- 0.00 | pickups=2.00 deliveries=1.00 delivered_agents=1.00/2
Step 1521664 | stage_step= 733184 | Episodes: 86096
Step 1531904 | stage_step= 743424 | Episodes: 86598
Step 1540096 | stage_step= 751616 | Episodes: 86992
Eval @1540096 | stage_step= 751616 | sr=0.00% | reward=775.65 +/- 0.00 | pickups=2.00 deliveries=1.00 delivered_agents=1.00/2
[MultiQuadEnv] Steps 360001-380000 | pickups=3865 | deliveries=1863 | total_pickups=75190 | total_deliveries=27769
Step 1550336 | stage_step= 761856 | Episodes: 87473
Step 1560576 | stage_step= 772096 | Episodes: 87955
Eval @1564672 | stage_step= 776192 | sr=0.00% | reward=775.40 +/- 0.00 | pickups=2.00 deliveries=1.00 delivered_agents=1.00/2
Step 1570816 | stage_step= 782336 | Episodes: 88425
Step 1581056 | stage_step= 792576 | Episodes: 88880
[MultiQuadEnv] Steps 380001-400000 | pickups=3612 | deliveries=1745 | total_pickups=78802 | total_deliveries=29514
Eval @1589248 | stage_step= 800768 | sr=0.00% | reward=775.00 +/- 0.00 | pickups=2.00 deliveries=1.00 delivered_agents=1.00/2
Step 1591296 | stage_step= 802816 | Episodes: 89318
Step 1601536 | stage_step= 813056 | Episodes: 89754
Step 1611776 | stage_step= 823296 | Episodes: 90181
Eval @1613824 | stage_step= 825344 | sr=0.00% | reward=775.00 +/- 0.00 | pickups=2.00 deliveries=1.00 delivered_agents=1.00/2
Step 1622016 | stage_step= 833536 | Episodes: 90603
[MultiQuadEnv] Steps 400001-420000 | pickups=3296 | deliveries=1598 | total_pickups=82098 | total_deliveries=31112
Step 1630208 | stage_step= 841728 | Episodes: 90935
Step 1640448 | stage_step= 851968 | Episodes: 91349
Eval @1640448 | stage_step= 851968 | sr=0.00% | reward=775.00 +/- 0.00 | pickups=2.00 deliveries=1.00 delivered_agents=1.00/2
Step 1650688 | stage_step= 862208 | Episodes: 91757
Step 1660928 | stage_step= 872448 | Episodes: 92162
Eval @1665024 | stage_step= 876544 | sr=0.00% | reward=775.00 +/- 0.00 | pickups=2.00 deliveries=1.00 delivered_agents=1.00/2
[MultiQuadEnv] Steps 420001-440000 | pickups=3205 | deliveries=1554 | total_pickups=85303 | total_deliveries=32666
Step 1671168 | stage_step= 882688 | Episodes: 92582
Step 1681408 | stage_step= 892928 | Episodes: 93001
Eval @1689600 | stage_step= 901120 | sr=0.00% | reward=775.00 +/- 0.00 | pickups=2.00 deliveries=1.00 delivered_agents=1.00/2
Step 1691648 | stage_step= 903168 | Episodes: 93424
Step 1701888 | stage_step= 913408 | Episodes: 93838
[MultiQuadEnv] Steps 440001-460000 | pickups=3258 | deliveries=1583 | total_pickups=88561 | total_deliveries=34249
Step 1710080 | stage_step= 921600 | Episodes: 94170
Eval @1714176 | stage_step= 925696 | sr=0.00% | reward=774.55 +/- 0.00 | pickups=2.00 deliveries=1.00 delivered_agents=1.00/2
Step 1720320 | stage_step= 931840 | Episodes: 94579
Step 1730560 | stage_step= 942080 | Episodes: 94978
Eval @1738752 | stage_step= 950272 | sr=0.00% | reward=774.55 +/- 0.00 | pickups=2.00 deliveries=1.00 delivered_agents=1.00/2
Step 1740800 | stage_step= 952320 | Episodes: 95379
[MultiQuadEnv] Steps 460001-480000 | pickups=3128 | deliveries=1517 | total_pickups=91689 | total_deliveries=35766
Step 1751040 | stage_step= 962560 | Episodes: 95784
Step 1761280 | stage_step= 972800 | Episodes: 96202
Eval @1765376 | stage_step= 976896 | sr=0.00% | reward=774.55 +/- 0.00 | pickups=2.00 deliveries=1.00 delivered_agents=1.00/2
Step 1771520 | stage_step= 983040 | Episodes: 96618
Step 1781760 | stage_step= 993280 | Episodes: 97024
[MultiQuadEnv] Steps 480001-500000 | pickups=3203 | deliveries=1555 | total_pickups=94892 | total_deliveries=37321
Eval @1789952 | stage_step=1001472 | sr=0.00% | reward=774.55 +/- 0.00 | pickups=2.00 deliveries=1.00 delivered_agents=1.00/2
Full budget used for s4_wider_t_branch_fixed. Best stage success=0.00%.
No successful checkpoint found for s4_wider_t_branch_fixed; restored pre-stage model.
Final eval | success_rate=100.00% | mean_reward=2296.80 +/- 0.00 | pickups=2.00 deliveries=2.00 | delivered_agents=2.00/2 

### SWEEP 7/20: quad_physics_mappo_fixed_v12_sweep_explore_seed23 ###

Using device: cpu
Initial Quad MAPPO: agents=2 obs=(36,) grid=(6, 5) starts=[(4, 2), (3, 2)] package=(2, 2) deliveries=[(1, 1), (1, 3)] lanes=6 rand_pkg=False rand_del=False dt=0.05 substeps=8 max_tilt=0.36

=== Stage 1/25: s1_short_t_fixed (fixed positions) ===
Stage: agents=2 obs=(36,) grid=(6, 5) starts=[(4, 2), (3, 2)] package=(2, 2) deliveries=[(1, 1), (1, 3)] lanes=6 rand_pkg=False rand_del=False dt=0.05 substeps=8 max_tilt=0.36
Step   10240 | stage_step=  10240 | Episodes:  1029
Step   20480 | stage_step=  20480 | Episodes:  2299
Eval @  20480 | stage_step=  20480 | sr=0.00% | reward=775.80 +/- 0.00 | pickups=2.00 deliveries=1.00 delivered_agents=1.00/2
Step   30720 | stage_step=  30720 | Episodes:  3525
[MultiQuadEnv] Steps 1-20000 | pickups=2763 | deliveries=437 | total_pickups=2763 | total_deliveries=437
Step   40960 | stage_step=  40960 | Episodes:  4639
Eval @  40960 | stage_step=  40960 | sr=0.00% | reward=727.40 +/- 0.00 | pickups=2.00 deliveries=1.00 delivered_agents=1.00/2
Step   51200 | stage_step=  51200 | Episodes:  5667
Step   61440 | stage_step=  61440 | Episodes:  6552
Eval @  61440 | stage_step=  61440 | sr=0.00% | reward=727.60 +/- 0.00 | pickups=2.00 deliveries=1.00 delivered_agents=1.00/2
Step   71680 | stage_step=  71680 | Episodes:  7398
[MultiQuadEnv] Steps 20001-40000 | pickups=4646 | deliveries=1651 | total_pickups=7409 | total_deliveries=2088
Step   81920 | stage_step=  81920 | Episodes:  8210
Eval @  81920 | stage_step=  81920 | sr=0.00% | reward=777.80 +/- 0.00 | pickups=2.00 deliveries=1.00 delivered_agents=1.00/2
Step   90112 | stage_step=  90112 | Episodes:  8819
Step  100352 | stage_step= 100352 | Episodes:  9581
Eval @ 100352 | stage_step= 100352 | sr=0.00% | reward=777.80 +/- 0.00 | pickups=2.00 deliveries=1.00 delivered_agents=1.00/2
Step  110592 | stage_step= 110592 | Episodes: 10329
[MultiQuadEnv] Steps 40001-60000 | pickups=4922 | deliveries=2066 | total_pickups=12331 | total_deliveries=4154
Step  120832 | stage_step= 120832 | Episodes: 11050
Eval @ 120832 | stage_step= 120832 | sr=0.00% | reward=777.80 +/- 0.00 | pickups=2.00 deliveries=1.00 delivered_agents=1.00/2
Step  131072 | stage_step= 131072 | Episodes: 11772
Step  141312 | stage_step= 141312 | Episodes: 12474
Eval @ 141312 | stage_step= 141312 | sr=0.00% | reward=777.60 +/- 0.00 | pickups=2.00 deliveries=1.00 delivered_agents=1.00/2
Step  151552 | stage_step= 151552 | Episodes: 13151
[MultiQuadEnv] Steps 60001-80000 | pickups=4784 | deliveries=2252 | total_pickups=17115 | total_deliveries=6406
Step  161792 | stage_step= 161792 | Episodes: 13825
Eval @ 161792 | stage_step= 161792 | sr=0.00% | reward=777.80 +/- 0.00 | pickups=2.00 deliveries=1.00 delivered_agents=1.00/2
Step  172032 | stage_step= 172032 | Episodes: 14517
Step  180224 | stage_step= 180224 | Episodes: 15059
Eval @ 180224 | stage_step= 180224 | sr=0.00% | reward=777.60 +/- 0.00 | pickups=2.00 deliveries=1.00 delivered_agents=1.00/2
Full budget used for s1_short_t_fixed. Best stage success=0.00%.
No successful checkpoint found for s1_short_t_fixed; restored pre-stage model.
Final eval | success_rate=0.00% | mean_reward=-48.00 +/- 0.00 | pickups=0.00 deliveries=0.00 | delivered_agents=0.00/2 

### SWEEP 8/20: quad_physics_mappo_fixed_v12_sweep_explore_seed41 ###

Using device: cpu
Initial Quad MAPPO: agents=2 obs=(36,) grid=(6, 5) starts=[(4, 2), (3, 2)] package=(2, 2) deliveries=[(1, 1), (1, 3)] lanes=6 rand_pkg=False rand_del=False dt=0.05 substeps=8 max_tilt=0.36

=== Stage 1/25: s1_short_t_fixed (fixed positions) ===
Stage: agents=2 obs=(36,) grid=(6, 5) starts=[(4, 2), (3, 2)] package=(2, 2) deliveries=[(1, 1), (1, 3)] lanes=6 rand_pkg=False rand_del=False dt=0.05 substeps=8 max_tilt=0.36
Step   10240 | stage_step=  10240 | Episodes:  1224
Step   20480 | stage_step=  20480 | Episodes:  2515
Eval @  20480 | stage_step=  20480 | sr=0.00% | reward=127.60 +/- 0.00 | pickups=1.00 deliveries=0.00 delivered_agents=0.00/2
Step   30720 | stage_step=  30720 | Episodes:  3758
[MultiQuadEnv] Steps 1-20000 | pickups=2849 | deliveries=451 | total_pickups=2849 | total_deliveries=451
Step   40960 | stage_step=  40960 | Episodes:  4838
Eval @  40960 | stage_step=  40960 | sr=0.00% | reward=726.40 +/- 0.00 | pickups=2.00 deliveries=1.00 delivered_agents=1.00/2
Step   51200 | stage_step=  51200 | Episodes:  5864
Step   61440 | stage_step=  61440 | Episodes:  6798
Eval @  61440 | stage_step=  61440 | sr=0.00% | reward=777.40 +/- 0.00 | pickups=2.00 deliveries=1.00 delivered_agents=1.00/2
Step   71680 | stage_step=  71680 | Episodes:  7645
[MultiQuadEnv] Steps 20001-40000 | pickups=4540 | deliveries=1662 | total_pickups=7389 | total_deliveries=2113
Step   81920 | stage_step=  81920 | Episodes:  8533
Eval @  81920 | stage_step=  81920 | sr=100.00% | reward=2297.60 +/- 0.00 | pickups=2.00 deliveries=2.00 delivered_agents=2.00/2
Early promotion from s1_short_t_fixed: 100.00% >= 90.00%
Restored best for s1_short_t_fixed: sr=100.00% | reward=2297.60

=== Stage 2/25: s2_wider_t_stem_fixed (fixed positions) ===
Stage: agents=2 obs=(36,) grid=(8, 9) starts=[(6, 4), (5, 4)] package=(3, 4) deliveries=[(2, 4), (1, 4)] lanes=12 rand_pkg=False rand_del=False dt=0.05 substeps=8 max_tilt=0.36
Step   90112 | stage_step=   8192 | Episodes:  9325
Step  100352 | stage_step=  18432 | Episodes: 10188
Eval @ 108544 | stage_step=  26624 | sr=100.00% | reward=2247.60 +/- 0.00 | pickups=2.00 deliveries=2.00 delivered_agents=2.00/2
Step  110592 | stage_step=  28672 | Episodes: 11033
Step  120832 | stage_step=  38912 | Episodes: 11849
[MultiQuadEnv] Steps 1-20000 | pickups=4212 | deliveries=2531 | total_pickups=4212 | total_deliveries=2531
Step  131072 | stage_step=  49152 | Episodes: 12635
Eval @ 133120 | stage_step=  51200 | sr=100.00% | reward=2247.60 +/- 0.00 | pickups=2.00 deliveries=2.00 delivered_agents=2.00/2
Step  141312 | stage_step=  59392 | Episodes: 13360
Step  151552 | stage_step=  69632 | Episodes: 14128
Eval @ 157696 | stage_step=  75776 | sr=100.00% | reward=2247.80 +/- 0.00 | pickups=2.00 deliveries=2.00 delivered_agents=2.00/2
Step  161792 | stage_step=  79872 | Episodes: 14884
[MultiQuadEnv] Steps 20001-40000 | pickups=4791 | deliveries=3924 | total_pickups=9003 | total_deliveries=6455
Step  172032 | stage_step=  90112 | Episodes: 15629
Step  180224 | stage_step=  98304 | Episodes: 16210
Eval @ 182272 | stage_step= 100352 | sr=100.00% | reward=2247.60 +/- 0.00 | pickups=2.00 deliveries=2.00 delivered_agents=2.00/2
Early promotion from s2_wider_t_stem_fixed: 100.00% >= 85.00%
Restored best for s2_wider_t_stem_fixed: sr=100.00% | reward=2247.80

=== Stage 3/25: s3_wider_t_near_branch_fixed (fixed positions) ===
Stage: agents=2 obs=(36,) grid=(8, 9) starts=[(6, 4), (5, 4)] package=(2, 4) deliveries=[(1, 3), (1, 5)] lanes=12 rand_pkg=False rand_del=False dt=0.05 substeps=8 max_tilt=0.36
Step  190464 | stage_step=   8192 | Episodes: 16832
Step  200704 | stage_step=  18432 | Episodes: 17515
Eval @ 208896 | stage_step=  26624 | sr=0.00% | reward=261.60 +/- 0.00 | pickups=2.00 deliveries=0.00 delivered_agents=0.00/2
Step  210944 | stage_step=  28672 | Episodes: 18261
Step  221184 | stage_step=  38912 | Episodes: 18858
[MultiQuadEnv] Steps 1-20000 | pickups=3289 | deliveries=134 | total_pickups=3289 | total_deliveries=134
Step  231424 | stage_step=  49152 | Episodes: 19554
Eval @ 233472 | stage_step=  51200 | sr=0.00% | reward=261.60 +/- 0.00 | pickups=2.00 deliveries=0.00 delivered_agents=0.00/2
Step  241664 | stage_step=  59392 | Episodes: 20169
Step  251904 | stage_step=  69632 | Episodes: 20706
Eval @ 258048 | stage_step=  75776 | sr=0.00% | reward=777.60 +/- 0.00 | pickups=2.00 deliveries=1.00 delivered_agents=1.00/2
Step  260096 | stage_step=  77824 | Episodes: 21101
[MultiQuadEnv] Steps 20001-40000 | pickups=3345 | deliveries=249 | total_pickups=6634 | total_deliveries=383
Step  270336 | stage_step=  88064 | Episodes: 21724
Step  280576 | stage_step=  98304 | Episodes: 22269
Eval @ 282624 | stage_step= 100352 | sr=0.00% | reward=261.60 +/- 0.00 | pickups=2.00 deliveries=0.00 delivered_agents=0.00/2
Step  290816 | stage_step= 108544 | Episodes: 22625
Step  301056 | stage_step= 118784 | Episodes: 23007
[MultiQuadEnv] Steps 40001-60000 | pickups=2588 | deliveries=244 | total_pickups=9222 | total_deliveries=627
Eval @ 309248 | stage_step= 126976 | sr=0.00% | reward=775.80 +/- 0.00 | pickups=2.00 deliveries=1.00 delivered_agents=1.00/2
Step  311296 | stage_step= 129024 | Episodes: 23332
Step  321536 | stage_step= 139264 | Episodes: 23791
Step  331776 | stage_step= 149504 | Episodes: 24217
Eval @ 333824 | stage_step= 151552 | sr=0.00% | reward=775.80 +/- 0.00 | pickups=2.00 deliveries=1.00 delivered_agents=1.00/2
Step  342016 | stage_step= 159744 | Episodes: 24580
[MultiQuadEnv] Steps 60001-80000 | pickups=2264 | deliveries=245 | total_pickups=11486 | total_deliveries=872
Step  350208 | stage_step= 167936 | Episodes: 24934
Eval @ 358400 | stage_step= 176128 | sr=0.00% | reward=777.00 +/- 0.00 | pickups=2.00 deliveries=1.00 delivered_agents=1.00/2
Step  360448 | stage_step= 178176 | Episodes: 25408
Step  370688 | stage_step= 188416 | Episodes: 25932
Step  380928 | stage_step= 198656 | Episodes: 26329
[MultiQuadEnv] Steps 80001-100000 | pickups=2663 | deliveries=375 | total_pickups=14149 | total_deliveries=1247
Eval @ 382976 | stage_step= 200704 | sr=0.00% | reward=777.20 +/- 0.00 | pickups=2.00 deliveries=1.00 delivered_agents=1.00/2
Step  391168 | stage_step= 208896 | Episodes: 26699
Step  401408 | stage_step= 219136 | Episodes: 27144
Eval @ 407552 | stage_step= 225280 | sr=0.00% | reward=777.20 +/- 0.00 | pickups=2.00 deliveries=1.00 delivered_agents=1.00/2
Step  411648 | stage_step= 229376 | Episodes: 27495
Step  421888 | stage_step= 239616 | Episodes: 27838
[MultiQuadEnv] Steps 100001-120000 | pickups=2203 | deliveries=311 | total_pickups=16352 | total_deliveries=1558
Step  430080 | stage_step= 247808 | Episodes: 28171
Eval @ 434176 | stage_step= 251904 | sr=0.00% | reward=261.60 +/- 0.00 | pickups=2.00 deliveries=0.00 delivered_agents=0.00/2
Step  440320 | stage_step= 258048 | Episodes: 28678
Step  450560 | stage_step= 268288 | Episodes: 29137
Eval @ 458752 | stage_step= 276480 | sr=0.00% | reward=261.60 +/- 0.00 | pickups=2.00 deliveries=0.00 delivered_agents=0.00/2
Step  460800 | stage_step= 278528 | Episodes: 29662
[MultiQuadEnv] Steps 120001-140000 | pickups=2894 | deliveries=547 | total_pickups=19246 | total_deliveries=2105
Step  471040 | stage_step= 288768 | Episodes: 30083
Step  481280 | stage_step= 299008 | Episodes: 30601
Eval @ 483328 | stage_step= 301056 | sr=0.00% | reward=261.60 +/- 0.00 | pickups=2.00 deliveries=0.00 delivered_agents=0.00/2
Step  491520 | stage_step= 309248 | Episodes: 31146
Step  501760 | stage_step= 319488 | Episodes: 31717
[MultiQuadEnv] Steps 140001-160000 | pickups=3058 | deliveries=904 | total_pickups=22304 | total_deliveries=3009
Eval @ 507904 | stage_step= 325632 | sr=100.00% | reward=2297.60 +/- 0.00 | pickups=2.00 deliveries=2.00 delivered_agents=2.00/2
Early promotion from s3_wider_t_near_branch_fixed: 100.00% >= 75.00%
Restored best for s3_wider_t_near_branch_fixed: sr=100.00% | reward=2297.60

=== Stage 4/25: s4_wider_t_branch_fixed (fixed positions) ===
Stage: agents=2 obs=(36,) grid=(8, 9) starts=[(6, 4), (5, 4)] package=(3, 4) deliveries=[(1, 1), (1, 7)] lanes=12 rand_pkg=False rand_del=False dt=0.05 substeps=8 max_tilt=0.36
Step  512000 | stage_step=   4096 | Episodes: 32433
Step  520192 | stage_step=  12288 | Episodes: 33059
Step  530432 | stage_step=  22528 | Episodes: 33802
Eval @ 534528 | stage_step=  26624 | sr=0.00% | reward=277.80 +/- 0.00 | pickups=2.00 deliveries=0.00 delivered_agents=0.00/2
Step  540672 | stage_step=  32768 | Episodes: 34509
[MultiQuadEnv] Steps 1-20000 | pickups=4656 | deliveries=346 | total_pickups=4656 | total_deliveries=346
Step  550912 | stage_step=  43008 | Episodes: 35200
Eval @ 559104 | stage_step=  51200 | sr=0.00% | reward=276.90 +/- 0.00 | pickups=2.00 deliveries=0.00 delivered_agents=0.00/2
Step  561152 | stage_step=  53248 | Episodes: 35855
Step  571392 | stage_step=  63488 | Episodes: 36519
Step  581632 | stage_step=  73728 | Episodes: 37186
Eval @ 583680 | stage_step=  75776 | sr=100.00% | reward=2295.65 +/- 0.00 | pickups=2.00 deliveries=2.00 delivered_agents=2.00/2
[MultiQuadEnv] Steps 20001-40000 | pickups=4470 | deliveries=958 | total_pickups=9126 | total_deliveries=1304
Step  591872 | stage_step=  83968 | Episodes: 37825
Step  600064 | stage_step=  92160 | Episodes: 38342
Eval @ 608256 | stage_step= 100352 | sr=100.00% | reward=2295.60 +/- 0.00 | pickups=2.00 deliveries=2.00 delivered_agents=2.00/2
Early promotion from s4_wider_t_branch_fixed: 100.00% >= 80.00%
Restored best for s4_wider_t_branch_fixed: sr=100.00% | reward=2295.65
Set actor_log_std=-0.35 for stage exploration

=== Stage 5/25: s5_tiny_pipe_line_fixed (fixed positions) ===
Stage: agents=2 obs=(36,) grid=(12, 12) starts=[(2, 3), (2, 4)] package=(2, 5) deliveries=[(2, 6), (2, 7)] lanes=47 rand_pkg=False rand_del=False dt=0.05 substeps=8 max_tilt=0.36
Step  610304 | stage_step=   2048 | Episodes: 39249
Step  620544 | stage_step=  12288 | Episodes: 41199
Step  630784 | stage_step=  22528 | Episodes: 42853
Eval @ 634880 | stage_step=  26624 | sr=0.00% | reward=127.80 +/- 0.00 | pickups=1.00 deliveries=0.00 delivered_agents=0.00/2
Step  641024 | stage_step=  32768 | Episodes: 44167
[MultiQuadEnv] Steps 1-20000 | pickups=3220 | deliveries=218 | total_pickups=3220 | total_deliveries=218
Step  651264 | stage_step=  43008 | Episodes: 45157
Eval @ 659456 | stage_step=  51200 | sr=0.00% | reward=577.80 +/- 0.00 | pickups=1.00 deliveries=1.00 delivered_agents=1.00/2
Step  661504 | stage_step=  53248 | Episodes: 45905
Step  671744 | stage_step=  63488 | Episodes: 46606
Step  681984 | stage_step=  73728 | Episodes: 47240
Eval @ 684032 | stage_step=  75776 | sr=100.00% | reward=2247.50 +/- 0.00 | pickups=2.00 deliveries=2.00 delivered_agents=2.00/2
[MultiQuadEnv] Steps 20001-40000 | pickups=3128 | deliveries=1302 | total_pickups=6348 | total_deliveries=1520
Step  690176 | stage_step=  81920 | Episodes: 47758
Step  700416 | stage_step=  92160 | Episodes: 48405
Eval @ 708608 | stage_step= 100352 | sr=100.00% | reward=2247.50 +/- 0.00 | pickups=2.00 deliveries=2.00 delivered_agents=2.00/2
Early promotion from s5_tiny_pipe_line_fixed: 100.00% >= 80.00%
Restored best for s5_tiny_pipe_line_fixed: sr=100.00% | reward=2247.50
Set actor_log_std=-0.35 for stage exploration

=== Stage 6/25: s6_small_pipe_line_fixed (fixed positions) ===
Stage: agents=2 obs=(36,) grid=(18, 18) starts=[(2, 3), (2, 4)] package=(2, 6) deliveries=[(2, 8), (2, 9)] lanes=104 rand_pkg=False rand_del=False dt=0.05 substeps=8 max_tilt=0.36
Step  710656 | stage_step=   2048 | Episodes: 48996
Step  720896 | stage_step=  12288 | Episodes: 49603
Step  731136 | stage_step=  22528 | Episodes: 50159
Eval @ 735232 | stage_step=  26624 | sr=100.00% | reward=2247.00 +/- 0.00 | pickups=2.00 deliveries=2.00 delivered_agents=2.00/2
Step  741376 | stage_step=  32768 | Episodes: 50685
[MultiQuadEnv] Steps 1-20000 | pickups=1998 | deliveries=778 | total_pickups=1998 | total_deliveries=778
Step  751616 | stage_step=  43008 | Episodes: 51220
Eval @ 759808 | stage_step=  51200 | sr=100.00% | reward=2247.00 +/- 0.00 | pickups=2.00 deliveries=2.00 delivered_agents=2.00/2
Step  761856 | stage_step=  53248 | Episodes: 51767
Step  770048 | stage_step=  61440 | Episodes: 52170
Step  780288 | stage_step=  71680 | Episodes: 52608
Eval @ 784384 | stage_step=  75776 | sr=100.00% | reward=2297.40 +/- 0.00 | pickups=2.00 deliveries=2.00 delivered_agents=2.00/2
[MultiQuadEnv] Steps 20001-40000 | pickups=2342 | deliveries=1269 | total_pickups=4340 | total_deliveries=2047
Step  790528 | stage_step=  81920 | Episodes: 53075
Step  800768 | stage_step=  92160 | Episodes: 53513
Eval @ 808960 | stage_step= 100352 | sr=0.00% | reward=725.80 +/- 0.00 | pickups=2.00 deliveries=1.00 delivered_agents=1.00/2
Step  811008 | stage_step= 102400 | Episodes: 53946
Step  821248 | stage_step= 112640 | Episodes: 54364
[MultiQuadEnv] Steps 40001-60000 | pickups=2362 | deliveries=1571 | total_pickups=6702 | total_deliveries=3618
Step  831488 | stage_step= 122880 | Episodes: 54749
Eval @ 835584 | stage_step= 126976 | sr=100.00% | reward=2247.20 +/- 0.00 | pickups=2.00 deliveries=2.00 delivered_agents=2.00/2
Early promotion from s6_small_pipe_line_fixed: 100.00% >= 80.00%
Restored best for s6_small_pipe_line_fixed: sr=100.00% | reward=2297.40
Set actor_log_std=-0.35 for stage exploration

=== Stage 7/25: s7_small_pipe_vertical_fixed (fixed positions) ===
Stage: agents=2 obs=(36,) grid=(18, 18) starts=[(2, 8), (3, 8)] package=(4, 8) deliveries=[(5, 8), (6, 8)] lanes=104 rand_pkg=False rand_del=False dt=0.05 substeps=8 max_tilt=0.36
Step  841728 | stage_step=   6144 | Episodes: 55217
Step  851968 | stage_step=  16384 | Episodes: 55763
Step  860160 | stage_step=  24576 | Episodes: 56431
Eval @ 862208 | stage_step=  26624 | sr=0.00% | reward=-27.60 +/- 0.00 | pickups=0.00 deliveries=0.00 delivered_agents=0.00/2
Step  870400 | stage_step=  34816 | Episodes: 57309
[MultiQuadEnv] Steps 1-20000 | pickups=281 | deliveries=14 | total_pickups=281 | total_deliveries=14
Step  880640 | stage_step=  45056 | Episodes: 57985
Eval @ 886784 | stage_step=  51200 | sr=0.00% | reward=-22.00 +/- 0.00 | pickups=0.00 deliveries=0.00 delivered_agents=0.00/2
Step  890880 | stage_step=  55296 | Episodes: 58629
Step  901120 | stage_step=  65536 | Episodes: 59242
Step  911360 | stage_step=  75776 | Episodes: 59874
Eval @ 911360 | stage_step=  75776 | sr=0.00% | reward=-22.00 +/- 0.00 | pickups=0.00 deliveries=0.00 delivered_agents=0.00/2
[MultiQuadEnv] Steps 20001-40000 | pickups=1025 | deliveries=104 | total_pickups=1306 | total_deliveries=118
Step  921600 | stage_step=  86016 | Episodes: 60475
Step  931840 | stage_step=  96256 | Episodes: 61088
Eval @ 935936 | stage_step= 100352 | sr=0.00% | reward=-22.00 +/- 0.00 | pickups=0.00 deliveries=0.00 delivered_agents=0.00/2
Step  940032 | stage_step= 104448 | Episodes: 61584
Step  950272 | stage_step= 114688 | Episodes: 62205
[MultiQuadEnv] Steps 40001-60000 | pickups=1529 | deliveries=461 | total_pickups=2835 | total_deliveries=579
Step  960512 | stage_step= 124928 | Episodes: 62837
Eval @ 962560 | stage_step= 126976 | sr=0.00% | reward=750.20 +/- 0.00 | pickups=2.00 deliveries=1.00 delivered_agents=1.00/2
Step  970752 | stage_step= 135168 | Episodes: 63468
Step  980992 | stage_step= 145408 | Episodes: 64155
Eval @ 987136 | stage_step= 151552 | sr=0.00% | reward=578.00 +/- 0.00 | pickups=1.00 deliveries=1.00 delivered_agents=1.00/2
Step  991232 | stage_step= 155648 | Episodes: 64859
[MultiQuadEnv] Steps 60001-80000 | pickups=2166 | deliveries=985 | total_pickups=5001 | total_deliveries=1564
Step 1001472 | stage_step= 165888 | Episodes: 65558
Step 1011712 | stage_step= 176128 | Episodes: 66248
Eval @1011712 | stage_step= 176128 | sr=0.00% | reward=578.20 +/- 0.00 | pickups=1.00 deliveries=1.00 delivered_agents=1.00/2
Step 1021952 | stage_step= 186368 | Episodes: 66997
Step 1030144 | stage_step= 194560 | Episodes: 67547
[MultiQuadEnv] Steps 80001-100000 | pickups=2538 | deliveries=1276 | total_pickups=7539 | total_deliveries=2840
Eval @1036288 | stage_step= 200704 | sr=100.00% | reward=2248.20 +/- 0.00 | pickups=2.00 deliveries=2.00 delivered_agents=2.00/2
Early promotion from s7_small_pipe_vertical_fixed: 100.00% >= 80.00%
Restored best for s7_small_pipe_vertical_fixed: sr=100.00% | reward=2248.20
Set actor_log_std=-0.35 for stage exploration

=== Stage 8/25: s8_small_pipe_turn_fixed (fixed positions) ===
Stage: agents=2 obs=(36,) grid=(18, 18) starts=[(2, 6), (2, 7)] package=(2, 8) deliveries=[(4, 8), (5, 8)] lanes=104 rand_pkg=False rand_del=False dt=0.05 substeps=8 max_tilt=0.36
Step 1040384 | stage_step=   4096 | Episodes: 68304
Step 1050624 | stage_step=  14336 | Episodes: 69238
Step 1060864 | stage_step=  24576 | Episodes: 70047
Eval @1062912 | stage_step=  26624 | sr=0.00% | reward=-21.60 +/- 0.00 | pickups=0.00 deliveries=0.00 delivered_agents=0.00/2
Step 1071104 | stage_step=  34816 | Episodes: 70871
[MultiQuadEnv] Steps 1-20000 | pickups=935 | deliveries=65 | total_pickups=935 | total_deliveries=65
Step 1081344 | stage_step=  45056 | Episodes: 71598
Eval @1087488 | stage_step=  51200 | sr=0.00% | reward=-22.80 +/- 0.00 | pickups=0.00 deliveries=0.00 delivered_agents=0.00/2
Step 1091584 | stage_step=  55296 | Episodes: 72149
Step 1101824 | stage_step=  65536 | Episodes: 72715
Step 1110016 | stage_step=  73728 | Episodes: 73110
Eval @1112064 | stage_step=  75776 | sr=0.00% | reward=127.60 +/- 0.00 | pickups=1.00 deliveries=0.00 delivered_agents=0.00/2
[MultiQuadEnv] Steps 20001-40000 | pickups=1358 | deliveries=218 | total_pickups=2293 | total_deliveries=283
Step 1120256 | stage_step=  83968 | Episodes: 73577
Step 1130496 | stage_step=  94208 | Episodes: 73922
Eval @1136640 | stage_step= 100352 | sr=0.00% | reward=225.20 +/- 0.00 | pickups=2.00 deliveries=0.00 delivered_agents=0.00/2
Step 1140736 | stage_step= 104448 | Episodes: 74286
Step 1150976 | stage_step= 114688 | Episodes: 74684
[MultiQuadEnv] Steps 40001-60000 | pickups=1640 | deliveries=435 | total_pickups=3933 | total_deliveries=718
Step 1161216 | stage_step= 124928 | Episodes: 75011
Eval @1163264 | stage_step= 126976 | sr=0.00% | reward=675.60 +/- 0.00 | pickups=2.00 deliveries=1.00 delivered_agents=1.00/2
Step 1171456 | stage_step= 135168 | Episodes: 75416
Step 1181696 | stage_step= 145408 | Episodes: 75670
Eval @1187840 | stage_step= 151552 | sr=100.00% | reward=2246.60 +/- 0.00 | pickups=2.00 deliveries=2.00 delivered_agents=2.00/2
Early promotion from s8_small_pipe_turn_fixed: 100.00% >= 75.00%
Restored best for s8_small_pipe_turn_fixed: sr=100.00% | reward=2246.60
Set actor_log_std=-0.35 for stage exploration

=== Stage 9/25: s9_small_pipe_fixed (fixed positions) ===
Stage: agents=2 obs=(36,) grid=(18, 18) starts=[(2, 3), (2, 4)] package=(4, 8) deliveries=[(8, 13), (9, 12)] lanes=104 rand_pkg=False rand_del=False dt=0.05 substeps=8 max_tilt=0.36
Step 1191936 | stage_step=   4096 | Episodes: 76063
Step 1200128 | stage_step=  12288 | Episodes: 76303
Step 1210368 | stage_step=  22528 | Episodes: 76612
Eval @1214464 | stage_step=  26624 | sr=0.00% | reward=-32.50 +/- 0.00 | pickups=0.00 deliveries=0.00 delivered_agents=0.00/2
Step 1220608 | stage_step=  32768 | Episodes: 76923
[MultiQuadEnv] Steps 1-20000 | pickups=111 | deliveries=3 | total_pickups=111 | total_deliveries=3
Step 1230848 | stage_step=  43008 | Episodes: 77318
Eval @1239040 | stage_step=  51200 | sr=0.00% | reward=34.25 +/- 0.00 | pickups=1.00 deliveries=0.00 delivered_agents=0.00/2
Step 1241088 | stage_step=  53248 | Episodes: 77702
Step 1251328 | stage_step=  63488 | Episodes: 78082
Step 1261568 | stage_step=  73728 | Episodes: 78441
Eval @1263616 | stage_step=  75776 | sr=100.00% | reward=2170.25 +/- 0.00 | pickups=2.00 deliveries=2.00 delivered_agents=2.00/2
[MultiQuadEnv] Steps 20001-40000 | pickups=343 | deliveries=0 | total_pickups=454 | total_deliveries=3
Step 1271808 | stage_step=  83968 | Episodes: 78759
Step 1280000 | stage_step=  92160 | Episodes: 79037
Eval @1288192 | stage_step= 100352 | sr=100.00% | reward=2211.35 +/- 0.00 | pickups=2.00 deliveries=2.00 delivered_agents=2.00/2
Early promotion from s9_small_pipe_fixed: 100.00% >= 75.00%
Restored best for s9_small_pipe_fixed: sr=100.00% | reward=2211.35

=== Stage 10/25: s10_pipe_4x4_fixed (fixed positions) ===
Stage: agents=2 obs=(36,) grid=(24, 24) starts=[(2, 3), (2, 4)] package=(14, 3) deliveries=[(18, 15), (19, 14)] lanes=205 rand_pkg=False rand_del=False dt=0.05 substeps=8 max_tilt=0.36
Step 1290240 | stage_step=   2048 | Episodes: 79528
Step 1300480 | stage_step=  12288 | Episodes: 80766
Step 1310720 | stage_step=  22528 | Episodes: 82022
Step 1320960 | stage_step=  32768 | Episodes: 83291
[MultiQuadEnv] Steps 1-20000 | pickups=0 | deliveries=0 | total_pickups=0 | total_deliveries=0
Eval @1329152 | stage_step=  40960 | sr=0.00% | reward=-21.35 +/- 0.00 | pickups=0.00 deliveries=0.00 delivered_agents=0.00/2
Step 1331200 | stage_step=  43008 | Episodes: 84612
Step 1341440 | stage_step=  53248 | Episodes: 85935
Step 1351680 | stage_step=  63488 | Episodes: 87320
Step 1361920 | stage_step=  73728 | Episodes: 88696
[MultiQuadEnv] Steps 20001-40000 | pickups=0 | deliveries=0 | total_pickups=0 | total_deliveries=0
Step 1370112 | stage_step=  81920 | Episodes: 89807
Eval @1370112 | stage_step=  81920 | sr=0.00% | reward=-21.35 +/- 0.00 | pickups=0.00 deliveries=0.00 delivered_agents=0.00/2
Step 1380352 | stage_step=  92160 | Episodes: 91206
Step 1390592 | stage_step= 102400 | Episodes: 92623
Step 1400832 | stage_step= 112640 | Episodes: 94044
[MultiQuadEnv] Steps 40001-60000 | pickups=0 | deliveries=0 | total_pickups=0 | total_deliveries=0
Eval @1409024 | stage_step= 120832 | sr=0.00% | reward=-21.35 +/- 0.00 | pickups=0.00 deliveries=0.00 delivered_agents=0.00/2
Step 1411072 | stage_step= 122880 | Episodes: 95472
Step 1421312 | stage_step= 133120 | Episodes: 96886
Step 1431552 | stage_step= 143360 | Episodes: 98331
Step 1441792 | stage_step= 153600 | Episodes: 99794
[MultiQuadEnv] Steps 60001-80000 | pickups=0 | deliveries=0 | total_pickups=0 | total_deliveries=0
Eval @1449984 | stage_step= 161792 | sr=0.00% | reward=-21.35 +/- 0.00 | pickups=0.00 deliveries=0.00 delivered_agents=0.00/2
Step 1452032 | stage_step= 163840 | Episodes: 101252
Step 1460224 | stage_step= 172032 | Episodes: 102425
Step 1470464 | stage_step= 182272 | Episodes: 103896
Step 1480704 | stage_step= 192512 | Episodes: 105381
[MultiQuadEnv] Steps 80001-100000 | pickups=0 | deliveries=0 | total_pickups=0 | total_deliveries=0
Eval @1488896 | stage_step= 200704 | sr=0.00% | reward=-21.35 +/- 0.00 | pickups=0.00 deliveries=0.00 delivered_agents=0.00/2
Step 1490944 | stage_step= 202752 | Episodes: 106864
Step 1501184 | stage_step= 212992 | Episodes: 108359
Step 1511424 | stage_step= 223232 | Episodes: 109868
Step 1521664 | stage_step= 233472 | Episodes: 111377
[MultiQuadEnv] Steps 100001-120000 | pickups=0 | deliveries=0 | total_pickups=0 | total_deliveries=0
Eval @1529856 | stage_step= 241664 | sr=0.00% | reward=-21.40 +/- 0.00 | pickups=0.00 deliveries=0.00 delivered_agents=0.00/2
Step 1531904 | stage_step= 243712 | Episodes: 112886
Step 1540096 | stage_step= 251904 | Episodes: 114106
Step 1550336 | stage_step= 262144 | Episodes: 115655
Step 1560576 | stage_step= 272384 | Episodes: 117186
[MultiQuadEnv] Steps 120001-140000 | pickups=0 | deliveries=0 | total_pickups=0 | total_deliveries=0
Eval @1568768 | stage_step= 280576 | sr=0.00% | reward=-21.35 +/- 0.00 | pickups=0.00 deliveries=0.00 delivered_agents=0.00/2
Step 1570816 | stage_step= 282624 | Episodes: 118727
Step 1581056 | stage_step= 292864 | Episodes: 120253
Step 1591296 | stage_step= 303104 | Episodes: 121807
Step 1601536 | stage_step= 313344 | Episodes: 123374
[MultiQuadEnv] Steps 140001-160000 | pickups=0 | deliveries=0 | total_pickups=0 | total_deliveries=0
Eval @1609728 | stage_step= 321536 | sr=0.00% | reward=-21.35 +/- 0.00 | pickups=0.00 deliveries=0.00 delivered_agents=0.00/2
Step 1611776 | stage_step= 323584 | Episodes: 124939
Step 1622016 | stage_step= 333824 | Episodes: 126514
Step 1630208 | stage_step= 342016 | Episodes: 127773
Step 1640448 | stage_step= 352256 | Episodes: 129351
[MultiQuadEnv] Steps 160001-180000 | pickups=0 | deliveries=0 | total_pickups=0 | total_deliveries=0
Eval @1648640 | stage_step= 360448 | sr=0.00% | reward=-21.35 +/- 0.00 | pickups=0.00 deliveries=0.00 delivered_agents=0.00/2
Step 1650688 | stage_step= 362496 | Episodes: 130919
Step 1660928 | stage_step= 372736 | Episodes: 132483
Step 1671168 | stage_step= 382976 | Episodes: 134073
Step 1681408 | stage_step= 393216 | Episodes: 135650
[MultiQuadEnv] Steps 180001-200000 | pickups=0 | deliveries=0 | total_pickups=0 | total_deliveries=0
Eval @1689600 | stage_step= 401408 | sr=0.00% | reward=-21.35 +/- 0.00 | pickups=0.00 deliveries=0.00 delivered_agents=0.00/2
Step 1691648 | stage_step= 403456 | Episodes: 137226
Step 1701888 | stage_step= 413696 | Episodes: 138812
Step 1710080 | stage_step= 421888 | Episodes: 140096
Step 1720320 | stage_step= 432128 | Episodes: 141695
[MultiQuadEnv] Steps 200001-220000 | pickups=0 | deliveries=0 | total_pickups=0 | total_deliveries=0
Eval @1728512 | stage_step= 440320 | sr=0.00% | reward=-21.35 +/- 0.00 | pickups=0.00 deliveries=0.00 delivered_agents=0.00/2
Step 1730560 | stage_step= 442368 | Episodes: 143298
Step 1740800 | stage_step= 452608 | Episodes: 144894
Step 1751040 | stage_step= 462848 | Episodes: 146480
Step 1761280 | stage_step= 473088 | Episodes: 148080
[MultiQuadEnv] Steps 220001-240000 | pickups=0 | deliveries=0 | total_pickups=0 | total_deliveries=0
Eval @1769472 | stage_step= 481280 | sr=0.00% | reward=-21.35 +/- 0.00 | pickups=0.00 deliveries=0.00 delivered_agents=0.00/2
Step 1771520 | stage_step= 483328 | Episodes: 149678
Step 1781760 | stage_step= 493568 | Episodes: 151288
Step 1792000 | stage_step= 503808 | Episodes: 152896
Step 1800192 | stage_step= 512000 | Episodes: 154196
[MultiQuadEnv] Steps 240001-260000 | pickups=0 | deliveries=0 | total_pickups=0 | total_deliveries=0
Eval @1808384 | stage_step= 520192 | sr=0.00% | reward=-21.35 +/- 0.00 | pickups=0.00 deliveries=0.00 delivered_agents=0.00/2
Step 1810432 | stage_step= 522240 | Episodes: 155815
Step 1820672 | stage_step= 532480 | Episodes: 157431
Step 1830912 | stage_step= 542720 | Episodes: 159058
Step 1841152 | stage_step= 552960 | Episodes: 160679
[MultiQuadEnv] Steps 260001-280000 | pickups=0 | deliveries=0 | total_pickups=0 | total_deliveries=0
Eval @1849344 | stage_step= 561152 | sr=0.00% | reward=-21.35 +/- 0.00 | pickups=0.00 deliveries=0.00 delivered_agents=0.00/2
Step 1851392 | stage_step= 563200 | Episodes: 162317
Step 1861632 | stage_step= 573440 | Episodes: 163959
Step 1871872 | stage_step= 583680 | Episodes: 165599
Step 1880064 | stage_step= 591872 | Episodes: 166916
[MultiQuadEnv] Steps 280001-300000 | pickups=0 | deliveries=0 | total_pickups=0 | total_deliveries=0
Eval @1888256 | stage_step= 600064 | sr=0.00% | reward=-21.35 +/- 0.00 | pickups=0.00 deliveries=0.00 delivered_agents=0.00/2
Step 1890304 | stage_step= 602112 | Episodes: 168555
Step 1900544 | stage_step= 612352 | Episodes: 170209
Step 1910784 | stage_step= 622592 | Episodes: 171861
Step 1921024 | stage_step= 632832 | Episodes: 173513
[MultiQuadEnv] Steps 300001-320000 | pickups=0 | deliveries=0 | total_pickups=0 | total_deliveries=0
Eval @1929216 | stage_step= 641024 | sr=0.00% | reward=-21.35 +/- 0.00 | pickups=0.00 deliveries=0.00 delivered_agents=0.00/2
Step 1931264 | stage_step= 643072 | Episodes: 175171
Step 1941504 | stage_step= 653312 | Episodes: 176831
Step 1951744 | stage_step= 663552 | Episodes: 178497
Step 1961984 | stage_step= 673792 | Episodes: 180165
[MultiQuadEnv] Steps 320001-340000 | pickups=0 | deliveries=0 | total_pickups=0 | total_deliveries=0
Step 1970176 | stage_step= 681984 | Episodes: 181499
Eval @1970176 | stage_step= 681984 | sr=0.00% | reward=-21.35 +/- 0.00 | pickups=0.00 deliveries=0.00 delivered_agents=0.00/2
Step 1980416 | stage_step= 692224 | Episodes: 183170
Step 1990656 | stage_step= 702464 | Episodes: 184846
Step 2000896 | stage_step= 712704 | Episodes: 186524
[MultiQuadEnv] Steps 340001-360000 | pickups=0 | deliveries=0 | total_pickups=0 | total_deliveries=0
Eval @2009088 | stage_step= 720896 | sr=0.00% | reward=-21.35 +/- 0.00 | pickups=0.00 deliveries=0.00 delivered_agents=0.00/2
Step 2011136 | stage_step= 722944 | Episodes: 188205
Step 2021376 | stage_step= 733184 | Episodes: 189883
Step 2031616 | stage_step= 743424 | Episodes: 191565
Step 2041856 | stage_step= 753664 | Episodes: 193255
[MultiQuadEnv] Steps 360001-380000 | pickups=0 | deliveries=0 | total_pickups=0 | total_deliveries=0
Step 2050048 | stage_step= 761856 | Episodes: 194602
Eval @2050048 | stage_step= 761856 | sr=0.00% | reward=-21.35 +/- 0.00 | pickups=0.00 deliveries=0.00 delivered_agents=0.00/2
Step 2060288 | stage_step= 772096 | Episodes: 196290
Step 2070528 | stage_step= 782336 | Episodes: 197983
Step 2080768 | stage_step= 792576 | Episodes: 199679
[MultiQuadEnv] Steps 380001-400000 | pickups=0 | deliveries=0 | total_pickups=0 | total_deliveries=0
Eval @2088960 | stage_step= 800768 | sr=0.00% | reward=-21.35 +/- 0.00 | pickups=0.00 deliveries=0.00 delivered_agents=0.00/2
Step 2091008 | stage_step= 802816 | Episodes: 201374
Step 2101248 | stage_step= 813056 | Episodes: 203070
Step 2111488 | stage_step= 823296 | Episodes: 204764
Step 2121728 | stage_step= 833536 | Episodes: 206464
[MultiQuadEnv] Steps 400001-420000 | pickups=0 | deliveries=0 | total_pickups=0 | total_deliveries=0
Eval @2129920 | stage_step= 841728 | sr=0.00% | reward=-21.35 +/- 0.00 | pickups=0.00 deliveries=0.00 delivered_agents=0.00/2
Step 2131968 | stage_step= 843776 | Episodes: 208161
Step 2140160 | stage_step= 851968 | Episodes: 209520
Eval @2140160 | stage_step= 851968 | sr=0.00% | reward=-21.35 +/- 0.00 | pickups=0.00 deliveries=0.00 delivered_agents=0.00/2
Full budget used for s10_pipe_4x4_fixed. Best stage success=0.00%.
No successful checkpoint found for s10_pipe_4x4_fixed; restored pre-stage model.
Final eval | success_rate=100.00% | mean_reward=2211.35 +/- 0.00 | pickups=2.00 deliveries=2.00 | delivered_agents=2.00/2 

### SWEEP 9/20: quad_physics_mappo_fixed_v12_sweep_stable_seed7 ###

Using device: cpu
Initial Quad MAPPO: agents=2 obs=(36,) grid=(6, 5) starts=[(4, 2), (3, 2)] package=(2, 2) deliveries=[(1, 1), (1, 3)] lanes=6 rand_pkg=False rand_del=False dt=0.05 substeps=8 max_tilt=0.36

=== Stage 1/25: s1_short_t_fixed (fixed positions) ===
Stage: agents=2 obs=(36,) grid=(6, 5) starts=[(4, 2), (3, 2)] package=(2, 2) deliveries=[(1, 1), (1, 3)] lanes=6 rand_pkg=False rand_del=False dt=0.05 substeps=8 max_tilt=0.36
Step   10240 | stage_step=  10240 | Episodes:  1154
Step   20480 | stage_step=  20480 | Episodes:  2417
Eval @  20480 | stage_step=  20480 | sr=0.00% | reward=127.60 +/- 0.00 | pickups=1.00 deliveries=0.00 delivered_agents=0.00/2
Step   30720 | stage_step=  30720 | Episodes:  3584
[MultiQuadEnv] Steps 1-20000 | pickups=2769 | deliveries=428 | total_pickups=2769 | total_deliveries=428
Step   40960 | stage_step=  40960 | Episodes:  4662
Eval @  40960 | stage_step=  40960 | sr=0.00% | reward=726.80 +/- 0.00 | pickups=2.00 deliveries=1.00 delivered_agents=1.00/2
Step   51200 | stage_step=  51200 | Episodes:  5656
Step   61440 | stage_step=  61440 | Episodes:  6540
Eval @  61440 | stage_step=  61440 | sr=0.00% | reward=727.40 +/- 0.00 | pickups=2.00 deliveries=1.00 delivered_agents=1.00/2
Step   71680 | stage_step=  71680 | Episodes:  7325
[MultiQuadEnv] Steps 20001-40000 | pickups=4380 | deliveries=1564 | total_pickups=7149 | total_deliveries=1992
Step   81920 | stage_step=  81920 | Episodes:  8066
Eval @  81920 | stage_step=  81920 | sr=100.00% | reward=2297.00 +/- 0.00 | pickups=2.00 deliveries=2.00 delivered_agents=2.00/2
Early promotion from s1_short_t_fixed: 100.00% >= 90.00%
Restored best for s1_short_t_fixed: sr=100.00% | reward=2297.00

=== Stage 2/25: s2_wider_t_stem_fixed (fixed positions) ===
Stage: agents=2 obs=(36,) grid=(8, 9) starts=[(6, 4), (5, 4)] package=(3, 4) deliveries=[(2, 4), (1, 4)] lanes=12 rand_pkg=False rand_del=False dt=0.05 substeps=8 max_tilt=0.36
Step   90112 | stage_step=   8192 | Episodes:  8811
Step  100352 | stage_step=  18432 | Episodes:  9675
Eval @ 108544 | stage_step=  26624 | sr=100.00% | reward=2247.60 +/- 0.00 | pickups=2.00 deliveries=2.00 delivered_agents=2.00/2
Step  110592 | stage_step=  28672 | Episodes: 10541
Step  120832 | stage_step=  38912 | Episodes: 11374
[MultiQuadEnv] Steps 1-20000 | pickups=4232 | deliveries=2471 | total_pickups=4232 | total_deliveries=2471
Step  131072 | stage_step=  49152 | Episodes: 12155
Eval @ 133120 | stage_step=  51200 | sr=100.00% | reward=2247.60 +/- 0.00 | pickups=2.00 deliveries=2.00 delivered_agents=2.00/2
Step  141312 | stage_step=  59392 | Episodes: 12938
Step  151552 | stage_step=  69632 | Episodes: 13723
Eval @ 157696 | stage_step=  75776 | sr=100.00% | reward=2247.80 +/- 0.00 | pickups=2.00 deliveries=2.00 delivered_agents=2.00/2
Step  161792 | stage_step=  79872 | Episodes: 14487
[MultiQuadEnv] Steps 20001-40000 | pickups=4870 | deliveries=4017 | total_pickups=9102 | total_deliveries=6488
Step  172032 | stage_step=  90112 | Episodes: 15239
Step  180224 | stage_step=  98304 | Episodes: 15856
Eval @ 182272 | stage_step= 100352 | sr=100.00% | reward=2247.80 +/- 0.00 | pickups=2.00 deliveries=2.00 delivered_agents=2.00/2
Early promotion from s2_wider_t_stem_fixed: 100.00% >= 85.00%
Restored best for s2_wider_t_stem_fixed: sr=100.00% | reward=2247.80

=== Stage 3/25: s3_wider_t_near_branch_fixed (fixed positions) ===
Stage: agents=2 obs=(36,) grid=(8, 9) starts=[(6, 4), (5, 4)] package=(2, 4) deliveries=[(1, 3), (1, 5)] lanes=12 rand_pkg=False rand_del=False dt=0.05 substeps=8 max_tilt=0.36
Step  190464 | stage_step=   8192 | Episodes: 16354
Step  200704 | stage_step=  18432 | Episodes: 16834
Eval @ 208896 | stage_step=  26624 | sr=0.00% | reward=277.60 +/- 0.00 | pickups=2.00 deliveries=0.00 delivered_agents=0.00/2
Step  210944 | stage_step=  28672 | Episodes: 17270
Step  221184 | stage_step=  38912 | Episodes: 17752
[MultiQuadEnv] Steps 1-20000 | pickups=2505 | deliveries=191 | total_pickups=2505 | total_deliveries=191
Step  231424 | stage_step=  49152 | Episodes: 18257
Eval @ 233472 | stage_step=  51200 | sr=0.00% | reward=442.80 +/- 0.00 | pickups=2.00 deliveries=1.00 delivered_agents=1.00/2
Step  241664 | stage_step=  59392 | Episodes: 18673
Step  251904 | stage_step=  69632 | Episodes: 19065
Eval @ 258048 | stage_step=  75776 | sr=0.00% | reward=442.80 +/- 0.00 | pickups=2.00 deliveries=1.00 delivered_agents=1.00/2
Step  260096 | stage_step=  77824 | Episodes: 19387
[MultiQuadEnv] Steps 20001-40000 | pickups=2414 | deliveries=627 | total_pickups=4919 | total_deliveries=818
Step  270336 | stage_step=  88064 | Episodes: 19790
Step  280576 | stage_step=  98304 | Episodes: 20145
Eval @ 282624 | stage_step= 100352 | sr=0.00% | reward=776.00 +/- 0.00 | pickups=2.00 deliveries=1.00 delivered_agents=1.00/2
Step  290816 | stage_step= 108544 | Episodes: 20573
Step  301056 | stage_step= 118784 | Episodes: 20954
[MultiQuadEnv] Steps 40001-60000 | pickups=2368 | deliveries=1045 | total_pickups=7287 | total_deliveries=1863
Eval @ 309248 | stage_step= 126976 | sr=100.00% | reward=2296.40 +/- 0.00 | pickups=2.00 deliveries=2.00 delivered_agents=2.00/2
Early promotion from s3_wider_t_near_branch_fixed: 100.00% >= 75.00%
Restored best for s3_wider_t_near_branch_fixed: sr=100.00% | reward=2296.40

=== Stage 4/25: s4_wider_t_branch_fixed (fixed positions) ===
Stage: agents=2 obs=(36,) grid=(8, 9) starts=[(6, 4), (5, 4)] package=(3, 4) deliveries=[(1, 1), (1, 7)] lanes=12 rand_pkg=False rand_del=False dt=0.05 substeps=8 max_tilt=0.36
Step  311296 | stage_step=   2048 | Episodes: 21396
Step  321536 | stage_step=  12288 | Episodes: 22197
Step  331776 | stage_step=  22528 | Episodes: 22986
Eval @ 335872 | stage_step=  26624 | sr=0.00% | reward=277.30 +/- 0.00 | pickups=2.00 deliveries=0.00 delivered_agents=0.00/2
Step  342016 | stage_step=  32768 | Episodes: 23748
[MultiQuadEnv] Steps 1-20000 | pickups=4821 | deliveries=11 | total_pickups=4821 | total_deliveries=11
Step  350208 | stage_step=  40960 | Episodes: 24347
Step  360448 | stage_step=  51200 | Episodes: 25062
Eval @ 360448 | stage_step=  51200 | sr=0.00% | reward=276.45 +/- 0.00 | pickups=2.00 deliveries=0.00 delivered_agents=0.00/2
Step  370688 | stage_step=  61440 | Episodes: 25756
Step  380928 | stage_step=  71680 | Episodes: 26419
Eval @ 385024 | stage_step=  75776 | sr=0.00% | reward=276.45 +/- 0.00 | pickups=2.00 deliveries=0.00 delivered_agents=0.00/2
[MultiQuadEnv] Steps 20001-40000 | pickups=4689 | deliveries=221 | total_pickups=9510 | total_deliveries=232
Step  391168 | stage_step=  81920 | Episodes: 27011
Step  401408 | stage_step=  92160 | Episodes: 27590
Eval @ 409600 | stage_step= 100352 | sr=100.00% | reward=2295.10 +/- 0.00 | pickups=2.00 deliveries=2.00 delivered_agents=2.00/2
Early promotion from s4_wider_t_branch_fixed: 100.00% >= 80.00%
Restored best for s4_wider_t_branch_fixed: sr=100.00% | reward=2295.10
Set actor_log_std=-0.35 for stage exploration

=== Stage 5/25: s5_tiny_pipe_line_fixed (fixed positions) ===
Stage: agents=2 obs=(36,) grid=(12, 12) starts=[(2, 3), (2, 4)] package=(2, 5) deliveries=[(2, 6), (2, 7)] lanes=47 rand_pkg=False rand_del=False dt=0.05 substeps=8 max_tilt=0.36
Step  411648 | stage_step=   2048 | Episodes: 28224
Step  421888 | stage_step=  12288 | Episodes: 29110
Step  430080 | stage_step=  20480 | Episodes: 29760
Eval @ 436224 | stage_step=  26624 | sr=0.00% | reward=226.20 +/- 0.00 | pickups=2.00 deliveries=0.00 delivered_agents=0.00/2
Step  440320 | stage_step=  30720 | Episodes: 30507
[MultiQuadEnv] Steps 1-20000 | pickups=2493 | deliveries=740 | total_pickups=2493 | total_deliveries=740
Step  450560 | stage_step=  40960 | Episodes: 31264
Step  460800 | stage_step=  51200 | Episodes: 32002
Eval @ 460800 | stage_step=  51200 | sr=100.00% | reward=2247.85 +/- 0.00 | pickups=2.00 deliveries=2.00 delivered_agents=2.00/2
Step  471040 | stage_step=  61440 | Episodes: 32746
Step  481280 | stage_step=  71680 | Episodes: 33494
Eval @ 485376 | stage_step=  75776 | sr=100.00% | reward=2247.80 +/- 0.00 | pickups=2.00 deliveries=2.00 delivered_agents=2.00/2
[MultiQuadEnv] Steps 20001-40000 | pickups=3535 | deliveries=1797 | total_pickups=6028 | total_deliveries=2537
Step  491520 | stage_step=  81920 | Episodes: 34249
Step  501760 | stage_step=  92160 | Episodes: 34980
Eval @ 509952 | stage_step= 100352 | sr=100.00% | reward=2248.05 +/- 0.00 | pickups=2.00 deliveries=2.00 delivered_agents=2.00/2
Early promotion from s5_tiny_pipe_line_fixed: 100.00% >= 80.00%
Restored best for s5_tiny_pipe_line_fixed: sr=100.00% | reward=2248.05
Set actor_log_std=-0.35 for stage exploration

=== Stage 6/25: s6_small_pipe_line_fixed (fixed positions) ===
Stage: agents=2 obs=(36,) grid=(18, 18) starts=[(2, 3), (2, 4)] package=(2, 6) deliveries=[(2, 8), (2, 9)] lanes=104 rand_pkg=False rand_del=False dt=0.05 substeps=8 max_tilt=0.36
Step  512000 | stage_step=   2048 | Episodes: 35794
Step  520192 | stage_step=  10240 | Episodes: 36327
Step  530432 | stage_step=  20480 | Episodes: 36851
Eval @ 536576 | stage_step=  26624 | sr=100.00% | reward=2297.60 +/- 0.00 | pickups=2.00 deliveries=2.00 delivered_agents=2.00/2
Step  540672 | stage_step=  30720 | Episodes: 37426
[MultiQuadEnv] Steps 1-20000 | pickups=2231 | deliveries=832 | total_pickups=2231 | total_deliveries=832
Step  550912 | stage_step=  40960 | Episodes: 38029
Step  561152 | stage_step=  51200 | Episodes: 38581
Eval @ 561152 | stage_step=  51200 | sr=100.00% | reward=2297.60 +/- 0.00 | pickups=2.00 deliveries=2.00 delivered_agents=2.00/2
Step  571392 | stage_step=  61440 | Episodes: 39143
Step  581632 | stage_step=  71680 | Episodes: 39722
Eval @ 585728 | stage_step=  75776 | sr=0.00% | reward=726.00 +/- 0.00 | pickups=2.00 deliveries=1.00 delivered_agents=1.00/2
[MultiQuadEnv] Steps 20001-40000 | pickups=2403 | deliveries=1103 | total_pickups=4634 | total_deliveries=1935
Step  591872 | stage_step=  81920 | Episodes: 40261
Step  600064 | stage_step=  90112 | Episodes: 40695
Step  610304 | stage_step= 100352 | Episodes: 41261
Eval @ 610304 | stage_step= 100352 | sr=0.00% | reward=726.20 +/- 0.00 | pickups=2.00 deliveries=1.00 delivered_agents=1.00/2
Step  620544 | stage_step= 110592 | Episodes: 41723
[MultiQuadEnv] Steps 40001-60000 | pickups=2621 | deliveries=1539 | total_pickups=7255 | total_deliveries=3474
Step  630784 | stage_step= 120832 | Episodes: 42256
Eval @ 636928 | stage_step= 126976 | sr=100.00% | reward=2247.40 +/- 0.00 | pickups=2.00 deliveries=2.00 delivered_agents=2.00/2
Early promotion from s6_small_pipe_line_fixed: 100.00% >= 80.00%
Restored best for s6_small_pipe_line_fixed: sr=100.00% | reward=2297.60
Set actor_log_std=-0.35 for stage exploration

=== Stage 7/25: s7_small_pipe_vertical_fixed (fixed positions) ===
Stage: agents=2 obs=(36,) grid=(18, 18) starts=[(2, 8), (3, 8)] package=(4, 8) deliveries=[(5, 8), (6, 8)] lanes=104 rand_pkg=False rand_del=False dt=0.05 substeps=8 max_tilt=0.36
Step  641024 | stage_step=   4096 | Episodes: 43057
Step  651264 | stage_step=  14336 | Episodes: 44308
Step  661504 | stage_step=  24576 | Episodes: 45391
Eval @ 663552 | stage_step=  26624 | sr=0.00% | reward=-32.00 +/- 0.00 | pickups=0.00 deliveries=0.00 delivered_agents=0.00/2
Step  671744 | stage_step=  34816 | Episodes: 46031
[MultiQuadEnv] Steps 1-20000 | pickups=740 | deliveries=131 | total_pickups=740 | total_deliveries=131
Step  681984 | stage_step=  45056 | Episodes: 46585
Eval @ 688128 | stage_step=  51200 | sr=100.00% | reward=2244.80 +/- 0.00 | pickups=2.00 deliveries=2.00 delivered_agents=2.00/2
Step  690176 | stage_step=  53248 | Episodes: 47000
Step  700416 | stage_step=  63488 | Episodes: 47510
Step  710656 | stage_step=  73728 | Episodes: 47996
Eval @ 712704 | stage_step=  75776 | sr=100.00% | reward=2246.60 +/- 0.00 | pickups=2.00 deliveries=2.00 delivered_agents=2.00/2
[MultiQuadEnv] Steps 20001-40000 | pickups=1495 | deliveries=608 | total_pickups=2235 | total_deliveries=739
Step  720896 | stage_step=  83968 | Episodes: 48490
Step  731136 | stage_step=  94208 | Episodes: 49047
Eval @ 737280 | stage_step= 100352 | sr=100.00% | reward=2246.80 +/- 0.00 | pickups=2.00 deliveries=2.00 delivered_agents=2.00/2
Early promotion from s7_small_pipe_vertical_fixed: 100.00% >= 80.00%
Restored best for s7_small_pipe_vertical_fixed: sr=100.00% | reward=2246.80
Set actor_log_std=-0.35 for stage exploration

=== Stage 8/25: s8_small_pipe_turn_fixed (fixed positions) ===
Stage: agents=2 obs=(36,) grid=(18, 18) starts=[(2, 6), (2, 7)] package=(2, 8) deliveries=[(4, 8), (5, 8)] lanes=104 rand_pkg=False rand_del=False dt=0.05 substeps=8 max_tilt=0.36
Step  741376 | stage_step=   4096 | Episodes: 49672
Step  751616 | stage_step=  14336 | Episodes: 50388
Step  761856 | stage_step=  24576 | Episodes: 51001
Eval @ 763904 | stage_step=  26624 | sr=0.00% | reward=128.00 +/- 0.00 | pickups=1.00 deliveries=0.00 delivered_agents=0.00/2
Step  770048 | stage_step=  32768 | Episodes: 51501
[MultiQuadEnv] Steps 1-20000 | pickups=1552 | deliveries=151 | total_pickups=1552 | total_deliveries=151
Step  780288 | stage_step=  43008 | Episodes: 52035
Eval @ 788480 | stage_step=  51200 | sr=0.00% | reward=556.40 +/- 0.00 | pickups=1.00 deliveries=1.00 delivered_agents=1.00/2
Step  790528 | stage_step=  53248 | Episodes: 52502
Step  800768 | stage_step=  63488 | Episodes: 52926
Step  811008 | stage_step=  73728 | Episodes: 53264
Eval @ 813056 | stage_step=  75776 | sr=0.00% | reward=556.40 +/- 0.00 | pickups=1.00 deliveries=1.00 delivered_agents=1.00/2
[MultiQuadEnv] Steps 20001-40000 | pickups=1361 | deliveries=298 | total_pickups=2913 | total_deliveries=449
Step  821248 | stage_step=  83968 | Episodes: 53678
Step  831488 | stage_step=  94208 | Episodes: 54125
Eval @ 837632 | stage_step= 100352 | sr=0.00% | reward=572.80 +/- 0.00 | pickups=1.00 deliveries=1.00 delivered_agents=1.00/2
Step  841728 | stage_step= 104448 | Episodes: 54525
Step  851968 | stage_step= 114688 | Episodes: 54933
[MultiQuadEnv] Steps 40001-60000 | pickups=1746 | deliveries=481 | total_pickups=4659 | total_deliveries=930
Step  860160 | stage_step= 122880 | Episodes: 55296
Eval @ 864256 | stage_step= 126976 | sr=0.00% | reward=726.00 +/- 0.00 | pickups=2.00 deliveries=1.00 delivered_agents=1.00/2
Step  870400 | stage_step= 133120 | Episodes: 55676
Step  880640 | stage_step= 143360 | Episodes: 56066
Eval @ 888832 | stage_step= 151552 | sr=100.00% | reward=2246.20 +/- 0.00 | pickups=2.00 deliveries=2.00 delivered_agents=2.00/2
Early promotion from s8_small_pipe_turn_fixed: 100.00% >= 75.00%
Restored best for s8_small_pipe_turn_fixed: sr=100.00% | reward=2246.20
Set actor_log_std=-0.35 for stage exploration

=== Stage 9/25: s9_small_pipe_fixed (fixed positions) ===
Stage: agents=2 obs=(36,) grid=(18, 18) starts=[(2, 3), (2, 4)] package=(4, 8) deliveries=[(8, 13), (9, 12)] lanes=104 rand_pkg=False rand_del=False dt=0.05 substeps=8 max_tilt=0.36
Step  890880 | stage_step=   2048 | Episodes: 56483
Step  901120 | stage_step=  12288 | Episodes: 57002
Step  911360 | stage_step=  22528 | Episodes: 57559
Eval @ 915456 | stage_step=  26624 | sr=0.00% | reward=-22.55 +/- 0.00 | pickups=0.00 deliveries=0.00 delivered_agents=0.00/2
Step  921600 | stage_step=  32768 | Episodes: 58212
[MultiQuadEnv] Steps 1-20000 | pickups=370 | deliveries=0 | total_pickups=370 | total_deliveries=0
Step  931840 | stage_step=  43008 | Episodes: 58867
Step  940032 | stage_step=  51200 | Episodes: 59322
Eval @ 940032 | stage_step=  51200 | sr=0.00% | reward=228.85 +/- 0.00 | pickups=2.00 deliveries=0.00 delivered_agents=0.00/2
Step  950272 | stage_step=  61440 | Episodes: 59997
Step  960512 | stage_step=  71680 | Episodes: 60531
Eval @ 964608 | stage_step=  75776 | sr=0.00% | reward=272.20 +/- 0.00 | pickups=2.00 deliveries=0.00 delivered_agents=0.00/2
[MultiQuadEnv] Steps 20001-40000 | pickups=748 | deliveries=0 | total_pickups=1118 | total_deliveries=0
Step  970752 | stage_step=  81920 | Episodes: 61095
Step  980992 | stage_step=  92160 | Episodes: 61584
Eval @ 989184 | stage_step= 100352 | sr=0.00% | reward=116.80 +/- 0.00 | pickups=1.00 deliveries=0.00 delivered_agents=0.00/2
Step  991232 | stage_step= 102400 | Episodes: 62014
Step 1001472 | stage_step= 112640 | Episodes: 62425
[MultiQuadEnv] Steps 40001-60000 | pickups=1157 | deliveries=0 | total_pickups=2275 | total_deliveries=0
Step 1011712 | stage_step= 122880 | Episodes: 62836
Eval @1015808 | stage_step= 126976 | sr=0.00% | reward=272.25 +/- 0.00 | pickups=2.00 deliveries=0.00 delivered_agents=0.00/2
Step 1021952 | stage_step= 133120 | Episodes: 63231
Step 1030144 | stage_step= 141312 | Episodes: 63546
Step 1040384 | stage_step= 151552 | Episodes: 63905
Eval @1040384 | stage_step= 151552 | sr=0.00% | reward=271.30 +/- 0.00 | pickups=2.00 deliveries=0.00 delivered_agents=0.00/2
[MultiQuadEnv] Steps 60001-80000 | pickups=1576 | deliveries=0 | total_pickups=3851 | total_deliveries=0
Step 1050624 | stage_step= 161792 | Episodes: 64240
Step 1060864 | stage_step= 172032 | Episodes: 64572
Eval @1064960 | stage_step= 176128 | sr=0.00% | reward=273.30 +/- 0.00 | pickups=2.00 deliveries=0.00 delivered_agents=0.00/2
Step 1071104 | stage_step= 182272 | Episodes: 64872
Step 1081344 | stage_step= 192512 | Episodes: 65140
[MultiQuadEnv] Steps 80001-100000 | pickups=1547 | deliveries=0 | total_pickups=5398 | total_deliveries=0
Eval @1089536 | stage_step= 200704 | sr=0.00% | reward=273.30 +/- 0.00 | pickups=2.00 deliveries=0.00 delivered_agents=0.00/2
Step 1091584 | stage_step= 202752 | Episodes: 65413
Step 1101824 | stage_step= 212992 | Episodes: 65702
Step 1110016 | stage_step= 221184 | Episodes: 65972
Eval @1114112 | stage_step= 225280 | sr=0.00% | reward=272.85 +/- 0.00 | pickups=2.00 deliveries=0.00 delivered_agents=0.00/2
Step 1120256 | stage_step= 231424 | Episodes: 66302
[MultiQuadEnv] Steps 100001-120000 | pickups=1821 | deliveries=0 | total_pickups=7219 | total_deliveries=0
Step 1130496 | stage_step= 241664 | Episodes: 66621
Step 1140736 | stage_step= 251904 | Episodes: 66939
Eval @1140736 | stage_step= 251904 | sr=0.00% | reward=273.40 +/- 0.00 | pickups=2.00 deliveries=0.00 delivered_agents=0.00/2
Step 1150976 | stage_step= 262144 | Episodes: 67243
Step 1161216 | stage_step= 272384 | Episodes: 67574
Eval @1165312 | stage_step= 276480 | sr=0.00% | reward=273.65 +/- 0.00 | pickups=2.00 deliveries=0.00 delivered_agents=0.00/2
[MultiQuadEnv] Steps 120001-140000 | pickups=1995 | deliveries=0 | total_pickups=9214 | total_deliveries=0
Step 1171456 | stage_step= 282624 | Episodes: 67905
Step 1181696 | stage_step= 292864 | Episodes: 68221
Eval @1189888 | stage_step= 301056 | sr=0.00% | reward=273.30 +/- 0.00 | pickups=2.00 deliveries=0.00 delivered_agents=0.00/2
Step 1191936 | stage_step= 303104 | Episodes: 68550
Step 1200128 | stage_step= 311296 | Episodes: 68809
[MultiQuadEnv] Steps 140001-160000 | pickups=2159 | deliveries=0 | total_pickups=11373 | total_deliveries=0
Step 1210368 | stage_step= 321536 | Episodes: 69140
Eval @1214464 | stage_step= 325632 | sr=0.00% | reward=272.95 +/- 0.00 | pickups=2.00 deliveries=0.00 delivered_agents=0.00/2
Step 1220608 | stage_step= 331776 | Episodes: 69461
Step 1230848 | stage_step= 342016 | Episodes: 69778
Eval @1239040 | stage_step= 350208 | sr=0.00% | reward=272.85 +/- 0.00 | pickups=2.00 deliveries=0.00 delivered_agents=0.00/2
Step 1241088 | stage_step= 352256 | Episodes: 70089
[MultiQuadEnv] Steps 160001-180000 | pickups=2150 | deliveries=0 | total_pickups=13523 | total_deliveries=0
Step 1251328 | stage_step= 362496 | Episodes: 70394
Step 1261568 | stage_step= 372736 | Episodes: 70703
Eval @1265664 | stage_step= 376832 | sr=0.00% | reward=272.75 +/- 0.00 | pickups=2.00 deliveries=0.00 delivered_agents=0.00/2
Step 1271808 | stage_step= 382976 | Episodes: 71005
Step 1280000 | stage_step= 391168 | Episodes: 71221
[MultiQuadEnv] Steps 180001-200000 | pickups=2008 | deliveries=0 | total_pickups=15531 | total_deliveries=0
Step 1290240 | stage_step= 401408 | Episodes: 71525
Eval @1290240 | stage_step= 401408 | sr=0.00% | reward=271.95 +/- 0.00 | pickups=2.00 deliveries=0.00 delivered_agents=0.00/2
Step 1300480 | stage_step= 411648 | Episodes: 71821
Step 1310720 | stage_step= 421888 | Episodes: 72095
Eval @1314816 | stage_step= 425984 | sr=0.00% | reward=272.85 +/- 0.00 | pickups=2.00 deliveries=0.00 delivered_agents=0.00/2
Step 1320960 | stage_step= 432128 | Episodes: 72366
[MultiQuadEnv] Steps 200001-220000 | pickups=1951 | deliveries=0 | total_pickups=17482 | total_deliveries=0
Step 1331200 | stage_step= 442368 | Episodes: 72630
Eval @1339392 | stage_step= 450560 | sr=0.00% | reward=271.75 +/- 0.00 | pickups=2.00 deliveries=0.00 delivered_agents=0.00/2
Step 1341440 | stage_step= 452608 | Episodes: 72895
Step 1351680 | stage_step= 462848 | Episodes: 73159
Step 1361920 | stage_step= 473088 | Episodes: 73422
Eval @1363968 | stage_step= 475136 | sr=0.00% | reward=270.50 +/- 0.00 | pickups=2.00 deliveries=0.00 delivered_agents=0.00/2
[MultiQuadEnv] Steps 220001-240000 | pickups=1870 | deliveries=3 | total_pickups=19352 | total_deliveries=3
Step 1370112 | stage_step= 481280 | Episodes: 73616
Step 1380352 | stage_step= 491520 | Episodes: 73833
Step 1390592 | stage_step= 501760 | Episodes: 74009
Eval @1390592 | stage_step= 501760 | sr=0.00% | reward=-341.55 +/- 0.00 | pickups=2.00 deliveries=1.00 delivered_agents=1.00/2
Step 1400832 | stage_step= 512000 | Episodes: 74159
[MultiQuadEnv] Steps 240001-260000 | pickups=1257 | deliveries=190 | total_pickups=20609 | total_deliveries=193
Step 1411072 | stage_step= 522240 | Episodes: 74292
Eval @1415168 | stage_step= 526336 | sr=0.00% | reward=-343.45 +/- 0.00 | pickups=2.00 deliveries=1.00 delivered_agents=1.00/2
Step 1421312 | stage_step= 532480 | Episodes: 74420
Step 1431552 | stage_step= 542720 | Episodes: 74560
Eval @1439744 | stage_step= 550912 | sr=0.00% | reward=-343.60 +/- 0.00 | pickups=2.00 deliveries=1.00 delivered_agents=1.00/2
Step 1441792 | stage_step= 552960 | Episodes: 74718
[MultiQuadEnv] Steps 260001-280000 | pickups=1046 | deliveries=359 | total_pickups=21655 | total_deliveries=552
Step 1452032 | stage_step= 563200 | Episodes: 74868
Step 1460224 | stage_step= 571392 | Episodes: 74981
Eval @1464320 | stage_step= 575488 | sr=0.00% | reward=-339.70 +/- 0.00 | pickups=2.00 deliveries=1.00 delivered_agents=1.00/2
Step 1470464 | stage_step= 581632 | Episodes: 75117
Step 1480704 | stage_step= 591872 | Episodes: 75242
[MultiQuadEnv] Steps 280001-300000 | pickups=941 | deliveries=350 | total_pickups=22596 | total_deliveries=902
Eval @1488896 | stage_step= 600064 | sr=0.00% | reward=-343.40 +/- 0.00 | pickups=2.00 deliveries=1.00 delivered_agents=1.00/2
Step 1490944 | stage_step= 602112 | Episodes: 75366
Step 1501184 | stage_step= 612352 | Episodes: 75486
Step 1511424 | stage_step= 622592 | Episodes: 75606
Eval @1515520 | stage_step= 626688 | sr=0.00% | reward=-340.65 +/- 0.00 | pickups=2.00 deliveries=1.00 delivered_agents=1.00/2
Step 1521664 | stage_step= 632832 | Episodes: 75736
[MultiQuadEnv] Steps 300001-320000 | pickups=942 | deliveries=370 | total_pickups=23538 | total_deliveries=1272
Step 1531904 | stage_step= 643072 | Episodes: 75881
Step 1540096 | stage_step= 651264 | Episodes: 76013
Eval @1540096 | stage_step= 651264 | sr=0.00% | reward=-342.05 +/- 0.00 | pickups=2.00 deliveries=1.00 delivered_agents=1.00/2
Step 1550336 | stage_step= 661504 | Episodes: 76173
Step 1560576 | stage_step= 671744 | Episodes: 76320
Eval @1564672 | stage_step= 675840 | sr=0.00% | reward=-336.60 +/- 0.00 | pickups=2.00 deliveries=1.00 delivered_agents=1.00/2
[MultiQuadEnv] Steps 320001-340000 | pickups=1102 | deliveries=403 | total_pickups=24640 | total_deliveries=1675
Step 1570816 | stage_step= 681984 | Episodes: 76469
Step 1581056 | stage_step= 692224 | Episodes: 76617
Eval @1589248 | stage_step= 700416 | sr=0.00% | reward=-336.30 +/- 0.00 | pickups=2.00 deliveries=1.00 delivered_agents=1.00/2
Step 1591296 | stage_step= 702464 | Episodes: 76744
Step 1601536 | stage_step= 712704 | Episodes: 76883
[MultiQuadEnv] Steps 340001-360000 | pickups=955 | deliveries=411 | total_pickups=25595 | total_deliveries=2086
Step 1611776 | stage_step= 722944 | Episodes: 77002
Eval @1615872 | stage_step= 727040 | sr=0.00% | reward=-337.90 +/- 0.00 | pickups=2.00 deliveries=1.00 delivered_agents=1.00/2
Step 1622016 | stage_step= 733184 | Episodes: 77143
Step 1630208 | stage_step= 741376 | Episodes: 77244
Step 1640448 | stage_step= 751616 | Episodes: 77376
Eval @1640448 | stage_step= 751616 | sr=100.00% | reward=2237.60 +/- 0.00 | pickups=2.00 deliveries=2.00 delivered_agents=2.00/2
Early promotion from s9_small_pipe_fixed: 100.00% >= 75.00%
Restored best for s9_small_pipe_fixed: sr=100.00% | reward=2237.60

=== Stage 10/25: s10_pipe_4x4_fixed (fixed positions) ===
Stage: agents=2 obs=(36,) grid=(24, 24) starts=[(2, 3), (2, 4)] package=(14, 3) deliveries=[(18, 15), (19, 14)] lanes=205 rand_pkg=False rand_del=False dt=0.05 substeps=8 max_tilt=0.36
Step 1650688 | stage_step=  10240 | Episodes: 78844
Step 1660928 | stage_step=  20480 | Episodes: 80261
Step 1671168 | stage_step=  30720 | Episodes: 81730
[MultiQuadEnv] Steps 1-20000 | pickups=0 | deliveries=0 | total_pickups=0 | total_deliveries=0
Step 1681408 | stage_step=  40960 | Episodes: 83215
Eval @1681408 | stage_step=  40960 | sr=0.00% | reward=-21.75 +/- 0.00 | pickups=0.00 deliveries=0.00 delivered_agents=0.00/2
Step 1691648 | stage_step=  51200 | Episodes: 84693
Step 1701888 | stage_step=  61440 | Episodes: 86181
Step 1710080 | stage_step=  69632 | Episodes: 87393
Step 1720320 | stage_step=  79872 | Episodes: 88919
[MultiQuadEnv] Steps 20001-40000 | pickups=0 | deliveries=0 | total_pickups=0 | total_deliveries=0
Eval @1722368 | stage_step=  81920 | sr=0.00% | reward=-21.75 +/- 0.00 | pickups=0.00 deliveries=0.00 delivered_agents=0.00/2
Step 1730560 | stage_step=  90112 | Episodes: 90437
Step 1740800 | stage_step= 100352 | Episodes: 91988
Step 1751040 | stage_step= 110592 | Episodes: 93580
[MultiQuadEnv] Steps 40001-60000 | pickups=0 | deliveries=0 | total_pickups=0 | total_deliveries=0
Step 1761280 | stage_step= 120832 | Episodes: 95147
Eval @1761280 | stage_step= 120832 | sr=0.00% | reward=-21.75 +/- 0.00 | pickups=0.00 deliveries=0.00 delivered_agents=0.00/2
Step 1771520 | stage_step= 131072 | Episodes: 96689
Step 1781760 | stage_step= 141312 | Episodes: 98273
Step 1792000 | stage_step= 151552 | Episodes: 99985
Step 1800192 | stage_step= 159744 | Episodes: 101419
[MultiQuadEnv] Steps 60001-80000 | pickups=0 | deliveries=0 | total_pickups=0 | total_deliveries=0
Eval @1802240 | stage_step= 161792 | sr=0.00% | reward=-21.00 +/- 0.00 | pickups=0.00 deliveries=0.00 delivered_agents=0.00/2
Step 1810432 | stage_step= 169984 | Episodes: 103457
Step 1820672 | stage_step= 180224 | Episodes: 105666
Step 1830912 | stage_step= 190464 | Episodes: 107982
[MultiQuadEnv] Steps 80001-100000 | pickups=0 | deliveries=0 | total_pickups=0 | total_deliveries=0
Step 1841152 | stage_step= 200704 | Episodes: 110377
Eval @1841152 | stage_step= 200704 | sr=0.00% | reward=-21.00 +/- 0.00 | pickups=0.00 deliveries=0.00 delivered_agents=0.00/2
Step 1851392 | stage_step= 210944 | Episodes: 112807
Step 1861632 | stage_step= 221184 | Episodes: 115260
Step 1871872 | stage_step= 231424 | Episodes: 117720
Step 1880064 | stage_step= 239616 | Episodes: 119719
[MultiQuadEnv] Steps 100001-120000 | pickups=0 | deliveries=0 | total_pickups=0 | total_deliveries=0
Eval @1882112 | stage_step= 241664 | sr=0.00% | reward=-21.00 +/- 0.00 | pickups=0.00 deliveries=0.00 delivered_agents=0.00/2
Step 1890304 | stage_step= 249856 | Episodes: 122223
Step 1900544 | stage_step= 260096 | Episodes: 124733
Step 1910784 | stage_step= 270336 | Episodes: 127246
[MultiQuadEnv] Steps 120001-140000 | pickups=0 | deliveries=0 | total_pickups=0 | total_deliveries=0
Step 1921024 | stage_step= 280576 | Episodes: 129775
Eval @1921024 | stage_step= 280576 | sr=0.00% | reward=-21.00 +/- 0.00 | pickups=0.00 deliveries=0.00 delivered_agents=0.00/2
Step 1931264 | stage_step= 290816 | Episodes: 132304
Step 1941504 | stage_step= 301056 | Episodes: 134831
Step 1951744 | stage_step= 311296 | Episodes: 137365
[MultiQuadEnv] Steps 140001-160000 | pickups=0 | deliveries=0 | total_pickups=0 | total_deliveries=0
Step 1961984 | stage_step= 321536 | Episodes: 139900
Eval @1961984 | stage_step= 321536 | sr=0.00% | reward=-21.00 +/- 0.00 | pickups=0.00 deliveries=0.00 delivered_agents=0.00/2
Step 1970176 | stage_step= 329728 | Episodes: 141935
Step 1980416 | stage_step= 339968 | Episodes: 144474
Step 1990656 | stage_step= 350208 | Episodes: 147014
[MultiQuadEnv] Steps 160001-180000 | pickups=0 | deliveries=0 | total_pickups=0 | total_deliveries=0
Step 2000896 | stage_step= 360448 | Episodes: 149551
Eval @2000896 | stage_step= 360448 | sr=0.00% | reward=-21.00 +/- 0.00 | pickups=0.00 deliveries=0.00 delivered_agents=0.00/2
Step 2011136 | stage_step= 370688 | Episodes: 152091
Step 2021376 | stage_step= 380928 | Episodes: 154632
Step 2031616 | stage_step= 391168 | Episodes: 157174
[MultiQuadEnv] Steps 180001-200000 | pickups=0 | deliveries=0 | total_pickups=0 | total_deliveries=0
Step 2041856 | stage_step= 401408 | Episodes: 159721
Eval @2041856 | stage_step= 401408 | sr=0.00% | reward=-21.00 +/- 0.00 | pickups=0.00 deliveries=0.00 delivered_agents=0.00/2
Step 2050048 | stage_step= 409600 | Episodes: 161761
Step 2060288 | stage_step= 419840 | Episodes: 164309
Step 2070528 | stage_step= 430080 | Episodes: 166855
[MultiQuadEnv] Steps 200001-220000 | pickups=0 | deliveries=0 | total_pickups=0 | total_deliveries=0
Step 2080768 | stage_step= 440320 | Episodes: 169407
Eval @2080768 | stage_step= 440320 | sr=0.00% | reward=-21.00 +/- 0.00 | pickups=0.00 deliveries=0.00 delivered_agents=0.00/2
Step 2091008 | stage_step= 450560 | Episodes: 171956
Step 2101248 | stage_step= 460800 | Episodes: 174507
Step 2111488 | stage_step= 471040 | Episodes: 177057
[MultiQuadEnv] Steps 220001-240000 | pickups=0 | deliveries=0 | total_pickups=0 | total_deliveries=0
Step 2121728 | stage_step= 481280 | Episodes: 179610
Eval @2121728 | stage_step= 481280 | sr=0.00% | reward=-21.00 +/- 0.00 | pickups=0.00 deliveries=0.00 delivered_agents=0.00/2
Step 2131968 | stage_step= 491520 | Episodes: 182164
Step 2140160 | stage_step= 499712 | Episodes: 184208
Step 2150400 | stage_step= 509952 | Episodes: 186760
[MultiQuadEnv] Steps 240001-260000 | pickups=0 | deliveries=0 | total_pickups=0 | total_deliveries=0
Step 2160640 | stage_step= 520192 | Episodes: 189312
Eval @2160640 | stage_step= 520192 | sr=0.00% | reward=-21.00 +/- 0.00 | pickups=0.00 deliveries=0.00 delivered_agents=0.00/2
Step 2170880 | stage_step= 530432 | Episodes: 191868
Step 2181120 | stage_step= 540672 | Episodes: 194421
Step 2191360 | stage_step= 550912 | Episodes: 196976
[MultiQuadEnv] Steps 260001-280000 | pickups=0 | deliveries=0 | total_pickups=0 | total_deliveries=0
Step 2201600 | stage_step= 561152 | Episodes: 199530
Eval @2201600 | stage_step= 561152 | sr=0.00% | reward=-21.00 +/- 0.00 | pickups=0.00 deliveries=0.00 delivered_agents=0.00/2
Step 2211840 | stage_step= 571392 | Episodes: 202085
Step 2220032 | stage_step= 579584 | Episodes: 204130
Step 2230272 | stage_step= 589824 | Episodes: 206686
[MultiQuadEnv] Steps 280001-300000 | pickups=0 | deliveries=0 | total_pickups=0 | total_deliveries=0
Step 2240512 | stage_step= 600064 | Episodes: 209242
Eval @2240512 | stage_step= 600064 | sr=0.00% | reward=-21.00 +/- 0.00 | pickups=0.00 deliveries=0.00 delivered_agents=0.00/2
Step 2250752 | stage_step= 610304 | Episodes: 211800
Step 2260992 | stage_step= 620544 | Episodes: 214357
Step 2271232 | stage_step= 630784 | Episodes: 216914
[MultiQuadEnv] Steps 300001-320000 | pickups=0 | deliveries=0 | total_pickups=0 | total_deliveries=0
Step 2281472 | stage_step= 641024 | Episodes: 219472
Eval @2281472 | stage_step= 641024 | sr=0.00% | reward=-21.00 +/- 0.00 | pickups=0.00 deliveries=0.00 delivered_agents=0.00/2
Step 2291712 | stage_step= 651264 | Episodes: 222031
Step 2301952 | stage_step= 661504 | Episodes: 224588
Step 2310144 | stage_step= 669696 | Episodes: 226635
Step 2320384 | stage_step= 679936 | Episodes: 229194
[MultiQuadEnv] Steps 320001-340000 | pickups=0 | deliveries=0 | total_pickups=0 | total_deliveries=0
Eval @2322432 | stage_step= 681984 | sr=0.00% | reward=-21.00 +/- 0.00 | pickups=0.00 deliveries=0.00 delivered_agents=0.00/2
Step 2330624 | stage_step= 690176 | Episodes: 231753
Step 2340864 | stage_step= 700416 | Episodes: 234307
Step 2351104 | stage_step= 710656 | Episodes: 236866
[MultiQuadEnv] Steps 340001-360000 | pickups=0 | deliveries=0 | total_pickups=0 | total_deliveries=0
Step 2361344 | stage_step= 720896 | Episodes: 239425
Eval @2361344 | stage_step= 720896 | sr=0.00% | reward=-21.00 +/- 0.00 | pickups=0.00 deliveries=0.00 delivered_agents=0.00/2
Step 2371584 | stage_step= 731136 | Episodes: 241984
Step 2381824 | stage_step= 741376 | Episodes: 244543
Step 2390016 | stage_step= 749568 | Episodes: 246591
Step 2400256 | stage_step= 759808 | Episodes: 249150
[MultiQuadEnv] Steps 360001-380000 | pickups=0 | deliveries=0 | total_pickups=0 | total_deliveries=0
Eval @2402304 | stage_step= 761856 | sr=0.00% | reward=-21.00 +/- 0.00 | pickups=0.00 deliveries=0.00 delivered_agents=0.00/2
Step 2410496 | stage_step= 770048 | Episodes: 251710
Step 2420736 | stage_step= 780288 | Episodes: 254270
Step 2430976 | stage_step= 790528 | Episodes: 256828
[MultiQuadEnv] Steps 380001-400000 | pickups=0 | deliveries=0 | total_pickups=0 | total_deliveries=0
Step 2441216 | stage_step= 800768 | Episodes: 259387
Eval @2441216 | stage_step= 800768 | sr=0.00% | reward=-21.00 +/- 0.00 | pickups=0.00 deliveries=0.00 delivered_agents=0.00/2
Step 2451456 | stage_step= 811008 | Episodes: 261945
Step 2461696 | stage_step= 821248 | Episodes: 264504
Step 2471936 | stage_step= 831488 | Episodes: 267063
Step 2480128 | stage_step= 839680 | Episodes: 269110
[MultiQuadEnv] Steps 400001-420000 | pickups=0 | deliveries=0 | total_pickups=0 | total_deliveries=0
Eval @2482176 | stage_step= 841728 | sr=0.00% | reward=-21.00 +/- 0.00 | pickups=0.00 deliveries=0.00 delivered_agents=0.00/2
Step 2490368 | stage_step= 849920 | Episodes: 271669
Eval @2492416 | stage_step= 851968 | sr=0.00% | reward=-21.00 +/- 0.00 | pickups=0.00 deliveries=0.00 delivered_agents=0.00/2
Full budget used for s10_pipe_4x4_fixed. Best stage success=0.00%.
No successful checkpoint found for s10_pipe_4x4_fixed; restored pre-stage model.
Final eval | success_rate=100.00% | mean_reward=2237.60 +/- 0.00 | pickups=2.00 deliveries=2.00 | delivered_agents=2.00/2 

### SWEEP 10/20: quad_physics_mappo_fixed_v12_sweep_stable_seed11 ###

Using device: cpu
Initial Quad MAPPO: agents=2 obs=(36,) grid=(6, 5) starts=[(4, 2), (3, 2)] package=(2, 2) deliveries=[(1, 1), (1, 3)] lanes=6 rand_pkg=False rand_del=False dt=0.05 substeps=8 max_tilt=0.36

=== Stage 1/25: s1_short_t_fixed (fixed positions) ===
Stage: agents=2 obs=(36,) grid=(6, 5) starts=[(4, 2), (3, 2)] package=(2, 2) deliveries=[(1, 1), (1, 3)] lanes=6 rand_pkg=False rand_del=False dt=0.05 substeps=8 max_tilt=0.36
Step   10240 | stage_step=  10240 | Episodes:  1074
Step   20480 | stage_step=  20480 | Episodes:  2320
Eval @  20480 | stage_step=  20480 | sr=0.00% | reward=127.60 +/- 0.00 | pickups=1.00 deliveries=0.00 delivered_agents=0.00/2
Step   30720 | stage_step=  30720 | Episodes:  3480
[MultiQuadEnv] Steps 1-20000 | pickups=2914 | deliveries=573 | total_pickups=2914 | total_deliveries=573
Step   40960 | stage_step=  40960 | Episodes:  4531
Eval @  40960 | stage_step=  40960 | sr=0.00% | reward=727.40 +/- 0.00 | pickups=2.00 deliveries=1.00 delivered_agents=1.00/2
Step   51200 | stage_step=  51200 | Episodes:  5540
Step   61440 | stage_step=  61440 | Episodes:  6408
Eval @  61440 | stage_step=  61440 | sr=0.00% | reward=777.60 +/- 0.00 | pickups=2.00 deliveries=1.00 delivered_agents=1.00/2
Step   71680 | stage_step=  71680 | Episodes:  7222
[MultiQuadEnv] Steps 20001-40000 | pickups=4651 | deliveries=1766 | total_pickups=7565 | total_deliveries=2339
Step   81920 | stage_step=  81920 | Episodes:  8001
Eval @  81920 | stage_step=  81920 | sr=0.00% | reward=777.80 +/- 0.00 | pickups=2.00 deliveries=1.00 delivered_agents=1.00/2
Step   90112 | stage_step=  90112 | Episodes:  8597
Step  100352 | stage_step= 100352 | Episodes:  9321
Eval @ 100352 | stage_step= 100352 | sr=0.00% | reward=777.60 +/- 0.00 | pickups=2.00 deliveries=1.00 delivered_agents=1.00/2
Step  110592 | stage_step= 110592 | Episodes: 10011
[MultiQuadEnv] Steps 40001-60000 | pickups=4576 | deliveries=1956 | total_pickups=12141 | total_deliveries=4295
Step  120832 | stage_step= 120832 | Episodes: 10714
Eval @ 120832 | stage_step= 120832 | sr=0.00% | reward=777.80 +/- 0.00 | pickups=2.00 deliveries=1.00 delivered_agents=1.00/2
Step  131072 | stage_step= 131072 | Episodes: 11420
Step  141312 | stage_step= 141312 | Episodes: 12135
Eval @ 141312 | stage_step= 141312 | sr=0.00% | reward=777.60 +/- 0.00 | pickups=2.00 deliveries=1.00 delivered_agents=1.00/2
Step  151552 | stage_step= 151552 | Episodes: 12885
[MultiQuadEnv] Steps 60001-80000 | pickups=4609 | deliveries=2520 | total_pickups=16750 | total_deliveries=6815
Step  161792 | stage_step= 161792 | Episodes: 13645
Eval @ 161792 | stage_step= 161792 | sr=100.00% | reward=2297.80 +/- 0.00 | pickups=2.00 deliveries=2.00 delivered_agents=2.00/2
Early promotion from s1_short_t_fixed: 100.00% >= 90.00%
Restored best for s1_short_t_fixed: sr=100.00% | reward=2297.80

=== Stage 2/25: s2_wider_t_stem_fixed (fixed positions) ===
Stage: agents=2 obs=(36,) grid=(8, 9) starts=[(6, 4), (5, 4)] package=(3, 4) deliveries=[(2, 4), (1, 4)] lanes=12 rand_pkg=False rand_del=False dt=0.05 substeps=8 max_tilt=0.36
Step  172032 | stage_step=  10240 | Episodes: 14483
Step  180224 | stage_step=  18432 | Episodes: 15107
Eval @ 188416 | stage_step=  26624 | sr=100.00% | reward=2247.60 +/- 0.00 | pickups=2.00 deliveries=2.00 delivered_agents=2.00/2
Step  190464 | stage_step=  28672 | Episodes: 15838
Step  200704 | stage_step=  38912 | Episodes: 16553
[MultiQuadEnv] Steps 1-20000 | pickups=4158 | deliveries=2648 | total_pickups=4158 | total_deliveries=2648
Step  210944 | stage_step=  49152 | Episodes: 17273
Eval @ 212992 | stage_step=  51200 | sr=100.00% | reward=2247.60 +/- 0.00 | pickups=2.00 deliveries=2.00 delivered_agents=2.00/2
Step  221184 | stage_step=  59392 | Episodes: 17991
Step  231424 | stage_step=  69632 | Episodes: 18688
Eval @ 237568 | stage_step=  75776 | sr=100.00% | reward=2247.60 +/- 0.00 | pickups=2.00 deliveries=2.00 delivered_agents=2.00/2
Step  241664 | stage_step=  79872 | Episodes: 19388
[MultiQuadEnv] Steps 20001-40000 | pickups=4798 | deliveries=4310 | total_pickups=8956 | total_deliveries=6958
Step  251904 | stage_step=  90112 | Episodes: 20079
Step  260096 | stage_step=  98304 | Episodes: 20641
Eval @ 262144 | stage_step= 100352 | sr=100.00% | reward=2247.60 +/- 0.00 | pickups=2.00 deliveries=2.00 delivered_agents=2.00/2
Early promotion from s2_wider_t_stem_fixed: 100.00% >= 85.00%
Restored best for s2_wider_t_stem_fixed: sr=100.00% | reward=2247.60

=== Stage 3/25: s3_wider_t_near_branch_fixed (fixed positions) ===
Stage: agents=2 obs=(36,) grid=(8, 9) starts=[(6, 4), (5, 4)] package=(2, 4) deliveries=[(1, 3), (1, 5)] lanes=12 rand_pkg=False rand_del=False dt=0.05 substeps=8 max_tilt=0.36
Step  270336 | stage_step=   8192 | Episodes: 21393
Step  280576 | stage_step=  18432 | Episodes: 22047
Eval @ 288768 | stage_step=  26624 | sr=0.00% | reward=776.80 +/- 0.00 | pickups=2.00 deliveries=1.00 delivered_agents=1.00/2
Step  290816 | stage_step=  28672 | Episodes: 22645
Step  301056 | stage_step=  38912 | Episodes: 23230
[MultiQuadEnv] Steps 1-20000 | pickups=3544 | deliveries=1168 | total_pickups=3544 | total_deliveries=1168
Step  311296 | stage_step=  49152 | Episodes: 23805
Eval @ 313344 | stage_step=  51200 | sr=0.00% | reward=776.80 +/- 0.00 | pickups=2.00 deliveries=1.00 delivered_agents=1.00/2
Step  321536 | stage_step=  59392 | Episodes: 24363
Step  331776 | stage_step=  69632 | Episodes: 24912
Eval @ 337920 | stage_step=  75776 | sr=0.00% | reward=776.80 +/- 0.00 | pickups=2.00 deliveries=1.00 delivered_agents=1.00/2
Step  342016 | stage_step=  79872 | Episodes: 25471
[MultiQuadEnv] Steps 20001-40000 | pickups=3610 | deliveries=1619 | total_pickups=7154 | total_deliveries=2787
Step  350208 | stage_step=  88064 | Episodes: 25913
Step  360448 | stage_step=  98304 | Episodes: 26450
Eval @ 362496 | stage_step= 100352 | sr=0.00% | reward=776.60 +/- 0.00 | pickups=2.00 deliveries=1.00 delivered_agents=1.00/2
Step  370688 | stage_step= 108544 | Episodes: 26989
Step  380928 | stage_step= 118784 | Episodes: 27536
[MultiQuadEnv] Steps 40001-60000 | pickups=3629 | deliveries=1681 | total_pickups=10783 | total_deliveries=4468
Eval @ 389120 | stage_step= 126976 | sr=0.00% | reward=776.60 +/- 0.00 | pickups=2.00 deliveries=1.00 delivered_agents=1.00/2
Step  391168 | stage_step= 129024 | Episodes: 28081
Step  401408 | stage_step= 139264 | Episodes: 28610
Step  411648 | stage_step= 149504 | Episodes: 29131
Eval @ 413696 | stage_step= 151552 | sr=0.00% | reward=776.40 +/- 0.00 | pickups=2.00 deliveries=1.00 delivered_agents=1.00/2
Step  421888 | stage_step= 159744 | Episodes: 29662
[MultiQuadEnv] Steps 60001-80000 | pickups=3632 | deliveries=1681 | total_pickups=14415 | total_deliveries=6149
Step  430080 | stage_step= 167936 | Episodes: 30074
Eval @ 438272 | stage_step= 176128 | sr=0.00% | reward=776.60 +/- 0.00 | pickups=2.00 deliveries=1.00 delivered_agents=1.00/2
Step  440320 | stage_step= 178176 | Episodes: 30591
Step  450560 | stage_step= 188416 | Episodes: 31072
Step  460800 | stage_step= 198656 | Episodes: 31584
[MultiQuadEnv] Steps 80001-100000 | pickups=3499 | deliveries=1616 | total_pickups=17914 | total_deliveries=7765
Eval @ 462848 | stage_step= 200704 | sr=0.00% | reward=776.60 +/- 0.00 | pickups=2.00 deliveries=1.00 delivered_agents=1.00/2
Step  471040 | stage_step= 208896 | Episodes: 32076
Step  481280 | stage_step= 219136 | Episodes: 32589
Eval @ 487424 | stage_step= 225280 | sr=0.00% | reward=776.60 +/- 0.00 | pickups=2.00 deliveries=1.00 delivered_agents=1.00/2
Step  491520 | stage_step= 229376 | Episodes: 33104
Step  501760 | stage_step= 239616 | Episodes: 33597
[MultiQuadEnv] Steps 100001-120000 | pickups=3480 | deliveries=1619 | total_pickups=21394 | total_deliveries=9384
Step  512000 | stage_step= 249856 | Episodes: 34093
Eval @ 514048 | stage_step= 251904 | sr=0.00% | reward=776.60 +/- 0.00 | pickups=2.00 deliveries=1.00 delivered_agents=1.00/2
Step  520192 | stage_step= 258048 | Episodes: 34492
Step  530432 | stage_step= 268288 | Episodes: 34977
Eval @ 538624 | stage_step= 276480 | sr=0.00% | reward=776.60 +/- 0.00 | pickups=2.00 deliveries=1.00 delivered_agents=1.00/2
Step  540672 | stage_step= 278528 | Episodes: 35472
[MultiQuadEnv] Steps 120001-140000 | pickups=3481 | deliveries=1615 | total_pickups=24875 | total_deliveries=10999
Step  550912 | stage_step= 288768 | Episodes: 35979
Step  561152 | stage_step= 299008 | Episodes: 36493
Eval @ 563200 | stage_step= 301056 | sr=0.00% | reward=776.60 +/- 0.00 | pickups=2.00 deliveries=1.00 delivered_agents=1.00/2
Step  571392 | stage_step= 309248 | Episodes: 37011
Step  581632 | stage_step= 319488 | Episodes: 37529
[MultiQuadEnv] Steps 140001-160000 | pickups=3594 | deliveries=1680 | total_pickups=28469 | total_deliveries=12679
Eval @ 587776 | stage_step= 325632 | sr=0.00% | reward=776.60 +/- 0.00 | pickups=2.00 deliveries=1.00 delivered_agents=1.00/2
Step  591872 | stage_step= 329728 | Episodes: 38034
Step  600064 | stage_step= 337920 | Episodes: 38432
Step  610304 | stage_step= 348160 | Episodes: 38930
Eval @ 612352 | stage_step= 350208 | sr=0.00% | reward=776.60 +/- 0.00 | pickups=2.00 deliveries=1.00 delivered_agents=1.00/2
Step  620544 | stage_step= 358400 | Episodes: 39449
[MultiQuadEnv] Steps 160001-180000 | pickups=3534 | deliveries=1678 | total_pickups=32003 | total_deliveries=14357
Step  630784 | stage_step= 368640 | Episodes: 39953
Eval @ 638976 | stage_step= 376832 | sr=0.00% | reward=776.60 +/- 0.00 | pickups=2.00 deliveries=1.00 delivered_agents=1.00/2
Step  641024 | stage_step= 378880 | Episodes: 40443
Step  651264 | stage_step= 389120 | Episodes: 40940
Step  661504 | stage_step= 399360 | Episodes: 41435
[MultiQuadEnv] Steps 180001-200000 | pickups=3550 | deliveries=1704 | total_pickups=35553 | total_deliveries=16061
Eval @ 663552 | stage_step= 401408 | sr=0.00% | reward=776.60 +/- 0.00 | pickups=2.00 deliveries=1.00 delivered_agents=1.00/2
Step  671744 | stage_step= 409600 | Episodes: 41929
Step  681984 | stage_step= 419840 | Episodes: 42420
Eval @ 688128 | stage_step= 425984 | sr=0.00% | reward=776.60 +/- 0.00 | pickups=2.00 deliveries=1.00 delivered_agents=1.00/2
Step  690176 | stage_step= 428032 | Episodes: 42810
Step  700416 | stage_step= 438272 | Episodes: 43305
[MultiQuadEnv] Steps 200001-220000 | pickups=3526 | deliveries=1694 | total_pickups=39079 | total_deliveries=17755
Step  710656 | stage_step= 448512 | Episodes: 43783
Eval @ 712704 | stage_step= 450560 | sr=0.00% | reward=776.40 +/- 0.00 | pickups=2.00 deliveries=1.00 delivered_agents=1.00/2
Step  720896 | stage_step= 458752 | Episodes: 44246
Step  731136 | stage_step= 468992 | Episodes: 44737
Eval @ 737280 | stage_step= 475136 | sr=0.00% | reward=776.60 +/- 0.00 | pickups=2.00 deliveries=1.00 delivered_agents=1.00/2
Step  741376 | stage_step= 479232 | Episodes: 45232
[MultiQuadEnv] Steps 220001-240000 | pickups=3468 | deliveries=1680 | total_pickups=42547 | total_deliveries=19435
Step  751616 | stage_step= 489472 | Episodes: 45725
Step  761856 | stage_step= 499712 | Episodes: 46228
Eval @ 763904 | stage_step= 501760 | sr=0.00% | reward=776.60 +/- 0.00 | pickups=2.00 deliveries=1.00 delivered_agents=1.00/2
Step  770048 | stage_step= 507904 | Episodes: 46640
Step  780288 | stage_step= 518144 | Episodes: 47172
[MultiQuadEnv] Steps 240001-260000 | pickups=3622 | deliveries=1952 | total_pickups=46169 | total_deliveries=21387
Eval @ 788480 | stage_step= 526336 | sr=100.00% | reward=2296.80 +/- 0.00 | pickups=2.00 deliveries=2.00 delivered_agents=2.00/2
Early promotion from s3_wider_t_near_branch_fixed: 100.00% >= 75.00%
Restored best for s3_wider_t_near_branch_fixed: sr=100.00% | reward=2296.80

=== Stage 4/25: s4_wider_t_branch_fixed (fixed positions) ===
Stage: agents=2 obs=(36,) grid=(8, 9) starts=[(6, 4), (5, 4)] package=(3, 4) deliveries=[(1, 1), (1, 7)] lanes=12 rand_pkg=False rand_del=False dt=0.05 substeps=8 max_tilt=0.36
Step  790528 | stage_step=   2048 | Episodes: 47775
Step  800768 | stage_step=  12288 | Episodes: 48481
Step  811008 | stage_step=  22528 | Episodes: 49162
Eval @ 815104 | stage_step=  26624 | sr=0.00% | reward=255.35 +/- 0.00 | pickups=2.00 deliveries=0.00 delivered_agents=0.00/2
Step  821248 | stage_step=  32768 | Episodes: 49808
[MultiQuadEnv] Steps 1-20000 | pickups=4190 | deliveries=213 | total_pickups=4190 | total_deliveries=213
Step  831488 | stage_step=  43008 | Episodes: 50427
Eval @ 839680 | stage_step=  51200 | sr=0.00% | reward=775.60 +/- 0.00 | pickups=2.00 deliveries=1.00 delivered_agents=1.00/2
Step  841728 | stage_step=  53248 | Episodes: 51044
Step  851968 | stage_step=  63488 | Episodes: 51660
Step  860160 | stage_step=  71680 | Episodes: 52141
Eval @ 864256 | stage_step=  75776 | sr=0.00% | reward=775.65 +/- 0.00 | pickups=2.00 deliveries=1.00 delivered_agents=1.00/2
[MultiQuadEnv] Steps 20001-40000 | pickups=4177 | deliveries=590 | total_pickups=8367 | total_deliveries=803
Step  870400 | stage_step=  81920 | Episodes: 52728
Step  880640 | stage_step=  92160 | Episodes: 53324
Eval @ 888832 | stage_step= 100352 | sr=0.00% | reward=775.65 +/- 0.00 | pickups=2.00 deliveries=1.00 delivered_agents=1.00/2
Step  890880 | stage_step= 102400 | Episodes: 53926
Step  901120 | stage_step= 112640 | Episodes: 54517
[MultiQuadEnv] Steps 40001-60000 | pickups=4090 | deliveries=792 | total_pickups=12457 | total_deliveries=1595
Step  911360 | stage_step= 122880 | Episodes: 55113
Eval @ 915456 | stage_step= 126976 | sr=0.00% | reward=775.65 +/- 0.00 | pickups=2.00 deliveries=1.00 delivered_agents=1.00/2
Step  921600 | stage_step= 133120 | Episodes: 55705
Step  931840 | stage_step= 143360 | Episodes: 56304
Step  940032 | stage_step= 151552 | Episodes: 56781
Eval @ 940032 | stage_step= 151552 | sr=0.00% | reward=775.65 +/- 0.00 | pickups=2.00 deliveries=1.00 delivered_agents=1.00/2
[MultiQuadEnv] Steps 60001-80000 | pickups=4152 | deliveries=955 | total_pickups=16609 | total_deliveries=2550
Step  950272 | stage_step= 161792 | Episodes: 57374
Step  960512 | stage_step= 172032 | Episodes: 57954
Eval @ 964608 | stage_step= 176128 | sr=0.00% | reward=775.65 +/- 0.00 | pickups=2.00 deliveries=1.00 delivered_agents=1.00/2
Step  970752 | stage_step= 182272 | Episodes: 58523
Step  980992 | stage_step= 192512 | Episodes: 59089
[MultiQuadEnv] Steps 80001-100000 | pickups=4112 | deliveries=1177 | total_pickups=20721 | total_deliveries=3727
Eval @ 989184 | stage_step= 200704 | sr=0.00% | reward=775.65 +/- 0.00 | pickups=2.00 deliveries=1.00 delivered_agents=1.00/2
Step  991232 | stage_step= 202752 | Episodes: 59655
Step 1001472 | stage_step= 212992 | Episodes: 60216
Step 1011712 | stage_step= 223232 | Episodes: 60774
Eval @1013760 | stage_step= 225280 | sr=0.00% | reward=775.65 +/- 0.00 | pickups=2.00 deliveries=1.00 delivered_agents=1.00/2
Step 1021952 | stage_step= 233472 | Episodes: 61330
[MultiQuadEnv] Steps 100001-120000 | pickups=4080 | deliveries=1343 | total_pickups=24801 | total_deliveries=5070
Step 1030144 | stage_step= 241664 | Episodes: 61776
Step 1040384 | stage_step= 251904 | Episodes: 62338
Eval @1040384 | stage_step= 251904 | sr=0.00% | reward=775.65 +/- 0.00 | pickups=2.00 deliveries=1.00 delivered_agents=1.00/2
Step 1050624 | stage_step= 262144 | Episodes: 62880
Step 1060864 | stage_step= 272384 | Episodes: 63420
Eval @1064960 | stage_step= 276480 | sr=0.00% | reward=775.65 +/- 0.00 | pickups=2.00 deliveries=1.00 delivered_agents=1.00/2
[MultiQuadEnv] Steps 120001-140000 | pickups=4071 | deliveries=1453 | total_pickups=28872 | total_deliveries=6523
Step 1071104 | stage_step= 282624 | Episodes: 63961
Step 1081344 | stage_step= 292864 | Episodes: 64496
Eval @1089536 | stage_step= 301056 | sr=0.00% | reward=775.65 +/- 0.00 | pickups=2.00 deliveries=1.00 delivered_agents=1.00/2
Step 1091584 | stage_step= 303104 | Episodes: 65030
Step 1101824 | stage_step= 313344 | Episodes: 65565
[MultiQuadEnv] Steps 140001-160000 | pickups=4041 | deliveries=1591 | total_pickups=32913 | total_deliveries=8114
Step 1110016 | stage_step= 321536 | Episodes: 65997
Eval @1114112 | stage_step= 325632 | sr=0.00% | reward=775.65 +/- 0.00 | pickups=2.00 deliveries=1.00 delivered_agents=1.00/2
Step 1120256 | stage_step= 331776 | Episodes: 66531
Step 1130496 | stage_step= 342016 | Episodes: 67055
Eval @1138688 | stage_step= 350208 | sr=0.00% | reward=775.65 +/- 0.00 | pickups=2.00 deliveries=1.00 delivered_agents=1.00/2
Step 1140736 | stage_step= 352256 | Episodes: 67578
[MultiQuadEnv] Steps 160001-180000 | pickups=3982 | deliveries=1685 | total_pickups=36895 | total_deliveries=9799
Step 1150976 | stage_step= 362496 | Episodes: 68096
Step 1161216 | stage_step= 372736 | Episodes: 68616
Eval @1165312 | stage_step= 376832 | sr=0.00% | reward=775.65 +/- 0.00 | pickups=2.00 deliveries=1.00 delivered_agents=1.00/2
Step 1171456 | stage_step= 382976 | Episodes: 69129
Step 1181696 | stage_step= 393216 | Episodes: 69651
[MultiQuadEnv] Steps 180001-200000 | pickups=3950 | deliveries=1762 | total_pickups=40845 | total_deliveries=11561
Eval @1189888 | stage_step= 401408 | sr=0.00% | reward=775.65 +/- 0.00 | pickups=2.00 deliveries=1.00 delivered_agents=1.00/2
Step 1191936 | stage_step= 403456 | Episodes: 70170
Step 1200128 | stage_step= 411648 | Episodes: 70584
Step 1210368 | stage_step= 421888 | Episodes: 71098
Eval @1214464 | stage_step= 425984 | sr=0.00% | reward=775.65 +/- 0.00 | pickups=2.00 deliveries=1.00 delivered_agents=1.00/2
Step 1220608 | stage_step= 432128 | Episodes: 71613
[MultiQuadEnv] Steps 200001-220000 | pickups=3924 | deliveries=1787 | total_pickups=44769 | total_deliveries=13348
Step 1230848 | stage_step= 442368 | Episodes: 72126
Eval @1239040 | stage_step= 450560 | sr=0.00% | reward=775.25 +/- 0.00 | pickups=2.00 deliveries=1.00 delivered_agents=1.00/2
Step 1241088 | stage_step= 452608 | Episodes: 72619
Step 1251328 | stage_step= 462848 | Episodes: 73097
Step 1261568 | stage_step= 473088 | Episodes: 73563
Eval @1263616 | stage_step= 475136 | sr=0.00% | reward=775.25 +/- 0.00 | pickups=2.00 deliveries=1.00 delivered_agents=1.00/2
[MultiQuadEnv] Steps 220001-240000 | pickups=3663 | deliveries=1708 | total_pickups=48432 | total_deliveries=15056
Step 1271808 | stage_step= 483328 | Episodes: 74031
Step 1280000 | stage_step= 491520 | Episodes: 74404
Step 1290240 | stage_step= 501760 | Episodes: 74874
Eval @1290240 | stage_step= 501760 | sr=0.00% | reward=775.25 +/- 0.00 | pickups=2.00 deliveries=1.00 delivered_agents=1.00/2
Step 1300480 | stage_step= 512000 | Episodes: 75340
[MultiQuadEnv] Steps 240001-260000 | pickups=3621 | deliveries=1691 | total_pickups=52053 | total_deliveries=16747
Step 1310720 | stage_step= 522240 | Episodes: 75807
Eval @1314816 | stage_step= 526336 | sr=0.00% | reward=775.25 +/- 0.00 | pickups=2.00 deliveries=1.00 delivered_agents=1.00/2
Step 1320960 | stage_step= 532480 | Episodes: 76285
Step 1331200 | stage_step= 542720 | Episodes: 76758
Eval @1339392 | stage_step= 550912 | sr=0.00% | reward=775.25 +/- 0.00 | pickups=2.00 deliveries=1.00 delivered_agents=1.00/2
Step 1341440 | stage_step= 552960 | Episodes: 77235
[MultiQuadEnv] Steps 260001-280000 | pickups=3700 | deliveries=1726 | total_pickups=55753 | total_deliveries=18473
Step 1351680 | stage_step= 563200 | Episodes: 77729
Step 1361920 | stage_step= 573440 | Episodes: 78230
Eval @1363968 | stage_step= 575488 | sr=0.00% | reward=775.65 +/- 0.00 | pickups=2.00 deliveries=1.00 delivered_agents=1.00/2
Step 1370112 | stage_step= 581632 | Episodes: 78632
Step 1380352 | stage_step= 591872 | Episodes: 79138
[MultiQuadEnv] Steps 280001-300000 | pickups=3882 | deliveries=1840 | total_pickups=59635 | total_deliveries=20313
Eval @1388544 | stage_step= 600064 | sr=0.00% | reward=775.65 +/- 0.00 | pickups=2.00 deliveries=1.00 delivered_agents=1.00/2
Step 1390592 | stage_step= 602112 | Episodes: 79646
Step 1400832 | stage_step= 612352 | Episodes: 80156
Step 1411072 | stage_step= 622592 | Episodes: 80664
Eval @1415168 | stage_step= 626688 | sr=0.00% | reward=775.65 +/- 0.00 | pickups=2.00 deliveries=1.00 delivered_agents=1.00/2
Step 1421312 | stage_step= 632832 | Episodes: 81149
[MultiQuadEnv] Steps 300001-320000 | pickups=3855 | deliveries=1848 | total_pickups=63490 | total_deliveries=22161
Step 1431552 | stage_step= 643072 | Episodes: 81634
Eval @1439744 | stage_step= 651264 | sr=0.00% | reward=775.65 +/- 0.00 | pickups=2.00 deliveries=1.00 delivered_agents=1.00/2
Step 1441792 | stage_step= 653312 | Episodes: 82132
Step 1452032 | stage_step= 663552 | Episodes: 82644
Step 1460224 | stage_step= 671744 | Episodes: 83056
Eval @1464320 | stage_step= 675840 | sr=0.00% | reward=775.65 +/- 0.00 | pickups=2.00 deliveries=1.00 delivered_agents=1.00/2
[MultiQuadEnv] Steps 320001-340000 | pickups=3924 | deliveries=1878 | total_pickups=67414 | total_deliveries=24039
Step 1470464 | stage_step= 681984 | Episodes: 83568
Step 1480704 | stage_step= 692224 | Episodes: 84074
Eval @1488896 | stage_step= 700416 | sr=0.00% | reward=775.65 +/- 0.00 | pickups=2.00 deliveries=1.00 delivered_agents=1.00/2
Step 1490944 | stage_step= 702464 | Episodes: 84581
Step 1501184 | stage_step= 712704 | Episodes: 85085
[MultiQuadEnv] Steps 340001-360000 | pickups=3911 | deliveries=1867 | total_pickups=71325 | total_deliveries=25906
Step 1511424 | stage_step= 722944 | Episodes: 85590
Eval @1515520 | stage_step= 727040 | sr=0.00% | reward=775.65 +/- 0.00 | pickups=2.00 deliveries=1.00 delivered_agents=1.00/2
Step 1521664 | stage_step= 733184 | Episodes: 86096
Step 1531904 | stage_step= 743424 | Episodes: 86598
Step 1540096 | stage_step= 751616 | Episodes: 86992
Eval @1540096 | stage_step= 751616 | sr=0.00% | reward=775.65 +/- 0.00 | pickups=2.00 deliveries=1.00 delivered_agents=1.00/2
[MultiQuadEnv] Steps 360001-380000 | pickups=3865 | deliveries=1863 | total_pickups=75190 | total_deliveries=27769
Step 1550336 | stage_step= 761856 | Episodes: 87473
Step 1560576 | stage_step= 772096 | Episodes: 87955
Eval @1564672 | stage_step= 776192 | sr=0.00% | reward=775.40 +/- 0.00 | pickups=2.00 deliveries=1.00 delivered_agents=1.00/2
Step 1570816 | stage_step= 782336 | Episodes: 88425
Step 1581056 | stage_step= 792576 | Episodes: 88880
[MultiQuadEnv] Steps 380001-400000 | pickups=3612 | deliveries=1745 | total_pickups=78802 | total_deliveries=29514
Eval @1589248 | stage_step= 800768 | sr=0.00% | reward=775.00 +/- 0.00 | pickups=2.00 deliveries=1.00 delivered_agents=1.00/2
Step 1591296 | stage_step= 802816 | Episodes: 89318
Step 1601536 | stage_step= 813056 | Episodes: 89754
Step 1611776 | stage_step= 823296 | Episodes: 90181
Eval @1613824 | stage_step= 825344 | sr=0.00% | reward=775.00 +/- 0.00 | pickups=2.00 deliveries=1.00 delivered_agents=1.00/2
Step 1622016 | stage_step= 833536 | Episodes: 90603
[MultiQuadEnv] Steps 400001-420000 | pickups=3296 | deliveries=1598 | total_pickups=82098 | total_deliveries=31112
Step 1630208 | stage_step= 841728 | Episodes: 90935
Step 1640448 | stage_step= 851968 | Episodes: 91349
Eval @1640448 | stage_step= 851968 | sr=0.00% | reward=775.00 +/- 0.00 | pickups=2.00 deliveries=1.00 delivered_agents=1.00/2
Step 1650688 | stage_step= 862208 | Episodes: 91757
Step 1660928 | stage_step= 872448 | Episodes: 92162
Eval @1665024 | stage_step= 876544 | sr=0.00% | reward=775.00 +/- 0.00 | pickups=2.00 deliveries=1.00 delivered_agents=1.00/2
[MultiQuadEnv] Steps 420001-440000 | pickups=3205 | deliveries=1554 | total_pickups=85303 | total_deliveries=32666
Step 1671168 | stage_step= 882688 | Episodes: 92582
Step 1681408 | stage_step= 892928 | Episodes: 93001
Eval @1689600 | stage_step= 901120 | sr=0.00% | reward=775.00 +/- 0.00 | pickups=2.00 deliveries=1.00 delivered_agents=1.00/2
Step 1691648 | stage_step= 903168 | Episodes: 93424
Step 1701888 | stage_step= 913408 | Episodes: 93838
[MultiQuadEnv] Steps 440001-460000 | pickups=3258 | deliveries=1583 | total_pickups=88561 | total_deliveries=34249
Step 1710080 | stage_step= 921600 | Episodes: 94170
Eval @1714176 | stage_step= 925696 | sr=0.00% | reward=774.55 +/- 0.00 | pickups=2.00 deliveries=1.00 delivered_agents=1.00/2
Step 1720320 | stage_step= 931840 | Episodes: 94579
Step 1730560 | stage_step= 942080 | Episodes: 94978
Eval @1738752 | stage_step= 950272 | sr=0.00% | reward=774.55 +/- 0.00 | pickups=2.00 deliveries=1.00 delivered_agents=1.00/2
Step 1740800 | stage_step= 952320 | Episodes: 95379
[MultiQuadEnv] Steps 460001-480000 | pickups=3128 | deliveries=1517 | total_pickups=91689 | total_deliveries=35766
Step 1751040 | stage_step= 962560 | Episodes: 95784
Step 1761280 | stage_step= 972800 | Episodes: 96202
Eval @1765376 | stage_step= 976896 | sr=0.00% | reward=774.55 +/- 0.00 | pickups=2.00 deliveries=1.00 delivered_agents=1.00/2
Step 1771520 | stage_step= 983040 | Episodes: 96618
Step 1781760 | stage_step= 993280 | Episodes: 97024
[MultiQuadEnv] Steps 480001-500000 | pickups=3203 | deliveries=1555 | total_pickups=94892 | total_deliveries=37321
Eval @1789952 | stage_step=1001472 | sr=0.00% | reward=774.55 +/- 0.00 | pickups=2.00 deliveries=1.00 delivered_agents=1.00/2
Full budget used for s4_wider_t_branch_fixed. Best stage success=0.00%.
No successful checkpoint found for s4_wider_t_branch_fixed; restored pre-stage model.
Final eval | success_rate=100.00% | mean_reward=2296.80 +/- 0.00 | pickups=2.00 deliveries=2.00 | delivered_agents=2.00/2 

### SWEEP 11/20: quad_physics_mappo_fixed_v12_sweep_stable_seed23 ###

Using device: cpu
Initial Quad MAPPO: agents=2 obs=(36,) grid=(6, 5) starts=[(4, 2), (3, 2)] package=(2, 2) deliveries=[(1, 1), (1, 3)] lanes=6 rand_pkg=False rand_del=False dt=0.05 substeps=8 max_tilt=0.36

=== Stage 1/25: s1_short_t_fixed (fixed positions) ===
Stage: agents=2 obs=(36,) grid=(6, 5) starts=[(4, 2), (3, 2)] package=(2, 2) deliveries=[(1, 1), (1, 3)] lanes=6 rand_pkg=False rand_del=False dt=0.05 substeps=8 max_tilt=0.36
Step   10240 | stage_step=  10240 | Episodes:  1029
Step   20480 | stage_step=  20480 | Episodes:  2299
Eval @  20480 | stage_step=  20480 | sr=0.00% | reward=775.80 +/- 0.00 | pickups=2.00 deliveries=1.00 delivered_agents=1.00/2
Step   30720 | stage_step=  30720 | Episodes:  3525
[MultiQuadEnv] Steps 1-20000 | pickups=2763 | deliveries=437 | total_pickups=2763 | total_deliveries=437
Step   40960 | stage_step=  40960 | Episodes:  4639
Eval @  40960 | stage_step=  40960 | sr=0.00% | reward=727.40 +/- 0.00 | pickups=2.00 deliveries=1.00 delivered_agents=1.00/2
Step   51200 | stage_step=  51200 | Episodes:  5667
Step   61440 | stage_step=  61440 | Episodes:  6552
Eval @  61440 | stage_step=  61440 | sr=0.00% | reward=727.60 +/- 0.00 | pickups=2.00 deliveries=1.00 delivered_agents=1.00/2
Step   71680 | stage_step=  71680 | Episodes:  7398
[MultiQuadEnv] Steps 20001-40000 | pickups=4646 | deliveries=1651 | total_pickups=7409 | total_deliveries=2088
Step   81920 | stage_step=  81920 | Episodes:  8210
Eval @  81920 | stage_step=  81920 | sr=0.00% | reward=777.80 +/- 0.00 | pickups=2.00 deliveries=1.00 delivered_agents=1.00/2
Step   90112 | stage_step=  90112 | Episodes:  8819
Step  100352 | stage_step= 100352 | Episodes:  9581
Eval @ 100352 | stage_step= 100352 | sr=0.00% | reward=777.80 +/- 0.00 | pickups=2.00 deliveries=1.00 delivered_agents=1.00/2
Step  110592 | stage_step= 110592 | Episodes: 10329
[MultiQuadEnv] Steps 40001-60000 | pickups=4922 | deliveries=2066 | total_pickups=12331 | total_deliveries=4154
Step  120832 | stage_step= 120832 | Episodes: 11050
Eval @ 120832 | stage_step= 120832 | sr=0.00% | reward=777.80 +/- 0.00 | pickups=2.00 deliveries=1.00 delivered_agents=1.00/2
Step  131072 | stage_step= 131072 | Episodes: 11772
Step  141312 | stage_step= 141312 | Episodes: 12474
Eval @ 141312 | stage_step= 141312 | sr=0.00% | reward=777.60 +/- 0.00 | pickups=2.00 deliveries=1.00 delivered_agents=1.00/2
Step  151552 | stage_step= 151552 | Episodes: 13151
[MultiQuadEnv] Steps 60001-80000 | pickups=4784 | deliveries=2252 | total_pickups=17115 | total_deliveries=6406
Step  161792 | stage_step= 161792 | Episodes: 13825
Eval @ 161792 | stage_step= 161792 | sr=0.00% | reward=777.80 +/- 0.00 | pickups=2.00 deliveries=1.00 delivered_agents=1.00/2
Step  172032 | stage_step= 172032 | Episodes: 14517
Step  180224 | stage_step= 180224 | Episodes: 15059
Eval @ 180224 | stage_step= 180224 | sr=0.00% | reward=777.60 +/- 0.00 | pickups=2.00 deliveries=1.00 delivered_agents=1.00/2
Full budget used for s1_short_t_fixed. Best stage success=0.00%.
No successful checkpoint found for s1_short_t_fixed; restored pre-stage model.
Final eval | success_rate=0.00% | mean_reward=-48.00 +/- 0.00 | pickups=0.00 deliveries=0.00 | delivered_agents=0.00/2 

### SWEEP 12/20: quad_physics_mappo_fixed_v12_sweep_stable_seed41 ###

Using device: cpu
Initial Quad MAPPO: agents=2 obs=(36,) grid=(6, 5) starts=[(4, 2), (3, 2)] package=(2, 2) deliveries=[(1, 1), (1, 3)] lanes=6 rand_pkg=False rand_del=False dt=0.05 substeps=8 max_tilt=0.36

=== Stage 1/25: s1_short_t_fixed (fixed positions) ===
Stage: agents=2 obs=(36,) grid=(6, 5) starts=[(4, 2), (3, 2)] package=(2, 2) deliveries=[(1, 1), (1, 3)] lanes=6 rand_pkg=False rand_del=False dt=0.05 substeps=8 max_tilt=0.36
Step   10240 | stage_step=  10240 | Episodes:  1224
Step   20480 | stage_step=  20480 | Episodes:  2515
Eval @  20480 | stage_step=  20480 | sr=0.00% | reward=127.60 +/- 0.00 | pickups=1.00 deliveries=0.00 delivered_agents=0.00/2
Step   30720 | stage_step=  30720 | Episodes:  3758
[MultiQuadEnv] Steps 1-20000 | pickups=2849 | deliveries=451 | total_pickups=2849 | total_deliveries=451
Step   40960 | stage_step=  40960 | Episodes:  4838
Eval @  40960 | stage_step=  40960 | sr=0.00% | reward=726.40 +/- 0.00 | pickups=2.00 deliveries=1.00 delivered_agents=1.00/2
Step   51200 | stage_step=  51200 | Episodes:  5864
Step   61440 | stage_step=  61440 | Episodes:  6798
Eval @  61440 | stage_step=  61440 | sr=0.00% | reward=777.40 +/- 0.00 | pickups=2.00 deliveries=1.00 delivered_agents=1.00/2
Step   71680 | stage_step=  71680 | Episodes:  7645
[MultiQuadEnv] Steps 20001-40000 | pickups=4540 | deliveries=1662 | total_pickups=7389 | total_deliveries=2113
Step   81920 | stage_step=  81920 | Episodes:  8533
Eval @  81920 | stage_step=  81920 | sr=100.00% | reward=2297.60 +/- 0.00 | pickups=2.00 deliveries=2.00 delivered_agents=2.00/2
Early promotion from s1_short_t_fixed: 100.00% >= 90.00%
Restored best for s1_short_t_fixed: sr=100.00% | reward=2297.60

=== Stage 2/25: s2_wider_t_stem_fixed (fixed positions) ===
Stage: agents=2 obs=(36,) grid=(8, 9) starts=[(6, 4), (5, 4)] package=(3, 4) deliveries=[(2, 4), (1, 4)] lanes=12 rand_pkg=False rand_del=False dt=0.05 substeps=8 max_tilt=0.36
Step   90112 | stage_step=   8192 | Episodes:  9325
Step  100352 | stage_step=  18432 | Episodes: 10188
Eval @ 108544 | stage_step=  26624 | sr=100.00% | reward=2247.60 +/- 0.00 | pickups=2.00 deliveries=2.00 delivered_agents=2.00/2
Step  110592 | stage_step=  28672 | Episodes: 11033
Step  120832 | stage_step=  38912 | Episodes: 11849
[MultiQuadEnv] Steps 1-20000 | pickups=4212 | deliveries=2531 | total_pickups=4212 | total_deliveries=2531
Step  131072 | stage_step=  49152 | Episodes: 12635
Eval @ 133120 | stage_step=  51200 | sr=100.00% | reward=2247.60 +/- 0.00 | pickups=2.00 deliveries=2.00 delivered_agents=2.00/2
Step  141312 | stage_step=  59392 | Episodes: 13360
Step  151552 | stage_step=  69632 | Episodes: 14128
Eval @ 157696 | stage_step=  75776 | sr=100.00% | reward=2247.80 +/- 0.00 | pickups=2.00 deliveries=2.00 delivered_agents=2.00/2
Step  161792 | stage_step=  79872 | Episodes: 14884
[MultiQuadEnv] Steps 20001-40000 | pickups=4791 | deliveries=3924 | total_pickups=9003 | total_deliveries=6455
Step  172032 | stage_step=  90112 | Episodes: 15629
Step  180224 | stage_step=  98304 | Episodes: 16210
Eval @ 182272 | stage_step= 100352 | sr=100.00% | reward=2247.60 +/- 0.00 | pickups=2.00 deliveries=2.00 delivered_agents=2.00/2
Early promotion from s2_wider_t_stem_fixed: 100.00% >= 85.00%
Restored best for s2_wider_t_stem_fixed: sr=100.00% | reward=2247.80

=== Stage 3/25: s3_wider_t_near_branch_fixed (fixed positions) ===
Stage: agents=2 obs=(36,) grid=(8, 9) starts=[(6, 4), (5, 4)] package=(2, 4) deliveries=[(1, 3), (1, 5)] lanes=12 rand_pkg=False rand_del=False dt=0.05 substeps=8 max_tilt=0.36
Step  190464 | stage_step=   8192 | Episodes: 16832
Step  200704 | stage_step=  18432 | Episodes: 17515
Eval @ 208896 | stage_step=  26624 | sr=0.00% | reward=261.60 +/- 0.00 | pickups=2.00 deliveries=0.00 delivered_agents=0.00/2
Step  210944 | stage_step=  28672 | Episodes: 18261
Step  221184 | stage_step=  38912 | Episodes: 18858
[MultiQuadEnv] Steps 1-20000 | pickups=3289 | deliveries=134 | total_pickups=3289 | total_deliveries=134
Step  231424 | stage_step=  49152 | Episodes: 19554
Eval @ 233472 | stage_step=  51200 | sr=0.00% | reward=261.60 +/- 0.00 | pickups=2.00 deliveries=0.00 delivered_agents=0.00/2
Step  241664 | stage_step=  59392 | Episodes: 20169
Step  251904 | stage_step=  69632 | Episodes: 20706
Eval @ 258048 | stage_step=  75776 | sr=0.00% | reward=777.60 +/- 0.00 | pickups=2.00 deliveries=1.00 delivered_agents=1.00/2
Step  260096 | stage_step=  77824 | Episodes: 21101
[MultiQuadEnv] Steps 20001-40000 | pickups=3345 | deliveries=249 | total_pickups=6634 | total_deliveries=383
Step  270336 | stage_step=  88064 | Episodes: 21724
Step  280576 | stage_step=  98304 | Episodes: 22269
Eval @ 282624 | stage_step= 100352 | sr=0.00% | reward=261.60 +/- 0.00 | pickups=2.00 deliveries=0.00 delivered_agents=0.00/2
Step  290816 | stage_step= 108544 | Episodes: 22625
Step  301056 | stage_step= 118784 | Episodes: 23007
[MultiQuadEnv] Steps 40001-60000 | pickups=2588 | deliveries=244 | total_pickups=9222 | total_deliveries=627
Eval @ 309248 | stage_step= 126976 | sr=0.00% | reward=775.80 +/- 0.00 | pickups=2.00 deliveries=1.00 delivered_agents=1.00/2
Step  311296 | stage_step= 129024 | Episodes: 23332
Step  321536 | stage_step= 139264 | Episodes: 23791
Step  331776 | stage_step= 149504 | Episodes: 24217
Eval @ 333824 | stage_step= 151552 | sr=0.00% | reward=775.80 +/- 0.00 | pickups=2.00 deliveries=1.00 delivered_agents=1.00/2
Step  342016 | stage_step= 159744 | Episodes: 24580
[MultiQuadEnv] Steps 60001-80000 | pickups=2264 | deliveries=245 | total_pickups=11486 | total_deliveries=872
Step  350208 | stage_step= 167936 | Episodes: 24934
Eval @ 358400 | stage_step= 176128 | sr=0.00% | reward=777.00 +/- 0.00 | pickups=2.00 deliveries=1.00 delivered_agents=1.00/2
Step  360448 | stage_step= 178176 | Episodes: 25408
Step  370688 | stage_step= 188416 | Episodes: 25932
Step  380928 | stage_step= 198656 | Episodes: 26329
[MultiQuadEnv] Steps 80001-100000 | pickups=2663 | deliveries=375 | total_pickups=14149 | total_deliveries=1247
Eval @ 382976 | stage_step= 200704 | sr=0.00% | reward=777.20 +/- 0.00 | pickups=2.00 deliveries=1.00 delivered_agents=1.00/2
Step  391168 | stage_step= 208896 | Episodes: 26699
Step  401408 | stage_step= 219136 | Episodes: 27144
Eval @ 407552 | stage_step= 225280 | sr=0.00% | reward=777.20 +/- 0.00 | pickups=2.00 deliveries=1.00 delivered_agents=1.00/2
Step  411648 | stage_step= 229376 | Episodes: 27495
Step  421888 | stage_step= 239616 | Episodes: 27838
[MultiQuadEnv] Steps 100001-120000 | pickups=2203 | deliveries=311 | total_pickups=16352 | total_deliveries=1558
Step  430080 | stage_step= 247808 | Episodes: 28171
Eval @ 434176 | stage_step= 251904 | sr=0.00% | reward=261.60 +/- 0.00 | pickups=2.00 deliveries=0.00 delivered_agents=0.00/2
Step  440320 | stage_step= 258048 | Episodes: 28678
Step  450560 | stage_step= 268288 | Episodes: 29137
Eval @ 458752 | stage_step= 276480 | sr=0.00% | reward=261.60 +/- 0.00 | pickups=2.00 deliveries=0.00 delivered_agents=0.00/2
Step  460800 | stage_step= 278528 | Episodes: 29662
[MultiQuadEnv] Steps 120001-140000 | pickups=2894 | deliveries=547 | total_pickups=19246 | total_deliveries=2105
Step  471040 | stage_step= 288768 | Episodes: 30083
Step  481280 | stage_step= 299008 | Episodes: 30601
Eval @ 483328 | stage_step= 301056 | sr=0.00% | reward=261.60 +/- 0.00 | pickups=2.00 deliveries=0.00 delivered_agents=0.00/2
Step  491520 | stage_step= 309248 | Episodes: 31146
Step  501760 | stage_step= 319488 | Episodes: 31717
[MultiQuadEnv] Steps 140001-160000 | pickups=3058 | deliveries=904 | total_pickups=22304 | total_deliveries=3009
Eval @ 507904 | stage_step= 325632 | sr=100.00% | reward=2297.60 +/- 0.00 | pickups=2.00 deliveries=2.00 delivered_agents=2.00/2
Early promotion from s3_wider_t_near_branch_fixed: 100.00% >= 75.00%
Restored best for s3_wider_t_near_branch_fixed: sr=100.00% | reward=2297.60

=== Stage 4/25: s4_wider_t_branch_fixed (fixed positions) ===
Stage: agents=2 obs=(36,) grid=(8, 9) starts=[(6, 4), (5, 4)] package=(3, 4) deliveries=[(1, 1), (1, 7)] lanes=12 rand_pkg=False rand_del=False dt=0.05 substeps=8 max_tilt=0.36
Step  512000 | stage_step=   4096 | Episodes: 32433
Step  520192 | stage_step=  12288 | Episodes: 33059
Step  530432 | stage_step=  22528 | Episodes: 33802
Eval @ 534528 | stage_step=  26624 | sr=0.00% | reward=277.80 +/- 0.00 | pickups=2.00 deliveries=0.00 delivered_agents=0.00/2
Step  540672 | stage_step=  32768 | Episodes: 34509
[MultiQuadEnv] Steps 1-20000 | pickups=4656 | deliveries=346 | total_pickups=4656 | total_deliveries=346
Step  550912 | stage_step=  43008 | Episodes: 35200
Eval @ 559104 | stage_step=  51200 | sr=0.00% | reward=276.90 +/- 0.00 | pickups=2.00 deliveries=0.00 delivered_agents=0.00/2
Step  561152 | stage_step=  53248 | Episodes: 35855
Step  571392 | stage_step=  63488 | Episodes: 36519
Step  581632 | stage_step=  73728 | Episodes: 37186
Eval @ 583680 | stage_step=  75776 | sr=100.00% | reward=2295.65 +/- 0.00 | pickups=2.00 deliveries=2.00 delivered_agents=2.00/2
[MultiQuadEnv] Steps 20001-40000 | pickups=4470 | deliveries=958 | total_pickups=9126 | total_deliveries=1304
Step  591872 | stage_step=  83968 | Episodes: 37825
Step  600064 | stage_step=  92160 | Episodes: 38342
Eval @ 608256 | stage_step= 100352 | sr=100.00% | reward=2295.60 +/- 0.00 | pickups=2.00 deliveries=2.00 delivered_agents=2.00/2
Early promotion from s4_wider_t_branch_fixed: 100.00% >= 80.00%
Restored best for s4_wider_t_branch_fixed: sr=100.00% | reward=2295.65
Set actor_log_std=-0.35 for stage exploration

=== Stage 5/25: s5_tiny_pipe_line_fixed (fixed positions) ===
Stage: agents=2 obs=(36,) grid=(12, 12) starts=[(2, 3), (2, 4)] package=(2, 5) deliveries=[(2, 6), (2, 7)] lanes=47 rand_pkg=False rand_del=False dt=0.05 substeps=8 max_tilt=0.36
Step  610304 | stage_step=   2048 | Episodes: 39249
Step  620544 | stage_step=  12288 | Episodes: 41199
Step  630784 | stage_step=  22528 | Episodes: 42853
Eval @ 634880 | stage_step=  26624 | sr=0.00% | reward=127.80 +/- 0.00 | pickups=1.00 deliveries=0.00 delivered_agents=0.00/2
Step  641024 | stage_step=  32768 | Episodes: 44167
[MultiQuadEnv] Steps 1-20000 | pickups=3220 | deliveries=218 | total_pickups=3220 | total_deliveries=218
Step  651264 | stage_step=  43008 | Episodes: 45157
Eval @ 659456 | stage_step=  51200 | sr=0.00% | reward=577.80 +/- 0.00 | pickups=1.00 deliveries=1.00 delivered_agents=1.00/2
Step  661504 | stage_step=  53248 | Episodes: 45905
Step  671744 | stage_step=  63488 | Episodes: 46606
Step  681984 | stage_step=  73728 | Episodes: 47240
Eval @ 684032 | stage_step=  75776 | sr=100.00% | reward=2247.50 +/- 0.00 | pickups=2.00 deliveries=2.00 delivered_agents=2.00/2
[MultiQuadEnv] Steps 20001-40000 | pickups=3128 | deliveries=1302 | total_pickups=6348 | total_deliveries=1520
Step  690176 | stage_step=  81920 | Episodes: 47758
Step  700416 | stage_step=  92160 | Episodes: 48405
Eval @ 708608 | stage_step= 100352 | sr=100.00% | reward=2247.50 +/- 0.00 | pickups=2.00 deliveries=2.00 delivered_agents=2.00/2
Early promotion from s5_tiny_pipe_line_fixed: 100.00% >= 80.00%
Restored best for s5_tiny_pipe_line_fixed: sr=100.00% | reward=2247.50
Set actor_log_std=-0.35 for stage exploration

=== Stage 6/25: s6_small_pipe_line_fixed (fixed positions) ===
Stage: agents=2 obs=(36,) grid=(18, 18) starts=[(2, 3), (2, 4)] package=(2, 6) deliveries=[(2, 8), (2, 9)] lanes=104 rand_pkg=False rand_del=False dt=0.05 substeps=8 max_tilt=0.36
Step  710656 | stage_step=   2048 | Episodes: 48996
Step  720896 | stage_step=  12288 | Episodes: 49603
Step  731136 | stage_step=  22528 | Episodes: 50159
Eval @ 735232 | stage_step=  26624 | sr=100.00% | reward=2247.00 +/- 0.00 | pickups=2.00 deliveries=2.00 delivered_agents=2.00/2
Step  741376 | stage_step=  32768 | Episodes: 50685
[MultiQuadEnv] Steps 1-20000 | pickups=1998 | deliveries=778 | total_pickups=1998 | total_deliveries=778
Step  751616 | stage_step=  43008 | Episodes: 51220
Eval @ 759808 | stage_step=  51200 | sr=100.00% | reward=2247.00 +/- 0.00 | pickups=2.00 deliveries=2.00 delivered_agents=2.00/2
Step  761856 | stage_step=  53248 | Episodes: 51767
Step  770048 | stage_step=  61440 | Episodes: 52170
Step  780288 | stage_step=  71680 | Episodes: 52608
Eval @ 784384 | stage_step=  75776 | sr=100.00% | reward=2297.40 +/- 0.00 | pickups=2.00 deliveries=2.00 delivered_agents=2.00/2
[MultiQuadEnv] Steps 20001-40000 | pickups=2342 | deliveries=1269 | total_pickups=4340 | total_deliveries=2047
Step  790528 | stage_step=  81920 | Episodes: 53075
Step  800768 | stage_step=  92160 | Episodes: 53513
Eval @ 808960 | stage_step= 100352 | sr=0.00% | reward=725.80 +/- 0.00 | pickups=2.00 deliveries=1.00 delivered_agents=1.00/2
Step  811008 | stage_step= 102400 | Episodes: 53946
Step  821248 | stage_step= 112640 | Episodes: 54364
[MultiQuadEnv] Steps 40001-60000 | pickups=2362 | deliveries=1571 | total_pickups=6702 | total_deliveries=3618
Step  831488 | stage_step= 122880 | Episodes: 54749
Eval @ 835584 | stage_step= 126976 | sr=100.00% | reward=2247.20 +/- 0.00 | pickups=2.00 deliveries=2.00 delivered_agents=2.00/2
Early promotion from s6_small_pipe_line_fixed: 100.00% >= 80.00%
Restored best for s6_small_pipe_line_fixed: sr=100.00% | reward=2297.40
Set actor_log_std=-0.35 for stage exploration

=== Stage 7/25: s7_small_pipe_vertical_fixed (fixed positions) ===
Stage: agents=2 obs=(36,) grid=(18, 18) starts=[(2, 8), (3, 8)] package=(4, 8) deliveries=[(5, 8), (6, 8)] lanes=104 rand_pkg=False rand_del=False dt=0.05 substeps=8 max_tilt=0.36
Step  841728 | stage_step=   6144 | Episodes: 55217
Step  851968 | stage_step=  16384 | Episodes: 55763
Step  860160 | stage_step=  24576 | Episodes: 56431
Eval @ 862208 | stage_step=  26624 | sr=0.00% | reward=-27.60 +/- 0.00 | pickups=0.00 deliveries=0.00 delivered_agents=0.00/2
Step  870400 | stage_step=  34816 | Episodes: 57309
[MultiQuadEnv] Steps 1-20000 | pickups=281 | deliveries=14 | total_pickups=281 | total_deliveries=14
Step  880640 | stage_step=  45056 | Episodes: 57985
Eval @ 886784 | stage_step=  51200 | sr=0.00% | reward=-22.00 +/- 0.00 | pickups=0.00 deliveries=0.00 delivered_agents=0.00/2
Step  890880 | stage_step=  55296 | Episodes: 58629
Step  901120 | stage_step=  65536 | Episodes: 59242
Step  911360 | stage_step=  75776 | Episodes: 59874
Eval @ 911360 | stage_step=  75776 | sr=0.00% | reward=-22.00 +/- 0.00 | pickups=0.00 deliveries=0.00 delivered_agents=0.00/2
[MultiQuadEnv] Steps 20001-40000 | pickups=1025 | deliveries=104 | total_pickups=1306 | total_deliveries=118
Step  921600 | stage_step=  86016 | Episodes: 60475
Step  931840 | stage_step=  96256 | Episodes: 61088
Eval @ 935936 | stage_step= 100352 | sr=0.00% | reward=-22.00 +/- 0.00 | pickups=0.00 deliveries=0.00 delivered_agents=0.00/2
Step  940032 | stage_step= 104448 | Episodes: 61584
Step  950272 | stage_step= 114688 | Episodes: 62205
[MultiQuadEnv] Steps 40001-60000 | pickups=1529 | deliveries=461 | total_pickups=2835 | total_deliveries=579
Step  960512 | stage_step= 124928 | Episodes: 62837
Eval @ 962560 | stage_step= 126976 | sr=0.00% | reward=750.20 +/- 0.00 | pickups=2.00 deliveries=1.00 delivered_agents=1.00/2
Step  970752 | stage_step= 135168 | Episodes: 63468
Step  980992 | stage_step= 145408 | Episodes: 64155
Eval @ 987136 | stage_step= 151552 | sr=0.00% | reward=578.00 +/- 0.00 | pickups=1.00 deliveries=1.00 delivered_agents=1.00/2
Step  991232 | stage_step= 155648 | Episodes: 64859
[MultiQuadEnv] Steps 60001-80000 | pickups=2166 | deliveries=985 | total_pickups=5001 | total_deliveries=1564
Step 1001472 | stage_step= 165888 | Episodes: 65558
Step 1011712 | stage_step= 176128 | Episodes: 66248
Eval @1011712 | stage_step= 176128 | sr=0.00% | reward=578.20 +/- 0.00 | pickups=1.00 deliveries=1.00 delivered_agents=1.00/2
Step 1021952 | stage_step= 186368 | Episodes: 66997
Step 1030144 | stage_step= 194560 | Episodes: 67547
[MultiQuadEnv] Steps 80001-100000 | pickups=2538 | deliveries=1276 | total_pickups=7539 | total_deliveries=2840
Eval @1036288 | stage_step= 200704 | sr=100.00% | reward=2248.20 +/- 0.00 | pickups=2.00 deliveries=2.00 delivered_agents=2.00/2
Early promotion from s7_small_pipe_vertical_fixed: 100.00% >= 80.00%
Restored best for s7_small_pipe_vertical_fixed: sr=100.00% | reward=2248.20
Set actor_log_std=-0.35 for stage exploration

=== Stage 8/25: s8_small_pipe_turn_fixed (fixed positions) ===
Stage: agents=2 obs=(36,) grid=(18, 18) starts=[(2, 6), (2, 7)] package=(2, 8) deliveries=[(4, 8), (5, 8)] lanes=104 rand_pkg=False rand_del=False dt=0.05 substeps=8 max_tilt=0.36
Step 1040384 | stage_step=   4096 | Episodes: 68304
Step 1050624 | stage_step=  14336 | Episodes: 69238
Step 1060864 | stage_step=  24576 | Episodes: 70047
Eval @1062912 | stage_step=  26624 | sr=0.00% | reward=-21.60 +/- 0.00 | pickups=0.00 deliveries=0.00 delivered_agents=0.00/2
Step 1071104 | stage_step=  34816 | Episodes: 70871
[MultiQuadEnv] Steps 1-20000 | pickups=935 | deliveries=65 | total_pickups=935 | total_deliveries=65
Step 1081344 | stage_step=  45056 | Episodes: 71598
Eval @1087488 | stage_step=  51200 | sr=0.00% | reward=-22.80 +/- 0.00 | pickups=0.00 deliveries=0.00 delivered_agents=0.00/2
Step 1091584 | stage_step=  55296 | Episodes: 72149
Step 1101824 | stage_step=  65536 | Episodes: 72715
Step 1110016 | stage_step=  73728 | Episodes: 73110
Eval @1112064 | stage_step=  75776 | sr=0.00% | reward=127.60 +/- 0.00 | pickups=1.00 deliveries=0.00 delivered_agents=0.00/2
[MultiQuadEnv] Steps 20001-40000 | pickups=1358 | deliveries=218 | total_pickups=2293 | total_deliveries=283
Step 1120256 | stage_step=  83968 | Episodes: 73577
Step 1130496 | stage_step=  94208 | Episodes: 73922
Eval @1136640 | stage_step= 100352 | sr=0.00% | reward=225.20 +/- 0.00 | pickups=2.00 deliveries=0.00 delivered_agents=0.00/2
Step 1140736 | stage_step= 104448 | Episodes: 74286
Step 1150976 | stage_step= 114688 | Episodes: 74684
[MultiQuadEnv] Steps 40001-60000 | pickups=1640 | deliveries=435 | total_pickups=3933 | total_deliveries=718
Step 1161216 | stage_step= 124928 | Episodes: 75011
Eval @1163264 | stage_step= 126976 | sr=0.00% | reward=675.60 +/- 0.00 | pickups=2.00 deliveries=1.00 delivered_agents=1.00/2
Step 1171456 | stage_step= 135168 | Episodes: 75416
Step 1181696 | stage_step= 145408 | Episodes: 75670
Eval @1187840 | stage_step= 151552 | sr=100.00% | reward=2246.60 +/- 0.00 | pickups=2.00 deliveries=2.00 delivered_agents=2.00/2
Early promotion from s8_small_pipe_turn_fixed: 100.00% >= 75.00%
Restored best for s8_small_pipe_turn_fixed: sr=100.00% | reward=2246.60
Set actor_log_std=-0.35 for stage exploration

=== Stage 9/25: s9_small_pipe_fixed (fixed positions) ===
Stage: agents=2 obs=(36,) grid=(18, 18) starts=[(2, 3), (2, 4)] package=(4, 8) deliveries=[(8, 13), (9, 12)] lanes=104 rand_pkg=False rand_del=False dt=0.05 substeps=8 max_tilt=0.36
Step 1191936 | stage_step=   4096 | Episodes: 76063
Step 1200128 | stage_step=  12288 | Episodes: 76303
Step 1210368 | stage_step=  22528 | Episodes: 76612
Eval @1214464 | stage_step=  26624 | sr=0.00% | reward=-32.50 +/- 0.00 | pickups=0.00 deliveries=0.00 delivered_agents=0.00/2
Step 1220608 | stage_step=  32768 | Episodes: 76923
[MultiQuadEnv] Steps 1-20000 | pickups=111 | deliveries=3 | total_pickups=111 | total_deliveries=3
Step 1230848 | stage_step=  43008 | Episodes: 77318
Eval @1239040 | stage_step=  51200 | sr=0.00% | reward=34.25 +/- 0.00 | pickups=1.00 deliveries=0.00 delivered_agents=0.00/2
Step 1241088 | stage_step=  53248 | Episodes: 77702
Step 1251328 | stage_step=  63488 | Episodes: 78082
Step 1261568 | stage_step=  73728 | Episodes: 78441
Eval @1263616 | stage_step=  75776 | sr=100.00% | reward=2170.25 +/- 0.00 | pickups=2.00 deliveries=2.00 delivered_agents=2.00/2
[MultiQuadEnv] Steps 20001-40000 | pickups=343 | deliveries=0 | total_pickups=454 | total_deliveries=3
Step 1271808 | stage_step=  83968 | Episodes: 78759
Step 1280000 | stage_step=  92160 | Episodes: 79037
Eval @1288192 | stage_step= 100352 | sr=100.00% | reward=2211.35 +/- 0.00 | pickups=2.00 deliveries=2.00 delivered_agents=2.00/2
Early promotion from s9_small_pipe_fixed: 100.00% >= 75.00%
Restored best for s9_small_pipe_fixed: sr=100.00% | reward=2211.35

=== Stage 10/25: s10_pipe_4x4_fixed (fixed positions) ===
Stage: agents=2 obs=(36,) grid=(24, 24) starts=[(2, 3), (2, 4)] package=(14, 3) deliveries=[(18, 15), (19, 14)] lanes=205 rand_pkg=False rand_del=False dt=0.05 substeps=8 max_tilt=0.36
Step 1290240 | stage_step=   2048 | Episodes: 79528
Step 1300480 | stage_step=  12288 | Episodes: 80766
Step 1310720 | stage_step=  22528 | Episodes: 82022
Step 1320960 | stage_step=  32768 | Episodes: 83291
[MultiQuadEnv] Steps 1-20000 | pickups=0 | deliveries=0 | total_pickups=0 | total_deliveries=0
Eval @1329152 | stage_step=  40960 | sr=0.00% | reward=-21.35 +/- 0.00 | pickups=0.00 deliveries=0.00 delivered_agents=0.00/2
Step 1331200 | stage_step=  43008 | Episodes: 84612
Step 1341440 | stage_step=  53248 | Episodes: 85935
Step 1351680 | stage_step=  63488 | Episodes: 87320
Step 1361920 | stage_step=  73728 | Episodes: 88696
[MultiQuadEnv] Steps 20001-40000 | pickups=0 | deliveries=0 | total_pickups=0 | total_deliveries=0
Step 1370112 | stage_step=  81920 | Episodes: 89807
Eval @1370112 | stage_step=  81920 | sr=0.00% | reward=-21.35 +/- 0.00 | pickups=0.00 deliveries=0.00 delivered_agents=0.00/2
Step 1380352 | stage_step=  92160 | Episodes: 91206
Step 1390592 | stage_step= 102400 | Episodes: 92623
Step 1400832 | stage_step= 112640 | Episodes: 94044
[MultiQuadEnv] Steps 40001-60000 | pickups=0 | deliveries=0 | total_pickups=0 | total_deliveries=0
Eval @1409024 | stage_step= 120832 | sr=0.00% | reward=-21.35 +/- 0.00 | pickups=0.00 deliveries=0.00 delivered_agents=0.00/2
Step 1411072 | stage_step= 122880 | Episodes: 95472
Step 1421312 | stage_step= 133120 | Episodes: 96886
Step 1431552 | stage_step= 143360 | Episodes: 98331
Step 1441792 | stage_step= 153600 | Episodes: 99794
[MultiQuadEnv] Steps 60001-80000 | pickups=0 | deliveries=0 | total_pickups=0 | total_deliveries=0
Eval @1449984 | stage_step= 161792 | sr=0.00% | reward=-21.35 +/- 0.00 | pickups=0.00 deliveries=0.00 delivered_agents=0.00/2
Step 1452032 | stage_step= 163840 | Episodes: 101252
Step 1460224 | stage_step= 172032 | Episodes: 102425
Step 1470464 | stage_step= 182272 | Episodes: 103896
Step 1480704 | stage_step= 192512 | Episodes: 105381
[MultiQuadEnv] Steps 80001-100000 | pickups=0 | deliveries=0 | total_pickups=0 | total_deliveries=0
Eval @1488896 | stage_step= 200704 | sr=0.00% | reward=-21.35 +/- 0.00 | pickups=0.00 deliveries=0.00 delivered_agents=0.00/2
Step 1490944 | stage_step= 202752 | Episodes: 106864
Step 1501184 | stage_step= 212992 | Episodes: 108359
Step 1511424 | stage_step= 223232 | Episodes: 109868
Step 1521664 | stage_step= 233472 | Episodes: 111377
[MultiQuadEnv] Steps 100001-120000 | pickups=0 | deliveries=0 | total_pickups=0 | total_deliveries=0
Eval @1529856 | stage_step= 241664 | sr=0.00% | reward=-21.40 +/- 0.00 | pickups=0.00 deliveries=0.00 delivered_agents=0.00/2
Step 1531904 | stage_step= 243712 | Episodes: 112886
Step 1540096 | stage_step= 251904 | Episodes: 114106
Step 1550336 | stage_step= 262144 | Episodes: 115655
Step 1560576 | stage_step= 272384 | Episodes: 117186
[MultiQuadEnv] Steps 120001-140000 | pickups=0 | deliveries=0 | total_pickups=0 | total_deliveries=0
Eval @1568768 | stage_step= 280576 | sr=0.00% | reward=-21.35 +/- 0.00 | pickups=0.00 deliveries=0.00 delivered_agents=0.00/2
Step 1570816 | stage_step= 282624 | Episodes: 118727
Step 1581056 | stage_step= 292864 | Episodes: 120253
Step 1591296 | stage_step= 303104 | Episodes: 121807
Step 1601536 | stage_step= 313344 | Episodes: 123374
[MultiQuadEnv] Steps 140001-160000 | pickups=0 | deliveries=0 | total_pickups=0 | total_deliveries=0
Eval @1609728 | stage_step= 321536 | sr=0.00% | reward=-21.35 +/- 0.00 | pickups=0.00 deliveries=0.00 delivered_agents=0.00/2
Step 1611776 | stage_step= 323584 | Episodes: 124939
Step 1622016 | stage_step= 333824 | Episodes: 126514
Step 1630208 | stage_step= 342016 | Episodes: 127773
Step 1640448 | stage_step= 352256 | Episodes: 129351
[MultiQuadEnv] Steps 160001-180000 | pickups=0 | deliveries=0 | total_pickups=0 | total_deliveries=0
Eval @1648640 | stage_step= 360448 | sr=0.00% | reward=-21.35 +/- 0.00 | pickups=0.00 deliveries=0.00 delivered_agents=0.00/2
Step 1650688 | stage_step= 362496 | Episodes: 130919
Step 1660928 | stage_step= 372736 | Episodes: 132483
Step 1671168 | stage_step= 382976 | Episodes: 134073
Step 1681408 | stage_step= 393216 | Episodes: 135650
[MultiQuadEnv] Steps 180001-200000 | pickups=0 | deliveries=0 | total_pickups=0 | total_deliveries=0
Eval @1689600 | stage_step= 401408 | sr=0.00% | reward=-21.35 +/- 0.00 | pickups=0.00 deliveries=0.00 delivered_agents=0.00/2
Step 1691648 | stage_step= 403456 | Episodes: 137226
Step 1701888 | stage_step= 413696 | Episodes: 138812
Step 1710080 | stage_step= 421888 | Episodes: 140096
Step 1720320 | stage_step= 432128 | Episodes: 141695
[MultiQuadEnv] Steps 200001-220000 | pickups=0 | deliveries=0 | total_pickups=0 | total_deliveries=0
Eval @1728512 | stage_step= 440320 | sr=0.00% | reward=-21.35 +/- 0.00 | pickups=0.00 deliveries=0.00 delivered_agents=0.00/2
Step 1730560 | stage_step= 442368 | Episodes: 143298
Step 1740800 | stage_step= 452608 | Episodes: 144894
Step 1751040 | stage_step= 462848 | Episodes: 146480
Step 1761280 | stage_step= 473088 | Episodes: 148080
[MultiQuadEnv] Steps 220001-240000 | pickups=0 | deliveries=0 | total_pickups=0 | total_deliveries=0
Eval @1769472 | stage_step= 481280 | sr=0.00% | reward=-21.35 +/- 0.00 | pickups=0.00 deliveries=0.00 delivered_agents=0.00/2
Step 1771520 | stage_step= 483328 | Episodes: 149678
Step 1781760 | stage_step= 493568 | Episodes: 151288
Step 1792000 | stage_step= 503808 | Episodes: 152896
Step 1800192 | stage_step= 512000 | Episodes: 154196
[MultiQuadEnv] Steps 240001-260000 | pickups=0 | deliveries=0 | total_pickups=0 | total_deliveries=0
Eval @1808384 | stage_step= 520192 | sr=0.00% | reward=-21.35 +/- 0.00 | pickups=0.00 deliveries=0.00 delivered_agents=0.00/2
Step 1810432 | stage_step= 522240 | Episodes: 155815
Step 1820672 | stage_step= 532480 | Episodes: 157431
Step 1830912 | stage_step= 542720 | Episodes: 159058
Step 1841152 | stage_step= 552960 | Episodes: 160679
[MultiQuadEnv] Steps 260001-280000 | pickups=0 | deliveries=0 | total_pickups=0 | total_deliveries=0
Eval @1849344 | stage_step= 561152 | sr=0.00% | reward=-21.35 +/- 0.00 | pickups=0.00 deliveries=0.00 delivered_agents=0.00/2
Step 1851392 | stage_step= 563200 | Episodes: 162317
Step 1861632 | stage_step= 573440 | Episodes: 163959
Step 1871872 | stage_step= 583680 | Episodes: 165599
Step 1880064 | stage_step= 591872 | Episodes: 166916
[MultiQuadEnv] Steps 280001-300000 | pickups=0 | deliveries=0 | total_pickups=0 | total_deliveries=0
Eval @1888256 | stage_step= 600064 | sr=0.00% | reward=-21.35 +/- 0.00 | pickups=0.00 deliveries=0.00 delivered_agents=0.00/2
Step 1890304 | stage_step= 602112 | Episodes: 168555
Step 1900544 | stage_step= 612352 | Episodes: 170209
Step 1910784 | stage_step= 622592 | Episodes: 171861
Step 1921024 | stage_step= 632832 | Episodes: 173513
[MultiQuadEnv] Steps 300001-320000 | pickups=0 | deliveries=0 | total_pickups=0 | total_deliveries=0
Eval @1929216 | stage_step= 641024 | sr=0.00% | reward=-21.35 +/- 0.00 | pickups=0.00 deliveries=0.00 delivered_agents=0.00/2
Step 1931264 | stage_step= 643072 | Episodes: 175171
Step 1941504 | stage_step= 653312 | Episodes: 176831
Step 1951744 | stage_step= 663552 | Episodes: 178497
Step 1961984 | stage_step= 673792 | Episodes: 180165
[MultiQuadEnv] Steps 320001-340000 | pickups=0 | deliveries=0 | total_pickups=0 | total_deliveries=0
Step 1970176 | stage_step= 681984 | Episodes: 181499
Eval @1970176 | stage_step= 681984 | sr=0.00% | reward=-21.35 +/- 0.00 | pickups=0.00 deliveries=0.00 delivered_agents=0.00/2
Step 1980416 | stage_step= 692224 | Episodes: 183170
Step 1990656 | stage_step= 702464 | Episodes: 184846
Step 2000896 | stage_step= 712704 | Episodes: 186524
[MultiQuadEnv] Steps 340001-360000 | pickups=0 | deliveries=0 | total_pickups=0 | total_deliveries=0
Eval @2009088 | stage_step= 720896 | sr=0.00% | reward=-21.35 +/- 0.00 | pickups=0.00 deliveries=0.00 delivered_agents=0.00/2
Step 2011136 | stage_step= 722944 | Episodes: 188205
Step 2021376 | stage_step= 733184 | Episodes: 189883
Step 2031616 | stage_step= 743424 | Episodes: 191565
Step 2041856 | stage_step= 753664 | Episodes: 193255
[MultiQuadEnv] Steps 360001-380000 | pickups=0 | deliveries=0 | total_pickups=0 | total_deliveries=0
Step 2050048 | stage_step= 761856 | Episodes: 194602
Eval @2050048 | stage_step= 761856 | sr=0.00% | reward=-21.35 +/- 0.00 | pickups=0.00 deliveries=0.00 delivered_agents=0.00/2
Step 2060288 | stage_step= 772096 | Episodes: 196290
Step 2070528 | stage_step= 782336 | Episodes: 197983
Step 2080768 | stage_step= 792576 | Episodes: 199679
[MultiQuadEnv] Steps 380001-400000 | pickups=0 | deliveries=0 | total_pickups=0 | total_deliveries=0
Eval @2088960 | stage_step= 800768 | sr=0.00% | reward=-21.35 +/- 0.00 | pickups=0.00 deliveries=0.00 delivered_agents=0.00/2
Step 2091008 | stage_step= 802816 | Episodes: 201374
Step 2101248 | stage_step= 813056 | Episodes: 203070
Step 2111488 | stage_step= 823296 | Episodes: 204764
Step 2121728 | stage_step= 833536 | Episodes: 206464
[MultiQuadEnv] Steps 400001-420000 | pickups=0 | deliveries=0 | total_pickups=0 | total_deliveries=0
Eval @2129920 | stage_step= 841728 | sr=0.00% | reward=-21.35 +/- 0.00 | pickups=0.00 deliveries=0.00 delivered_agents=0.00/2
Step 2131968 | stage_step= 843776 | Episodes: 208161
Step 2140160 | stage_step= 851968 | Episodes: 209520
Eval @2140160 | stage_step= 851968 | sr=0.00% | reward=-21.35 +/- 0.00 | pickups=0.00 deliveries=0.00 delivered_agents=0.00/2
Full budget used for s10_pipe_4x4_fixed. Best stage success=0.00%.
No successful checkpoint found for s10_pipe_4x4_fixed; restored pre-stage model.
Final eval | success_rate=100.00% | mean_reward=2211.35 +/- 0.00 | pickups=2.00 deliveries=2.00 | delivered_agents=2.00/2 

### SWEEP 13/20: quad_physics_mappo_fixed_v12_sweep_long_seed7 ###

Using device: cpu
Initial Quad MAPPO: agents=2 obs=(36,) grid=(6, 5) starts=[(4, 2), (3, 2)] package=(2, 2) deliveries=[(1, 1), (1, 3)] lanes=6 rand_pkg=False rand_del=False dt=0.05 substeps=8 max_tilt=0.36

=== Stage 1/25: s1_short_t_fixed (fixed positions) ===
Stage: agents=2 obs=(36,) grid=(6, 5) starts=[(4, 2), (3, 2)] package=(2, 2) deliveries=[(1, 1), (1, 3)] lanes=6 rand_pkg=False rand_del=False dt=0.05 substeps=8 max_tilt=0.36
Step   10240 | stage_step=  10240 | Episodes:  1154
Step   20480 | stage_step=  20480 | Episodes:  2417
Eval @  20480 | stage_step=  20480 | sr=0.00% | reward=127.60 +/- 0.00 | pickups=1.00 deliveries=0.00 delivered_agents=0.00/2
Step   30720 | stage_step=  30720 | Episodes:  3584
[MultiQuadEnv] Steps 1-20000 | pickups=2769 | deliveries=428 | total_pickups=2769 | total_deliveries=428
Step   40960 | stage_step=  40960 | Episodes:  4662
Eval @  40960 | stage_step=  40960 | sr=0.00% | reward=726.80 +/- 0.00 | pickups=2.00 deliveries=1.00 delivered_agents=1.00/2
Step   51200 | stage_step=  51200 | Episodes:  5656
Step   61440 | stage_step=  61440 | Episodes:  6540
Eval @  61440 | stage_step=  61440 | sr=0.00% | reward=727.40 +/- 0.00 | pickups=2.00 deliveries=1.00 delivered_agents=1.00/2
Step   71680 | stage_step=  71680 | Episodes:  7325
[MultiQuadEnv] Steps 20001-40000 | pickups=4380 | deliveries=1564 | total_pickups=7149 | total_deliveries=1992
Step   81920 | stage_step=  81920 | Episodes:  8066
Eval @  81920 | stage_step=  81920 | sr=100.00% | reward=2297.00 +/- 0.00 | pickups=2.00 deliveries=2.00 delivered_agents=2.00/2
Early promotion from s1_short_t_fixed: 100.00% >= 90.00%
Restored best for s1_short_t_fixed: sr=100.00% | reward=2297.00

=== Stage 2/25: s2_wider_t_stem_fixed (fixed positions) ===
Stage: agents=2 obs=(36,) grid=(8, 9) starts=[(6, 4), (5, 4)] package=(3, 4) deliveries=[(2, 4), (1, 4)] lanes=12 rand_pkg=False rand_del=False dt=0.05 substeps=8 max_tilt=0.36
Step   90112 | stage_step=   8192 | Episodes:  8811
Step  100352 | stage_step=  18432 | Episodes:  9675
Eval @ 108544 | stage_step=  26624 | sr=100.00% | reward=2247.60 +/- 0.00 | pickups=2.00 deliveries=2.00 delivered_agents=2.00/2
Step  110592 | stage_step=  28672 | Episodes: 10541
Step  120832 | stage_step=  38912 | Episodes: 11374
[MultiQuadEnv] Steps 1-20000 | pickups=4232 | deliveries=2471 | total_pickups=4232 | total_deliveries=2471
Step  131072 | stage_step=  49152 | Episodes: 12155
Eval @ 133120 | stage_step=  51200 | sr=100.00% | reward=2247.60 +/- 0.00 | pickups=2.00 deliveries=2.00 delivered_agents=2.00/2
Step  141312 | stage_step=  59392 | Episodes: 12938
Step  151552 | stage_step=  69632 | Episodes: 13723
Eval @ 157696 | stage_step=  75776 | sr=100.00% | reward=2247.80 +/- 0.00 | pickups=2.00 deliveries=2.00 delivered_agents=2.00/2
Step  161792 | stage_step=  79872 | Episodes: 14487
[MultiQuadEnv] Steps 20001-40000 | pickups=4870 | deliveries=4017 | total_pickups=9102 | total_deliveries=6488
Step  172032 | stage_step=  90112 | Episodes: 15239
Step  180224 | stage_step=  98304 | Episodes: 15856
Eval @ 182272 | stage_step= 100352 | sr=100.00% | reward=2247.80 +/- 0.00 | pickups=2.00 deliveries=2.00 delivered_agents=2.00/2
Early promotion from s2_wider_t_stem_fixed: 100.00% >= 85.00%
Restored best for s2_wider_t_stem_fixed: sr=100.00% | reward=2247.80

=== Stage 3/25: s3_wider_t_near_branch_fixed (fixed positions) ===
Stage: agents=2 obs=(36,) grid=(8, 9) starts=[(6, 4), (5, 4)] package=(2, 4) deliveries=[(1, 3), (1, 5)] lanes=12 rand_pkg=False rand_del=False dt=0.05 substeps=8 max_tilt=0.36
Step  190464 | stage_step=   8192 | Episodes: 16354
Step  200704 | stage_step=  18432 | Episodes: 16834
Eval @ 208896 | stage_step=  26624 | sr=0.00% | reward=277.60 +/- 0.00 | pickups=2.00 deliveries=0.00 delivered_agents=0.00/2
Step  210944 | stage_step=  28672 | Episodes: 17270
Step  221184 | stage_step=  38912 | Episodes: 17752
[MultiQuadEnv] Steps 1-20000 | pickups=2505 | deliveries=191 | total_pickups=2505 | total_deliveries=191
Step  231424 | stage_step=  49152 | Episodes: 18257
Eval @ 233472 | stage_step=  51200 | sr=0.00% | reward=442.80 +/- 0.00 | pickups=2.00 deliveries=1.00 delivered_agents=1.00/2
Step  241664 | stage_step=  59392 | Episodes: 18673
Step  251904 | stage_step=  69632 | Episodes: 19065
Eval @ 258048 | stage_step=  75776 | sr=0.00% | reward=442.80 +/- 0.00 | pickups=2.00 deliveries=1.00 delivered_agents=1.00/2
Step  260096 | stage_step=  77824 | Episodes: 19387
[MultiQuadEnv] Steps 20001-40000 | pickups=2414 | deliveries=627 | total_pickups=4919 | total_deliveries=818
Step  270336 | stage_step=  88064 | Episodes: 19790
Step  280576 | stage_step=  98304 | Episodes: 20145
Eval @ 282624 | stage_step= 100352 | sr=0.00% | reward=776.00 +/- 0.00 | pickups=2.00 deliveries=1.00 delivered_agents=1.00/2
Step  290816 | stage_step= 108544 | Episodes: 20573
Step  301056 | stage_step= 118784 | Episodes: 20954
[MultiQuadEnv] Steps 40001-60000 | pickups=2368 | deliveries=1045 | total_pickups=7287 | total_deliveries=1863
Eval @ 309248 | stage_step= 126976 | sr=100.00% | reward=2296.40 +/- 0.00 | pickups=2.00 deliveries=2.00 delivered_agents=2.00/2
Early promotion from s3_wider_t_near_branch_fixed: 100.00% >= 75.00%
Restored best for s3_wider_t_near_branch_fixed: sr=100.00% | reward=2296.40

=== Stage 4/25: s4_wider_t_branch_fixed (fixed positions) ===
Stage: agents=2 obs=(36,) grid=(8, 9) starts=[(6, 4), (5, 4)] package=(3, 4) deliveries=[(1, 1), (1, 7)] lanes=12 rand_pkg=False rand_del=False dt=0.05 substeps=8 max_tilt=0.36
Step  311296 | stage_step=   2048 | Episodes: 21396
Step  321536 | stage_step=  12288 | Episodes: 22197
Step  331776 | stage_step=  22528 | Episodes: 22986
Eval @ 335872 | stage_step=  26624 | sr=0.00% | reward=277.30 +/- 0.00 | pickups=2.00 deliveries=0.00 delivered_agents=0.00/2
Step  342016 | stage_step=  32768 | Episodes: 23748
[MultiQuadEnv] Steps 1-20000 | pickups=4821 | deliveries=11 | total_pickups=4821 | total_deliveries=11
Step  350208 | stage_step=  40960 | Episodes: 24347
Step  360448 | stage_step=  51200 | Episodes: 25062
Eval @ 360448 | stage_step=  51200 | sr=0.00% | reward=276.45 +/- 0.00 | pickups=2.00 deliveries=0.00 delivered_agents=0.00/2
Step  370688 | stage_step=  61440 | Episodes: 25756
Step  380928 | stage_step=  71680 | Episodes: 26419
Eval @ 385024 | stage_step=  75776 | sr=0.00% | reward=276.45 +/- 0.00 | pickups=2.00 deliveries=0.00 delivered_agents=0.00/2
[MultiQuadEnv] Steps 20001-40000 | pickups=4689 | deliveries=221 | total_pickups=9510 | total_deliveries=232
Step  391168 | stage_step=  81920 | Episodes: 27011
Step  401408 | stage_step=  92160 | Episodes: 27590
Eval @ 409600 | stage_step= 100352 | sr=100.00% | reward=2295.10 +/- 0.00 | pickups=2.00 deliveries=2.00 delivered_agents=2.00/2
Early promotion from s4_wider_t_branch_fixed: 100.00% >= 80.00%
Restored best for s4_wider_t_branch_fixed: sr=100.00% | reward=2295.10
Set actor_log_std=-0.35 for stage exploration

=== Stage 5/25: s5_tiny_pipe_line_fixed (fixed positions) ===
Stage: agents=2 obs=(36,) grid=(12, 12) starts=[(2, 3), (2, 4)] package=(2, 5) deliveries=[(2, 6), (2, 7)] lanes=47 rand_pkg=False rand_del=False dt=0.05 substeps=8 max_tilt=0.36
Step  411648 | stage_step=   2048 | Episodes: 28224
Step  421888 | stage_step=  12288 | Episodes: 29110
Step  430080 | stage_step=  20480 | Episodes: 29760
Eval @ 436224 | stage_step=  26624 | sr=0.00% | reward=226.20 +/- 0.00 | pickups=2.00 deliveries=0.00 delivered_agents=0.00/2
Step  440320 | stage_step=  30720 | Episodes: 30507
[MultiQuadEnv] Steps 1-20000 | pickups=2493 | deliveries=740 | total_pickups=2493 | total_deliveries=740
Step  450560 | stage_step=  40960 | Episodes: 31264
Step  460800 | stage_step=  51200 | Episodes: 32002
Eval @ 460800 | stage_step=  51200 | sr=100.00% | reward=2247.85 +/- 0.00 | pickups=2.00 deliveries=2.00 delivered_agents=2.00/2
Step  471040 | stage_step=  61440 | Episodes: 32746
Step  481280 | stage_step=  71680 | Episodes: 33494
Eval @ 485376 | stage_step=  75776 | sr=100.00% | reward=2247.80 +/- 0.00 | pickups=2.00 deliveries=2.00 delivered_agents=2.00/2
[MultiQuadEnv] Steps 20001-40000 | pickups=3535 | deliveries=1797 | total_pickups=6028 | total_deliveries=2537
Step  491520 | stage_step=  81920 | Episodes: 34249
Step  501760 | stage_step=  92160 | Episodes: 34980
Eval @ 509952 | stage_step= 100352 | sr=100.00% | reward=2248.05 +/- 0.00 | pickups=2.00 deliveries=2.00 delivered_agents=2.00/2
Early promotion from s5_tiny_pipe_line_fixed: 100.00% >= 80.00%
Restored best for s5_tiny_pipe_line_fixed: sr=100.00% | reward=2248.05
Set actor_log_std=-0.35 for stage exploration

=== Stage 6/25: s6_small_pipe_line_fixed (fixed positions) ===
Stage: agents=2 obs=(36,) grid=(18, 18) starts=[(2, 3), (2, 4)] package=(2, 6) deliveries=[(2, 8), (2, 9)] lanes=104 rand_pkg=False rand_del=False dt=0.05 substeps=8 max_tilt=0.36
Step  512000 | stage_step=   2048 | Episodes: 35794
Step  520192 | stage_step=  10240 | Episodes: 36327
Step  530432 | stage_step=  20480 | Episodes: 36851
Eval @ 536576 | stage_step=  26624 | sr=100.00% | reward=2297.60 +/- 0.00 | pickups=2.00 deliveries=2.00 delivered_agents=2.00/2
Step  540672 | stage_step=  30720 | Episodes: 37426
[MultiQuadEnv] Steps 1-20000 | pickups=2231 | deliveries=832 | total_pickups=2231 | total_deliveries=832
Step  550912 | stage_step=  40960 | Episodes: 38029
Step  561152 | stage_step=  51200 | Episodes: 38581
Eval @ 561152 | stage_step=  51200 | sr=100.00% | reward=2297.60 +/- 0.00 | pickups=2.00 deliveries=2.00 delivered_agents=2.00/2
Step  571392 | stage_step=  61440 | Episodes: 39143
Step  581632 | stage_step=  71680 | Episodes: 39722
Eval @ 585728 | stage_step=  75776 | sr=0.00% | reward=726.00 +/- 0.00 | pickups=2.00 deliveries=1.00 delivered_agents=1.00/2
[MultiQuadEnv] Steps 20001-40000 | pickups=2403 | deliveries=1103 | total_pickups=4634 | total_deliveries=1935
Step  591872 | stage_step=  81920 | Episodes: 40261
Step  600064 | stage_step=  90112 | Episodes: 40695
Step  610304 | stage_step= 100352 | Episodes: 41261
Eval @ 610304 | stage_step= 100352 | sr=0.00% | reward=726.20 +/- 0.00 | pickups=2.00 deliveries=1.00 delivered_agents=1.00/2
Step  620544 | stage_step= 110592 | Episodes: 41723
[MultiQuadEnv] Steps 40001-60000 | pickups=2621 | deliveries=1539 | total_pickups=7255 | total_deliveries=3474
Step  630784 | stage_step= 120832 | Episodes: 42256
Eval @ 636928 | stage_step= 126976 | sr=100.00% | reward=2247.40 +/- 0.00 | pickups=2.00 deliveries=2.00 delivered_agents=2.00/2
Early promotion from s6_small_pipe_line_fixed: 100.00% >= 80.00%
Restored best for s6_small_pipe_line_fixed: sr=100.00% | reward=2297.60
Set actor_log_std=-0.35 for stage exploration

=== Stage 7/25: s7_small_pipe_vertical_fixed (fixed positions) ===
Stage: agents=2 obs=(36,) grid=(18, 18) starts=[(2, 8), (3, 8)] package=(4, 8) deliveries=[(5, 8), (6, 8)] lanes=104 rand_pkg=False rand_del=False dt=0.05 substeps=8 max_tilt=0.36
Step  641024 | stage_step=   4096 | Episodes: 43057
Step  651264 | stage_step=  14336 | Episodes: 44308
Step  661504 | stage_step=  24576 | Episodes: 45391
Eval @ 663552 | stage_step=  26624 | sr=0.00% | reward=-32.00 +/- 0.00 | pickups=0.00 deliveries=0.00 delivered_agents=0.00/2
Step  671744 | stage_step=  34816 | Episodes: 46031
[MultiQuadEnv] Steps 1-20000 | pickups=740 | deliveries=131 | total_pickups=740 | total_deliveries=131
Step  681984 | stage_step=  45056 | Episodes: 46585
Eval @ 688128 | stage_step=  51200 | sr=100.00% | reward=2244.80 +/- 0.00 | pickups=2.00 deliveries=2.00 delivered_agents=2.00/2
Step  690176 | stage_step=  53248 | Episodes: 47000
Step  700416 | stage_step=  63488 | Episodes: 47510
Step  710656 | stage_step=  73728 | Episodes: 47996
Eval @ 712704 | stage_step=  75776 | sr=100.00% | reward=2246.60 +/- 0.00 | pickups=2.00 deliveries=2.00 delivered_agents=2.00/2
[MultiQuadEnv] Steps 20001-40000 | pickups=1495 | deliveries=608 | total_pickups=2235 | total_deliveries=739
Step  720896 | stage_step=  83968 | Episodes: 48490
Step  731136 | stage_step=  94208 | Episodes: 49047
Eval @ 737280 | stage_step= 100352 | sr=100.00% | reward=2246.80 +/- 0.00 | pickups=2.00 deliveries=2.00 delivered_agents=2.00/2
Early promotion from s7_small_pipe_vertical_fixed: 100.00% >= 80.00%
Restored best for s7_small_pipe_vertical_fixed: sr=100.00% | reward=2246.80
Set actor_log_std=-0.35 for stage exploration

=== Stage 8/25: s8_small_pipe_turn_fixed (fixed positions) ===
Stage: agents=2 obs=(36,) grid=(18, 18) starts=[(2, 6), (2, 7)] package=(2, 8) deliveries=[(4, 8), (5, 8)] lanes=104 rand_pkg=False rand_del=False dt=0.05 substeps=8 max_tilt=0.36
Step  741376 | stage_step=   4096 | Episodes: 49672
Step  751616 | stage_step=  14336 | Episodes: 50388
Step  761856 | stage_step=  24576 | Episodes: 51001
Eval @ 763904 | stage_step=  26624 | sr=0.00% | reward=128.00 +/- 0.00 | pickups=1.00 deliveries=0.00 delivered_agents=0.00/2
Step  770048 | stage_step=  32768 | Episodes: 51501
[MultiQuadEnv] Steps 1-20000 | pickups=1552 | deliveries=151 | total_pickups=1552 | total_deliveries=151
Step  780288 | stage_step=  43008 | Episodes: 52035
Eval @ 788480 | stage_step=  51200 | sr=0.00% | reward=556.40 +/- 0.00 | pickups=1.00 deliveries=1.00 delivered_agents=1.00/2
Step  790528 | stage_step=  53248 | Episodes: 52502
Step  800768 | stage_step=  63488 | Episodes: 52926
Step  811008 | stage_step=  73728 | Episodes: 53264
Eval @ 813056 | stage_step=  75776 | sr=0.00% | reward=556.40 +/- 0.00 | pickups=1.00 deliveries=1.00 delivered_agents=1.00/2
[MultiQuadEnv] Steps 20001-40000 | pickups=1361 | deliveries=298 | total_pickups=2913 | total_deliveries=449
Step  821248 | stage_step=  83968 | Episodes: 53678
Step  831488 | stage_step=  94208 | Episodes: 54125
Eval @ 837632 | stage_step= 100352 | sr=0.00% | reward=572.80 +/- 0.00 | pickups=1.00 deliveries=1.00 delivered_agents=1.00/2
Step  841728 | stage_step= 104448 | Episodes: 54525
Step  851968 | stage_step= 114688 | Episodes: 54933
[MultiQuadEnv] Steps 40001-60000 | pickups=1746 | deliveries=481 | total_pickups=4659 | total_deliveries=930
Step  860160 | stage_step= 122880 | Episodes: 55296
Eval @ 864256 | stage_step= 126976 | sr=0.00% | reward=726.00 +/- 0.00 | pickups=2.00 deliveries=1.00 delivered_agents=1.00/2
Step  870400 | stage_step= 133120 | Episodes: 55676
Step  880640 | stage_step= 143360 | Episodes: 56066
Eval @ 888832 | stage_step= 151552 | sr=100.00% | reward=2246.20 +/- 0.00 | pickups=2.00 deliveries=2.00 delivered_agents=2.00/2
Early promotion from s8_small_pipe_turn_fixed: 100.00% >= 75.00%
Restored best for s8_small_pipe_turn_fixed: sr=100.00% | reward=2246.20
Set actor_log_std=-0.35 for stage exploration

=== Stage 9/25: s9_small_pipe_fixed (fixed positions) ===
Stage: agents=2 obs=(36,) grid=(18, 18) starts=[(2, 3), (2, 4)] package=(4, 8) deliveries=[(8, 13), (9, 12)] lanes=104 rand_pkg=False rand_del=False dt=0.05 substeps=8 max_tilt=0.36
Step  890880 | stage_step=   2048 | Episodes: 56483
Step  901120 | stage_step=  12288 | Episodes: 57002
Step  911360 | stage_step=  22528 | Episodes: 57559
Eval @ 915456 | stage_step=  26624 | sr=0.00% | reward=-22.55 +/- 0.00 | pickups=0.00 deliveries=0.00 delivered_agents=0.00/2
Step  921600 | stage_step=  32768 | Episodes: 58212
[MultiQuadEnv] Steps 1-20000 | pickups=370 | deliveries=0 | total_pickups=370 | total_deliveries=0
Step  931840 | stage_step=  43008 | Episodes: 58867
Step  940032 | stage_step=  51200 | Episodes: 59322
Eval @ 940032 | stage_step=  51200 | sr=0.00% | reward=228.85 +/- 0.00 | pickups=2.00 deliveries=0.00 delivered_agents=0.00/2
Step  950272 | stage_step=  61440 | Episodes: 59997
Step  960512 | stage_step=  71680 | Episodes: 60531
Eval @ 964608 | stage_step=  75776 | sr=0.00% | reward=272.20 +/- 0.00 | pickups=2.00 deliveries=0.00 delivered_agents=0.00/2
[MultiQuadEnv] Steps 20001-40000 | pickups=748 | deliveries=0 | total_pickups=1118 | total_deliveries=0
Step  970752 | stage_step=  81920 | Episodes: 61095
Step  980992 | stage_step=  92160 | Episodes: 61584
Eval @ 989184 | stage_step= 100352 | sr=0.00% | reward=116.80 +/- 0.00 | pickups=1.00 deliveries=0.00 delivered_agents=0.00/2
Step  991232 | stage_step= 102400 | Episodes: 62014
Step 1001472 | stage_step= 112640 | Episodes: 62425
[MultiQuadEnv] Steps 40001-60000 | pickups=1157 | deliveries=0 | total_pickups=2275 | total_deliveries=0
Step 1011712 | stage_step= 122880 | Episodes: 62836
Eval @1015808 | stage_step= 126976 | sr=0.00% | reward=272.25 +/- 0.00 | pickups=2.00 deliveries=0.00 delivered_agents=0.00/2
Step 1021952 | stage_step= 133120 | Episodes: 63231
Step 1030144 | stage_step= 141312 | Episodes: 63546
Step 1040384 | stage_step= 151552 | Episodes: 63905
Eval @1040384 | stage_step= 151552 | sr=0.00% | reward=271.30 +/- 0.00 | pickups=2.00 deliveries=0.00 delivered_agents=0.00/2
[MultiQuadEnv] Steps 60001-80000 | pickups=1576 | deliveries=0 | total_pickups=3851 | total_deliveries=0
Step 1050624 | stage_step= 161792 | Episodes: 64240
Step 1060864 | stage_step= 172032 | Episodes: 64572
Eval @1064960 | stage_step= 176128 | sr=0.00% | reward=273.30 +/- 0.00 | pickups=2.00 deliveries=0.00 delivered_agents=0.00/2
Step 1071104 | stage_step= 182272 | Episodes: 64872
Step 1081344 | stage_step= 192512 | Episodes: 65140
[MultiQuadEnv] Steps 80001-100000 | pickups=1547 | deliveries=0 | total_pickups=5398 | total_deliveries=0
Eval @1089536 | stage_step= 200704 | sr=0.00% | reward=273.30 +/- 0.00 | pickups=2.00 deliveries=0.00 delivered_agents=0.00/2
Step 1091584 | stage_step= 202752 | Episodes: 65413
Step 1101824 | stage_step= 212992 | Episodes: 65702
Step 1110016 | stage_step= 221184 | Episodes: 65972
Eval @1114112 | stage_step= 225280 | sr=0.00% | reward=272.85 +/- 0.00 | pickups=2.00 deliveries=0.00 delivered_agents=0.00/2
Step 1120256 | stage_step= 231424 | Episodes: 66302
[MultiQuadEnv] Steps 100001-120000 | pickups=1821 | deliveries=0 | total_pickups=7219 | total_deliveries=0
Step 1130496 | stage_step= 241664 | Episodes: 66621
Step 1140736 | stage_step= 251904 | Episodes: 66939
Eval @1140736 | stage_step= 251904 | sr=0.00% | reward=273.40 +/- 0.00 | pickups=2.00 deliveries=0.00 delivered_agents=0.00/2
Step 1150976 | stage_step= 262144 | Episodes: 67243
Step 1161216 | stage_step= 272384 | Episodes: 67574
Eval @1165312 | stage_step= 276480 | sr=0.00% | reward=273.65 +/- 0.00 | pickups=2.00 deliveries=0.00 delivered_agents=0.00/2
[MultiQuadEnv] Steps 120001-140000 | pickups=1995 | deliveries=0 | total_pickups=9214 | total_deliveries=0
Step 1171456 | stage_step= 282624 | Episodes: 67905
Step 1181696 | stage_step= 292864 | Episodes: 68221
Eval @1189888 | stage_step= 301056 | sr=0.00% | reward=273.30 +/- 0.00 | pickups=2.00 deliveries=0.00 delivered_agents=0.00/2
Step 1191936 | stage_step= 303104 | Episodes: 68550
Step 1200128 | stage_step= 311296 | Episodes: 68809
[MultiQuadEnv] Steps 140001-160000 | pickups=2159 | deliveries=0 | total_pickups=11373 | total_deliveries=0
Step 1210368 | stage_step= 321536 | Episodes: 69140
Eval @1214464 | stage_step= 325632 | sr=0.00% | reward=272.95 +/- 0.00 | pickups=2.00 deliveries=0.00 delivered_agents=0.00/2
Step 1220608 | stage_step= 331776 | Episodes: 69461
Step 1230848 | stage_step= 342016 | Episodes: 69778
Eval @1239040 | stage_step= 350208 | sr=0.00% | reward=272.85 +/- 0.00 | pickups=2.00 deliveries=0.00 delivered_agents=0.00/2
Step 1241088 | stage_step= 352256 | Episodes: 70089
[MultiQuadEnv] Steps 160001-180000 | pickups=2150 | deliveries=0 | total_pickups=13523 | total_deliveries=0
Step 1251328 | stage_step= 362496 | Episodes: 70394
Step 1261568 | stage_step= 372736 | Episodes: 70703
Eval @1265664 | stage_step= 376832 | sr=0.00% | reward=272.75 +/- 0.00 | pickups=2.00 deliveries=0.00 delivered_agents=0.00/2
Step 1271808 | stage_step= 382976 | Episodes: 71005
Step 1280000 | stage_step= 391168 | Episodes: 71221
[MultiQuadEnv] Steps 180001-200000 | pickups=2008 | deliveries=0 | total_pickups=15531 | total_deliveries=0
Step 1290240 | stage_step= 401408 | Episodes: 71525
Eval @1290240 | stage_step= 401408 | sr=0.00% | reward=271.95 +/- 0.00 | pickups=2.00 deliveries=0.00 delivered_agents=0.00/2
Step 1300480 | stage_step= 411648 | Episodes: 71821
Step 1310720 | stage_step= 421888 | Episodes: 72095
Eval @1314816 | stage_step= 425984 | sr=0.00% | reward=272.85 +/- 0.00 | pickups=2.00 deliveries=0.00 delivered_agents=0.00/2
Step 1320960 | stage_step= 432128 | Episodes: 72366
[MultiQuadEnv] Steps 200001-220000 | pickups=1951 | deliveries=0 | total_pickups=17482 | total_deliveries=0
Step 1331200 | stage_step= 442368 | Episodes: 72630
Eval @1339392 | stage_step= 450560 | sr=0.00% | reward=271.75 +/- 0.00 | pickups=2.00 deliveries=0.00 delivered_agents=0.00/2
Step 1341440 | stage_step= 452608 | Episodes: 72895
Step 1351680 | stage_step= 462848 | Episodes: 73159
Step 1361920 | stage_step= 473088 | Episodes: 73422
Eval @1363968 | stage_step= 475136 | sr=0.00% | reward=270.50 +/- 0.00 | pickups=2.00 deliveries=0.00 delivered_agents=0.00/2
[MultiQuadEnv] Steps 220001-240000 | pickups=1870 | deliveries=3 | total_pickups=19352 | total_deliveries=3
Step 1370112 | stage_step= 481280 | Episodes: 73616
Step 1380352 | stage_step= 491520 | Episodes: 73833
Step 1390592 | stage_step= 501760 | Episodes: 74009
Eval @1390592 | stage_step= 501760 | sr=0.00% | reward=-341.55 +/- 0.00 | pickups=2.00 deliveries=1.00 delivered_agents=1.00/2
Step 1400832 | stage_step= 512000 | Episodes: 74159
[MultiQuadEnv] Steps 240001-260000 | pickups=1257 | deliveries=190 | total_pickups=20609 | total_deliveries=193
Step 1411072 | stage_step= 522240 | Episodes: 74292
Eval @1415168 | stage_step= 526336 | sr=0.00% | reward=-343.45 +/- 0.00 | pickups=2.00 deliveries=1.00 delivered_agents=1.00/2
Step 1421312 | stage_step= 532480 | Episodes: 74420
Step 1431552 | stage_step= 542720 | Episodes: 74560
Eval @1439744 | stage_step= 550912 | sr=0.00% | reward=-343.60 +/- 0.00 | pickups=2.00 deliveries=1.00 delivered_agents=1.00/2
Step 1441792 | stage_step= 552960 | Episodes: 74718
[MultiQuadEnv] Steps 260001-280000 | pickups=1046 | deliveries=359 | total_pickups=21655 | total_deliveries=552
Step 1452032 | stage_step= 563200 | Episodes: 74868
Step 1460224 | stage_step= 571392 | Episodes: 74981
Eval @1464320 | stage_step= 575488 | sr=0.00% | reward=-339.70 +/- 0.00 | pickups=2.00 deliveries=1.00 delivered_agents=1.00/2
Step 1470464 | stage_step= 581632 | Episodes: 75117
Step 1480704 | stage_step= 591872 | Episodes: 75242
[MultiQuadEnv] Steps 280001-300000 | pickups=941 | deliveries=350 | total_pickups=22596 | total_deliveries=902
Eval @1488896 | stage_step= 600064 | sr=0.00% | reward=-343.40 +/- 0.00 | pickups=2.00 deliveries=1.00 delivered_agents=1.00/2
Step 1490944 | stage_step= 602112 | Episodes: 75366
Step 1501184 | stage_step= 612352 | Episodes: 75486
Step 1511424 | stage_step= 622592 | Episodes: 75606
Eval @1515520 | stage_step= 626688 | sr=0.00% | reward=-340.65 +/- 0.00 | pickups=2.00 deliveries=1.00 delivered_agents=1.00/2
Step 1521664 | stage_step= 632832 | Episodes: 75736
[MultiQuadEnv] Steps 300001-320000 | pickups=942 | deliveries=370 | total_pickups=23538 | total_deliveries=1272
Step 1531904 | stage_step= 643072 | Episodes: 75881
Step 1540096 | stage_step= 651264 | Episodes: 76013
Eval @1540096 | stage_step= 651264 | sr=0.00% | reward=-342.05 +/- 0.00 | pickups=2.00 deliveries=1.00 delivered_agents=1.00/2
Step 1550336 | stage_step= 661504 | Episodes: 76173
Step 1560576 | stage_step= 671744 | Episodes: 76320
Eval @1564672 | stage_step= 675840 | sr=0.00% | reward=-336.60 +/- 0.00 | pickups=2.00 deliveries=1.00 delivered_agents=1.00/2
[MultiQuadEnv] Steps 320001-340000 | pickups=1102 | deliveries=403 | total_pickups=24640 | total_deliveries=1675
Step 1570816 | stage_step= 681984 | Episodes: 76469
Step 1581056 | stage_step= 692224 | Episodes: 76617
Eval @1589248 | stage_step= 700416 | sr=0.00% | reward=-336.30 +/- 0.00 | pickups=2.00 deliveries=1.00 delivered_agents=1.00/2
Step 1591296 | stage_step= 702464 | Episodes: 76744
Step 1601536 | stage_step= 712704 | Episodes: 76883
[MultiQuadEnv] Steps 340001-360000 | pickups=955 | deliveries=411 | total_pickups=25595 | total_deliveries=2086
Step 1611776 | stage_step= 722944 | Episodes: 77002
Eval @1615872 | stage_step= 727040 | sr=0.00% | reward=-337.90 +/- 0.00 | pickups=2.00 deliveries=1.00 delivered_agents=1.00/2
Step 1622016 | stage_step= 733184 | Episodes: 77143
Step 1630208 | stage_step= 741376 | Episodes: 77244
Step 1640448 | stage_step= 751616 | Episodes: 77376
Eval @1640448 | stage_step= 751616 | sr=100.00% | reward=2237.60 +/- 0.00 | pickups=2.00 deliveries=2.00 delivered_agents=2.00/2
Early promotion from s9_small_pipe_fixed: 100.00% >= 75.00%
Restored best for s9_small_pipe_fixed: sr=100.00% | reward=2237.60

=== Stage 10/25: s10_pipe_4x4_fixed (fixed positions) ===
Stage: agents=2 obs=(36,) grid=(24, 24) starts=[(2, 3), (2, 4)] package=(14, 3) deliveries=[(18, 15), (19, 14)] lanes=205 rand_pkg=False rand_del=False dt=0.05 substeps=8 max_tilt=0.36
Step 1650688 | stage_step=  10240 | Episodes: 78844
Step 1660928 | stage_step=  20480 | Episodes: 80261
Step 1671168 | stage_step=  30720 | Episodes: 81730
[MultiQuadEnv] Steps 1-20000 | pickups=0 | deliveries=0 | total_pickups=0 | total_deliveries=0
Step 1681408 | stage_step=  40960 | Episodes: 83215
Eval @1681408 | stage_step=  40960 | sr=0.00% | reward=-21.75 +/- 0.00 | pickups=0.00 deliveries=0.00 delivered_agents=0.00/2
Step 1691648 | stage_step=  51200 | Episodes: 84693
Step 1701888 | stage_step=  61440 | Episodes: 86181
Step 1710080 | stage_step=  69632 | Episodes: 87393
Step 1720320 | stage_step=  79872 | Episodes: 88919
[MultiQuadEnv] Steps 20001-40000 | pickups=0 | deliveries=0 | total_pickups=0 | total_deliveries=0
Eval @1722368 | stage_step=  81920 | sr=0.00% | reward=-21.75 +/- 0.00 | pickups=0.00 deliveries=0.00 delivered_agents=0.00/2
Step 1730560 | stage_step=  90112 | Episodes: 90437
Step 1740800 | stage_step= 100352 | Episodes: 91988
Step 1751040 | stage_step= 110592 | Episodes: 93580
[MultiQuadEnv] Steps 40001-60000 | pickups=0 | deliveries=0 | total_pickups=0 | total_deliveries=0
Step 1761280 | stage_step= 120832 | Episodes: 95147
Eval @1761280 | stage_step= 120832 | sr=0.00% | reward=-21.75 +/- 0.00 | pickups=0.00 deliveries=0.00 delivered_agents=0.00/2
Step 1771520 | stage_step= 131072 | Episodes: 96689
Step 1781760 | stage_step= 141312 | Episodes: 98273
Step 1792000 | stage_step= 151552 | Episodes: 99985
Step 1800192 | stage_step= 159744 | Episodes: 101419
[MultiQuadEnv] Steps 60001-80000 | pickups=0 | deliveries=0 | total_pickups=0 | total_deliveries=0
Eval @1802240 | stage_step= 161792 | sr=0.00% | reward=-21.00 +/- 0.00 | pickups=0.00 deliveries=0.00 delivered_agents=0.00/2
Step 1810432 | stage_step= 169984 | Episodes: 103457
Step 1820672 | stage_step= 180224 | Episodes: 105666
Step 1830912 | stage_step= 190464 | Episodes: 107982
[MultiQuadEnv] Steps 80001-100000 | pickups=0 | deliveries=0 | total_pickups=0 | total_deliveries=0
Step 1841152 | stage_step= 200704 | Episodes: 110377
Eval @1841152 | stage_step= 200704 | sr=0.00% | reward=-21.00 +/- 0.00 | pickups=0.00 deliveries=0.00 delivered_agents=0.00/2
Step 1851392 | stage_step= 210944 | Episodes: 112807
Step 1861632 | stage_step= 221184 | Episodes: 115260
Step 1871872 | stage_step= 231424 | Episodes: 117720
Step 1880064 | stage_step= 239616 | Episodes: 119719
[MultiQuadEnv] Steps 100001-120000 | pickups=0 | deliveries=0 | total_pickups=0 | total_deliveries=0
Eval @1882112 | stage_step= 241664 | sr=0.00% | reward=-21.00 +/- 0.00 | pickups=0.00 deliveries=0.00 delivered_agents=0.00/2
Step 1890304 | stage_step= 249856 | Episodes: 122223
Step 1900544 | stage_step= 260096 | Episodes: 124733
Step 1910784 | stage_step= 270336 | Episodes: 127246
[MultiQuadEnv] Steps 120001-140000 | pickups=0 | deliveries=0 | total_pickups=0 | total_deliveries=0
Step 1921024 | stage_step= 280576 | Episodes: 129775
Eval @1921024 | stage_step= 280576 | sr=0.00% | reward=-21.00 +/- 0.00 | pickups=0.00 deliveries=0.00 delivered_agents=0.00/2
Step 1931264 | stage_step= 290816 | Episodes: 132304
Step 1941504 | stage_step= 301056 | Episodes: 134831
Step 1951744 | stage_step= 311296 | Episodes: 137365
[MultiQuadEnv] Steps 140001-160000 | pickups=0 | deliveries=0 | total_pickups=0 | total_deliveries=0
Step 1961984 | stage_step= 321536 | Episodes: 139900
Eval @1961984 | stage_step= 321536 | sr=0.00% | reward=-21.00 +/- 0.00 | pickups=0.00 deliveries=0.00 delivered_agents=0.00/2
Step 1970176 | stage_step= 329728 | Episodes: 141935
Step 1980416 | stage_step= 339968 | Episodes: 144474
Step 1990656 | stage_step= 350208 | Episodes: 147014
[MultiQuadEnv] Steps 160001-180000 | pickups=0 | deliveries=0 | total_pickups=0 | total_deliveries=0
Step 2000896 | stage_step= 360448 | Episodes: 149551
Eval @2000896 | stage_step= 360448 | sr=0.00% | reward=-21.00 +/- 0.00 | pickups=0.00 deliveries=0.00 delivered_agents=0.00/2
Step 2011136 | stage_step= 370688 | Episodes: 152091
Step 2021376 | stage_step= 380928 | Episodes: 154632
Step 2031616 | stage_step= 391168 | Episodes: 157174
[MultiQuadEnv] Steps 180001-200000 | pickups=0 | deliveries=0 | total_pickups=0 | total_deliveries=0
Step 2041856 | stage_step= 401408 | Episodes: 159721
Eval @2041856 | stage_step= 401408 | sr=0.00% | reward=-21.00 +/- 0.00 | pickups=0.00 deliveries=0.00 delivered_agents=0.00/2
Step 2050048 | stage_step= 409600 | Episodes: 161761
Step 2060288 | stage_step= 419840 | Episodes: 164309
Step 2070528 | stage_step= 430080 | Episodes: 166855
[MultiQuadEnv] Steps 200001-220000 | pickups=0 | deliveries=0 | total_pickups=0 | total_deliveries=0
Step 2080768 | stage_step= 440320 | Episodes: 169407
Eval @2080768 | stage_step= 440320 | sr=0.00% | reward=-21.00 +/- 0.00 | pickups=0.00 deliveries=0.00 delivered_agents=0.00/2
Step 2091008 | stage_step= 450560 | Episodes: 171956
Step 2101248 | stage_step= 460800 | Episodes: 174507
Step 2111488 | stage_step= 471040 | Episodes: 177057
[MultiQuadEnv] Steps 220001-240000 | pickups=0 | deliveries=0 | total_pickups=0 | total_deliveries=0
Step 2121728 | stage_step= 481280 | Episodes: 179610
Eval @2121728 | stage_step= 481280 | sr=0.00% | reward=-21.00 +/- 0.00 | pickups=0.00 deliveries=0.00 delivered_agents=0.00/2
Step 2131968 | stage_step= 491520 | Episodes: 182164
Step 2140160 | stage_step= 499712 | Episodes: 184208
Step 2150400 | stage_step= 509952 | Episodes: 186760
[MultiQuadEnv] Steps 240001-260000 | pickups=0 | deliveries=0 | total_pickups=0 | total_deliveries=0
Step 2160640 | stage_step= 520192 | Episodes: 189312
Eval @2160640 | stage_step= 520192 | sr=0.00% | reward=-21.00 +/- 0.00 | pickups=0.00 deliveries=0.00 delivered_agents=0.00/2
Step 2170880 | stage_step= 530432 | Episodes: 191868
Step 2181120 | stage_step= 540672 | Episodes: 194421
Step 2191360 | stage_step= 550912 | Episodes: 196976
[MultiQuadEnv] Steps 260001-280000 | pickups=0 | deliveries=0 | total_pickups=0 | total_deliveries=0
Step 2201600 | stage_step= 561152 | Episodes: 199530
Eval @2201600 | stage_step= 561152 | sr=0.00% | reward=-21.00 +/- 0.00 | pickups=0.00 deliveries=0.00 delivered_agents=0.00/2
Step 2211840 | stage_step= 571392 | Episodes: 202085
Step 2220032 | stage_step= 579584 | Episodes: 204130
Step 2230272 | stage_step= 589824 | Episodes: 206686
[MultiQuadEnv] Steps 280001-300000 | pickups=0 | deliveries=0 | total_pickups=0 | total_deliveries=0
Step 2240512 | stage_step= 600064 | Episodes: 209242
Eval @2240512 | stage_step= 600064 | sr=0.00% | reward=-21.00 +/- 0.00 | pickups=0.00 deliveries=0.00 delivered_agents=0.00/2
Step 2250752 | stage_step= 610304 | Episodes: 211800
Step 2260992 | stage_step= 620544 | Episodes: 214357
Step 2271232 | stage_step= 630784 | Episodes: 216914
[MultiQuadEnv] Steps 300001-320000 | pickups=0 | deliveries=0 | total_pickups=0 | total_deliveries=0
Step 2281472 | stage_step= 641024 | Episodes: 219472
Eval @2281472 | stage_step= 641024 | sr=0.00% | reward=-21.00 +/- 0.00 | pickups=0.00 deliveries=0.00 delivered_agents=0.00/2
Step 2291712 | stage_step= 651264 | Episodes: 222031
Step 2301952 | stage_step= 661504 | Episodes: 224588
Step 2310144 | stage_step= 669696 | Episodes: 226635
Step 2320384 | stage_step= 679936 | Episodes: 229194
[MultiQuadEnv] Steps 320001-340000 | pickups=0 | deliveries=0 | total_pickups=0 | total_deliveries=0
Eval @2322432 | stage_step= 681984 | sr=0.00% | reward=-21.00 +/- 0.00 | pickups=0.00 deliveries=0.00 delivered_agents=0.00/2
Step 2330624 | stage_step= 690176 | Episodes: 231753
Step 2340864 | stage_step= 700416 | Episodes: 234307
Step 2351104 | stage_step= 710656 | Episodes: 236866
[MultiQuadEnv] Steps 340001-360000 | pickups=0 | deliveries=0 | total_pickups=0 | total_deliveries=0
Step 2361344 | stage_step= 720896 | Episodes: 239425
Eval @2361344 | stage_step= 720896 | sr=0.00% | reward=-21.00 +/- 0.00 | pickups=0.00 deliveries=0.00 delivered_agents=0.00/2
Step 2371584 | stage_step= 731136 | Episodes: 241984
Step 2381824 | stage_step= 741376 | Episodes: 244543
Step 2390016 | stage_step= 749568 | Episodes: 246591
Step 2400256 | stage_step= 759808 | Episodes: 249150
[MultiQuadEnv] Steps 360001-380000 | pickups=0 | deliveries=0 | total_pickups=0 | total_deliveries=0
Eval @2402304 | stage_step= 761856 | sr=0.00% | reward=-21.00 +/- 0.00 | pickups=0.00 deliveries=0.00 delivered_agents=0.00/2
Step 2410496 | stage_step= 770048 | Episodes: 251710
Step 2420736 | stage_step= 780288 | Episodes: 254270
Step 2430976 | stage_step= 790528 | Episodes: 256828
[MultiQuadEnv] Steps 380001-400000 | pickups=0 | deliveries=0 | total_pickups=0 | total_deliveries=0
Step 2441216 | stage_step= 800768 | Episodes: 259387
Eval @2441216 | stage_step= 800768 | sr=0.00% | reward=-21.00 +/- 0.00 | pickups=0.00 deliveries=0.00 delivered_agents=0.00/2
Step 2451456 | stage_step= 811008 | Episodes: 261945
Step 2461696 | stage_step= 821248 | Episodes: 264504
Step 2471936 | stage_step= 831488 | Episodes: 267063
Step 2480128 | stage_step= 839680 | Episodes: 269110
[MultiQuadEnv] Steps 400001-420000 | pickups=0 | deliveries=0 | total_pickups=0 | total_deliveries=0
Eval @2482176 | stage_step= 841728 | sr=0.00% | reward=-21.00 +/- 0.00 | pickups=0.00 deliveries=0.00 delivered_agents=0.00/2
Step 2490368 | stage_step= 849920 | Episodes: 271669
Eval @2492416 | stage_step= 851968 | sr=0.00% | reward=-21.00 +/- 0.00 | pickups=0.00 deliveries=0.00 delivered_agents=0.00/2
Full budget used for s10_pipe_4x4_fixed. Best stage success=0.00%.
No successful checkpoint found for s10_pipe_4x4_fixed; restored pre-stage model.
Final eval | success_rate=100.00% | mean_reward=2237.60 +/- 0.00 | pickups=2.00 deliveries=2.00 | delivered_agents=2.00/2 

### SWEEP 14/20: quad_physics_mappo_fixed_v12_sweep_long_seed11 ###

Using device: cpu
Initial Quad MAPPO: agents=2 obs=(36,) grid=(6, 5) starts=[(4, 2), (3, 2)] package=(2, 2) deliveries=[(1, 1), (1, 3)] lanes=6 rand_pkg=False rand_del=False dt=0.05 substeps=8 max_tilt=0.36

=== Stage 1/25: s1_short_t_fixed (fixed positions) ===
Stage: agents=2 obs=(36,) grid=(6, 5) starts=[(4, 2), (3, 2)] package=(2, 2) deliveries=[(1, 1), (1, 3)] lanes=6 rand_pkg=False rand_del=False dt=0.05 substeps=8 max_tilt=0.36
Step   10240 | stage_step=  10240 | Episodes:  1074
Step   20480 | stage_step=  20480 | Episodes:  2320
Eval @  20480 | stage_step=  20480 | sr=0.00% | reward=127.60 +/- 0.00 | pickups=1.00 deliveries=0.00 delivered_agents=0.00/2
Step   30720 | stage_step=  30720 | Episodes:  3480
[MultiQuadEnv] Steps 1-20000 | pickups=2914 | deliveries=573 | total_pickups=2914 | total_deliveries=573
Step   40960 | stage_step=  40960 | Episodes:  4531
Eval @  40960 | stage_step=  40960 | sr=0.00% | reward=727.40 +/- 0.00 | pickups=2.00 deliveries=1.00 delivered_agents=1.00/2
Step   51200 | stage_step=  51200 | Episodes:  5540
Step   61440 | stage_step=  61440 | Episodes:  6408
Eval @  61440 | stage_step=  61440 | sr=0.00% | reward=777.60 +/- 0.00 | pickups=2.00 deliveries=1.00 delivered_agents=1.00/2
Step   71680 | stage_step=  71680 | Episodes:  7222
[MultiQuadEnv] Steps 20001-40000 | pickups=4651 | deliveries=1766 | total_pickups=7565 | total_deliveries=2339
Step   81920 | stage_step=  81920 | Episodes:  8001
Eval @  81920 | stage_step=  81920 | sr=0.00% | reward=777.80 +/- 0.00 | pickups=2.00 deliveries=1.00 delivered_agents=1.00/2
Step   90112 | stage_step=  90112 | Episodes:  8597
Step  100352 | stage_step= 100352 | Episodes:  9321
Eval @ 100352 | stage_step= 100352 | sr=0.00% | reward=777.60 +/- 0.00 | pickups=2.00 deliveries=1.00 delivered_agents=1.00/2
Step  110592 | stage_step= 110592 | Episodes: 10011
[MultiQuadEnv] Steps 40001-60000 | pickups=4576 | deliveries=1956 | total_pickups=12141 | total_deliveries=4295
Step  120832 | stage_step= 120832 | Episodes: 10714
Eval @ 120832 | stage_step= 120832 | sr=0.00% | reward=777.80 +/- 0.00 | pickups=2.00 deliveries=1.00 delivered_agents=1.00/2
Step  131072 | stage_step= 131072 | Episodes: 11420
Step  141312 | stage_step= 141312 | Episodes: 12135
Eval @ 141312 | stage_step= 141312 | sr=0.00% | reward=777.60 +/- 0.00 | pickups=2.00 deliveries=1.00 delivered_agents=1.00/2
Step  151552 | stage_step= 151552 | Episodes: 12885
[MultiQuadEnv] Steps 60001-80000 | pickups=4609 | deliveries=2520 | total_pickups=16750 | total_deliveries=6815
Step  161792 | stage_step= 161792 | Episodes: 13645
Eval @ 161792 | stage_step= 161792 | sr=100.00% | reward=2297.80 +/- 0.00 | pickups=2.00 deliveries=2.00 delivered_agents=2.00/2
Early promotion from s1_short_t_fixed: 100.00% >= 90.00%
Restored best for s1_short_t_fixed: sr=100.00% | reward=2297.80

=== Stage 2/25: s2_wider_t_stem_fixed (fixed positions) ===
Stage: agents=2 obs=(36,) grid=(8, 9) starts=[(6, 4), (5, 4)] package=(3, 4) deliveries=[(2, 4), (1, 4)] lanes=12 rand_pkg=False rand_del=False dt=0.05 substeps=8 max_tilt=0.36
Step  172032 | stage_step=  10240 | Episodes: 14483
Step  180224 | stage_step=  18432 | Episodes: 15107
Eval @ 188416 | stage_step=  26624 | sr=100.00% | reward=2247.60 +/- 0.00 | pickups=2.00 deliveries=2.00 delivered_agents=2.00/2
Step  190464 | stage_step=  28672 | Episodes: 15838
Step  200704 | stage_step=  38912 | Episodes: 16553
[MultiQuadEnv] Steps 1-20000 | pickups=4158 | deliveries=2648 | total_pickups=4158 | total_deliveries=2648
Step  210944 | stage_step=  49152 | Episodes: 17273
Eval @ 212992 | stage_step=  51200 | sr=100.00% | reward=2247.60 +/- 0.00 | pickups=2.00 deliveries=2.00 delivered_agents=2.00/2
Step  221184 | stage_step=  59392 | Episodes: 17991
Step  231424 | stage_step=  69632 | Episodes: 18688
Eval @ 237568 | stage_step=  75776 | sr=100.00% | reward=2247.60 +/- 0.00 | pickups=2.00 deliveries=2.00 delivered_agents=2.00/2
Step  241664 | stage_step=  79872 | Episodes: 19388
[MultiQuadEnv] Steps 20001-40000 | pickups=4798 | deliveries=4310 | total_pickups=8956 | total_deliveries=6958
Step  251904 | stage_step=  90112 | Episodes: 20079
Step  260096 | stage_step=  98304 | Episodes: 20641
Eval @ 262144 | stage_step= 100352 | sr=100.00% | reward=2247.60 +/- 0.00 | pickups=2.00 deliveries=2.00 delivered_agents=2.00/2
Early promotion from s2_wider_t_stem_fixed: 100.00% >= 85.00%
Restored best for s2_wider_t_stem_fixed: sr=100.00% | reward=2247.60

=== Stage 3/25: s3_wider_t_near_branch_fixed (fixed positions) ===
Stage: agents=2 obs=(36,) grid=(8, 9) starts=[(6, 4), (5, 4)] package=(2, 4) deliveries=[(1, 3), (1, 5)] lanes=12 rand_pkg=False rand_del=False dt=0.05 substeps=8 max_tilt=0.36
Step  270336 | stage_step=   8192 | Episodes: 21393
Step  280576 | stage_step=  18432 | Episodes: 22047
Eval @ 288768 | stage_step=  26624 | sr=0.00% | reward=776.80 +/- 0.00 | pickups=2.00 deliveries=1.00 delivered_agents=1.00/2
Step  290816 | stage_step=  28672 | Episodes: 22645
Step  301056 | stage_step=  38912 | Episodes: 23230
[MultiQuadEnv] Steps 1-20000 | pickups=3544 | deliveries=1168 | total_pickups=3544 | total_deliveries=1168
Step  311296 | stage_step=  49152 | Episodes: 23805
Eval @ 313344 | stage_step=  51200 | sr=0.00% | reward=776.80 +/- 0.00 | pickups=2.00 deliveries=1.00 delivered_agents=1.00/2
Step  321536 | stage_step=  59392 | Episodes: 24363
Step  331776 | stage_step=  69632 | Episodes: 24912
Eval @ 337920 | stage_step=  75776 | sr=0.00% | reward=776.80 +/- 0.00 | pickups=2.00 deliveries=1.00 delivered_agents=1.00/2
Step  342016 | stage_step=  79872 | Episodes: 25471
[MultiQuadEnv] Steps 20001-40000 | pickups=3610 | deliveries=1619 | total_pickups=7154 | total_deliveries=2787
Step  350208 | stage_step=  88064 | Episodes: 25913
Step  360448 | stage_step=  98304 | Episodes: 26450
Eval @ 362496 | stage_step= 100352 | sr=0.00% | reward=776.60 +/- 0.00 | pickups=2.00 deliveries=1.00 delivered_agents=1.00/2
Step  370688 | stage_step= 108544 | Episodes: 26989
Step  380928 | stage_step= 118784 | Episodes: 27536
[MultiQuadEnv] Steps 40001-60000 | pickups=3629 | deliveries=1681 | total_pickups=10783 | total_deliveries=4468
Eval @ 389120 | stage_step= 126976 | sr=0.00% | reward=776.60 +/- 0.00 | pickups=2.00 deliveries=1.00 delivered_agents=1.00/2
Step  391168 | stage_step= 129024 | Episodes: 28081
Step  401408 | stage_step= 139264 | Episodes: 28610
Step  411648 | stage_step= 149504 | Episodes: 29131
Eval @ 413696 | stage_step= 151552 | sr=0.00% | reward=776.40 +/- 0.00 | pickups=2.00 deliveries=1.00 delivered_agents=1.00/2
Step  421888 | stage_step= 159744 | Episodes: 29662
[MultiQuadEnv] Steps 60001-80000 | pickups=3632 | deliveries=1681 | total_pickups=14415 | total_deliveries=6149
Step  430080 | stage_step= 167936 | Episodes: 30074
Eval @ 438272 | stage_step= 176128 | sr=0.00% | reward=776.60 +/- 0.00 | pickups=2.00 deliveries=1.00 delivered_agents=1.00/2
Step  440320 | stage_step= 178176 | Episodes: 30591
Step  450560 | stage_step= 188416 | Episodes: 31072
Step  460800 | stage_step= 198656 | Episodes: 31584
[MultiQuadEnv] Steps 80001-100000 | pickups=3499 | deliveries=1616 | total_pickups=17914 | total_deliveries=7765
Eval @ 462848 | stage_step= 200704 | sr=0.00% | reward=776.60 +/- 0.00 | pickups=2.00 deliveries=1.00 delivered_agents=1.00/2
Step  471040 | stage_step= 208896 | Episodes: 32076
Step  481280 | stage_step= 219136 | Episodes: 32589
Eval @ 487424 | stage_step= 225280 | sr=0.00% | reward=776.60 +/- 0.00 | pickups=2.00 deliveries=1.00 delivered_agents=1.00/2
Step  491520 | stage_step= 229376 | Episodes: 33104
Step  501760 | stage_step= 239616 | Episodes: 33597
[MultiQuadEnv] Steps 100001-120000 | pickups=3480 | deliveries=1619 | total_pickups=21394 | total_deliveries=9384
Step  512000 | stage_step= 249856 | Episodes: 34093
Eval @ 514048 | stage_step= 251904 | sr=0.00% | reward=776.60 +/- 0.00 | pickups=2.00 deliveries=1.00 delivered_agents=1.00/2
Step  520192 | stage_step= 258048 | Episodes: 34492
Step  530432 | stage_step= 268288 | Episodes: 34977
Eval @ 538624 | stage_step= 276480 | sr=0.00% | reward=776.60 +/- 0.00 | pickups=2.00 deliveries=1.00 delivered_agents=1.00/2
Step  540672 | stage_step= 278528 | Episodes: 35472
[MultiQuadEnv] Steps 120001-140000 | pickups=3481 | deliveries=1615 | total_pickups=24875 | total_deliveries=10999
Step  550912 | stage_step= 288768 | Episodes: 35979
Step  561152 | stage_step= 299008 | Episodes: 36493
Eval @ 563200 | stage_step= 301056 | sr=0.00% | reward=776.60 +/- 0.00 | pickups=2.00 deliveries=1.00 delivered_agents=1.00/2
Step  571392 | stage_step= 309248 | Episodes: 37011
Step  581632 | stage_step= 319488 | Episodes: 37529
[MultiQuadEnv] Steps 140001-160000 | pickups=3594 | deliveries=1680 | total_pickups=28469 | total_deliveries=12679
Eval @ 587776 | stage_step= 325632 | sr=0.00% | reward=776.60 +/- 0.00 | pickups=2.00 deliveries=1.00 delivered_agents=1.00/2
Step  591872 | stage_step= 329728 | Episodes: 38034
Step  600064 | stage_step= 337920 | Episodes: 38432
Step  610304 | stage_step= 348160 | Episodes: 38930
Eval @ 612352 | stage_step= 350208 | sr=0.00% | reward=776.60 +/- 0.00 | pickups=2.00 deliveries=1.00 delivered_agents=1.00/2
Step  620544 | stage_step= 358400 | Episodes: 39449
[MultiQuadEnv] Steps 160001-180000 | pickups=3534 | deliveries=1678 | total_pickups=32003 | total_deliveries=14357
Step  630784 | stage_step= 368640 | Episodes: 39953
Eval @ 638976 | stage_step= 376832 | sr=0.00% | reward=776.60 +/- 0.00 | pickups=2.00 deliveries=1.00 delivered_agents=1.00/2
Step  641024 | stage_step= 378880 | Episodes: 40443
Step  651264 | stage_step= 389120 | Episodes: 40940
Step  661504 | stage_step= 399360 | Episodes: 41435
[MultiQuadEnv] Steps 180001-200000 | pickups=3550 | deliveries=1704 | total_pickups=35553 | total_deliveries=16061
Eval @ 663552 | stage_step= 401408 | sr=0.00% | reward=776.60 +/- 0.00 | pickups=2.00 deliveries=1.00 delivered_agents=1.00/2
Step  671744 | stage_step= 409600 | Episodes: 41929
Step  681984 | stage_step= 419840 | Episodes: 42420
Eval @ 688128 | stage_step= 425984 | sr=0.00% | reward=776.60 +/- 0.00 | pickups=2.00 deliveries=1.00 delivered_agents=1.00/2
Step  690176 | stage_step= 428032 | Episodes: 42810
Step  700416 | stage_step= 438272 | Episodes: 43305
[MultiQuadEnv] Steps 200001-220000 | pickups=3526 | deliveries=1694 | total_pickups=39079 | total_deliveries=17755
Step  710656 | stage_step= 448512 | Episodes: 43783
Eval @ 712704 | stage_step= 450560 | sr=0.00% | reward=776.40 +/- 0.00 | pickups=2.00 deliveries=1.00 delivered_agents=1.00/2
Step  720896 | stage_step= 458752 | Episodes: 44246
Step  731136 | stage_step= 468992 | Episodes: 44737
Eval @ 737280 | stage_step= 475136 | sr=0.00% | reward=776.60 +/- 0.00 | pickups=2.00 deliveries=1.00 delivered_agents=1.00/2
Step  741376 | stage_step= 479232 | Episodes: 45232
[MultiQuadEnv] Steps 220001-240000 | pickups=3468 | deliveries=1680 | total_pickups=42547 | total_deliveries=19435
Step  751616 | stage_step= 489472 | Episodes: 45725
Step  761856 | stage_step= 499712 | Episodes: 46228
Eval @ 763904 | stage_step= 501760 | sr=0.00% | reward=776.60 +/- 0.00 | pickups=2.00 deliveries=1.00 delivered_agents=1.00/2
Step  770048 | stage_step= 507904 | Episodes: 46640
Step  780288 | stage_step= 518144 | Episodes: 47172
[MultiQuadEnv] Steps 240001-260000 | pickups=3622 | deliveries=1952 | total_pickups=46169 | total_deliveries=21387
Eval @ 788480 | stage_step= 526336 | sr=100.00% | reward=2296.80 +/- 0.00 | pickups=2.00 deliveries=2.00 delivered_agents=2.00/2
Early promotion from s3_wider_t_near_branch_fixed: 100.00% >= 75.00%
Restored best for s3_wider_t_near_branch_fixed: sr=100.00% | reward=2296.80

=== Stage 4/25: s4_wider_t_branch_fixed (fixed positions) ===
Stage: agents=2 obs=(36,) grid=(8, 9) starts=[(6, 4), (5, 4)] package=(3, 4) deliveries=[(1, 1), (1, 7)] lanes=12 rand_pkg=False rand_del=False dt=0.05 substeps=8 max_tilt=0.36
Step  790528 | stage_step=   2048 | Episodes: 47775
Step  800768 | stage_step=  12288 | Episodes: 48481
Step  811008 | stage_step=  22528 | Episodes: 49162
Eval @ 815104 | stage_step=  26624 | sr=0.00% | reward=255.35 +/- 0.00 | pickups=2.00 deliveries=0.00 delivered_agents=0.00/2
Step  821248 | stage_step=  32768 | Episodes: 49808
[MultiQuadEnv] Steps 1-20000 | pickups=4190 | deliveries=213 | total_pickups=4190 | total_deliveries=213
Step  831488 | stage_step=  43008 | Episodes: 50427
Eval @ 839680 | stage_step=  51200 | sr=0.00% | reward=775.60 +/- 0.00 | pickups=2.00 deliveries=1.00 delivered_agents=1.00/2
Step  841728 | stage_step=  53248 | Episodes: 51044
Step  851968 | stage_step=  63488 | Episodes: 51660
Step  860160 | stage_step=  71680 | Episodes: 52141
Eval @ 864256 | stage_step=  75776 | sr=0.00% | reward=775.65 +/- 0.00 | pickups=2.00 deliveries=1.00 delivered_agents=1.00/2
[MultiQuadEnv] Steps 20001-40000 | pickups=4177 | deliveries=590 | total_pickups=8367 | total_deliveries=803
Step  870400 | stage_step=  81920 | Episodes: 52728
Step  880640 | stage_step=  92160 | Episodes: 53324
Eval @ 888832 | stage_step= 100352 | sr=0.00% | reward=775.65 +/- 0.00 | pickups=2.00 deliveries=1.00 delivered_agents=1.00/2
Step  890880 | stage_step= 102400 | Episodes: 53926
Step  901120 | stage_step= 112640 | Episodes: 54517
[MultiQuadEnv] Steps 40001-60000 | pickups=4090 | deliveries=792 | total_pickups=12457 | total_deliveries=1595
Step  911360 | stage_step= 122880 | Episodes: 55113
Eval @ 915456 | stage_step= 126976 | sr=0.00% | reward=775.65 +/- 0.00 | pickups=2.00 deliveries=1.00 delivered_agents=1.00/2
Step  921600 | stage_step= 133120 | Episodes: 55705
Step  931840 | stage_step= 143360 | Episodes: 56304
Step  940032 | stage_step= 151552 | Episodes: 56781
Eval @ 940032 | stage_step= 151552 | sr=0.00% | reward=775.65 +/- 0.00 | pickups=2.00 deliveries=1.00 delivered_agents=1.00/2
[MultiQuadEnv] Steps 60001-80000 | pickups=4152 | deliveries=955 | total_pickups=16609 | total_deliveries=2550
Step  950272 | stage_step= 161792 | Episodes: 57374
Step  960512 | stage_step= 172032 | Episodes: 57954
Eval @ 964608 | stage_step= 176128 | sr=0.00% | reward=775.65 +/- 0.00 | pickups=2.00 deliveries=1.00 delivered_agents=1.00/2
Step  970752 | stage_step= 182272 | Episodes: 58523
Step  980992 | stage_step= 192512 | Episodes: 59089
[MultiQuadEnv] Steps 80001-100000 | pickups=4112 | deliveries=1177 | total_pickups=20721 | total_deliveries=3727
Eval @ 989184 | stage_step= 200704 | sr=0.00% | reward=775.65 +/- 0.00 | pickups=2.00 deliveries=1.00 delivered_agents=1.00/2
Step  991232 | stage_step= 202752 | Episodes: 59655
Step 1001472 | stage_step= 212992 | Episodes: 60216
Step 1011712 | stage_step= 223232 | Episodes: 60774
Eval @1013760 | stage_step= 225280 | sr=0.00% | reward=775.65 +/- 0.00 | pickups=2.00 deliveries=1.00 delivered_agents=1.00/2
Step 1021952 | stage_step= 233472 | Episodes: 61330
[MultiQuadEnv] Steps 100001-120000 | pickups=4080 | deliveries=1343 | total_pickups=24801 | total_deliveries=5070
Step 1030144 | stage_step= 241664 | Episodes: 61776
Step 1040384 | stage_step= 251904 | Episodes: 62338
Eval @1040384 | stage_step= 251904 | sr=0.00% | reward=775.65 +/- 0.00 | pickups=2.00 deliveries=1.00 delivered_agents=1.00/2
Step 1050624 | stage_step= 262144 | Episodes: 62880
Step 1060864 | stage_step= 272384 | Episodes: 63420
Eval @1064960 | stage_step= 276480 | sr=0.00% | reward=775.65 +/- 0.00 | pickups=2.00 deliveries=1.00 delivered_agents=1.00/2
[MultiQuadEnv] Steps 120001-140000 | pickups=4071 | deliveries=1453 | total_pickups=28872 | total_deliveries=6523
Step 1071104 | stage_step= 282624 | Episodes: 63961
Step 1081344 | stage_step= 292864 | Episodes: 64496
Eval @1089536 | stage_step= 301056 | sr=0.00% | reward=775.65 +/- 0.00 | pickups=2.00 deliveries=1.00 delivered_agents=1.00/2
Step 1091584 | stage_step= 303104 | Episodes: 65030
Step 1101824 | stage_step= 313344 | Episodes: 65565
[MultiQuadEnv] Steps 140001-160000 | pickups=4041 | deliveries=1591 | total_pickups=32913 | total_deliveries=8114
Step 1110016 | stage_step= 321536 | Episodes: 65997
Eval @1114112 | stage_step= 325632 | sr=0.00% | reward=775.65 +/- 0.00 | pickups=2.00 deliveries=1.00 delivered_agents=1.00/2
Step 1120256 | stage_step= 331776 | Episodes: 66531
Step 1130496 | stage_step= 342016 | Episodes: 67055
Eval @1138688 | stage_step= 350208 | sr=0.00% | reward=775.65 +/- 0.00 | pickups=2.00 deliveries=1.00 delivered_agents=1.00/2
Step 1140736 | stage_step= 352256 | Episodes: 67578
[MultiQuadEnv] Steps 160001-180000 | pickups=3982 | deliveries=1685 | total_pickups=36895 | total_deliveries=9799
Step 1150976 | stage_step= 362496 | Episodes: 68096
Step 1161216 | stage_step= 372736 | Episodes: 68616
Eval @1165312 | stage_step= 376832 | sr=0.00% | reward=775.65 +/- 0.00 | pickups=2.00 deliveries=1.00 delivered_agents=1.00/2
Step 1171456 | stage_step= 382976 | Episodes: 69129
Step 1181696 | stage_step= 393216 | Episodes: 69651
[MultiQuadEnv] Steps 180001-200000 | pickups=3950 | deliveries=1762 | total_pickups=40845 | total_deliveries=11561
Eval @1189888 | stage_step= 401408 | sr=0.00% | reward=775.65 +/- 0.00 | pickups=2.00 deliveries=1.00 delivered_agents=1.00/2
Step 1191936 | stage_step= 403456 | Episodes: 70170
Step 1200128 | stage_step= 411648 | Episodes: 70584
Step 1210368 | stage_step= 421888 | Episodes: 71098
Eval @1214464 | stage_step= 425984 | sr=0.00% | reward=775.65 +/- 0.00 | pickups=2.00 deliveries=1.00 delivered_agents=1.00/2
Step 1220608 | stage_step= 432128 | Episodes: 71613
[MultiQuadEnv] Steps 200001-220000 | pickups=3924 | deliveries=1787 | total_pickups=44769 | total_deliveries=13348
Step 1230848 | stage_step= 442368 | Episodes: 72126
Eval @1239040 | stage_step= 450560 | sr=0.00% | reward=775.25 +/- 0.00 | pickups=2.00 deliveries=1.00 delivered_agents=1.00/2
Step 1241088 | stage_step= 452608 | Episodes: 72619
Step 1251328 | stage_step= 462848 | Episodes: 73097
Step 1261568 | stage_step= 473088 | Episodes: 73563
Eval @1263616 | stage_step= 475136 | sr=0.00% | reward=775.25 +/- 0.00 | pickups=2.00 deliveries=1.00 delivered_agents=1.00/2
[MultiQuadEnv] Steps 220001-240000 | pickups=3663 | deliveries=1708 | total_pickups=48432 | total_deliveries=15056
Step 1271808 | stage_step= 483328 | Episodes: 74031
Step 1280000 | stage_step= 491520 | Episodes: 74404
Step 1290240 | stage_step= 501760 | Episodes: 74874
Eval @1290240 | stage_step= 501760 | sr=0.00% | reward=775.25 +/- 0.00 | pickups=2.00 deliveries=1.00 delivered_agents=1.00/2
Step 1300480 | stage_step= 512000 | Episodes: 75340
[MultiQuadEnv] Steps 240001-260000 | pickups=3621 | deliveries=1691 | total_pickups=52053 | total_deliveries=16747
Step 1310720 | stage_step= 522240 | Episodes: 75807
Eval @1314816 | stage_step= 526336 | sr=0.00% | reward=775.25 +/- 0.00 | pickups=2.00 deliveries=1.00 delivered_agents=1.00/2
Step 1320960 | stage_step= 532480 | Episodes: 76285
Step 1331200 | stage_step= 542720 | Episodes: 76758
Eval @1339392 | stage_step= 550912 | sr=0.00% | reward=775.25 +/- 0.00 | pickups=2.00 deliveries=1.00 delivered_agents=1.00/2
Step 1341440 | stage_step= 552960 | Episodes: 77235
[MultiQuadEnv] Steps 260001-280000 | pickups=3700 | deliveries=1726 | total_pickups=55753 | total_deliveries=18473
Step 1351680 | stage_step= 563200 | Episodes: 77729
Step 1361920 | stage_step= 573440 | Episodes: 78230
Eval @1363968 | stage_step= 575488 | sr=0.00% | reward=775.65 +/- 0.00 | pickups=2.00 deliveries=1.00 delivered_agents=1.00/2
Step 1370112 | stage_step= 581632 | Episodes: 78632
Step 1380352 | stage_step= 591872 | Episodes: 79138
[MultiQuadEnv] Steps 280001-300000 | pickups=3882 | deliveries=1840 | total_pickups=59635 | total_deliveries=20313
Eval @1388544 | stage_step= 600064 | sr=0.00% | reward=775.65 +/- 0.00 | pickups=2.00 deliveries=1.00 delivered_agents=1.00/2
Step 1390592 | stage_step= 602112 | Episodes: 79646
Step 1400832 | stage_step= 612352 | Episodes: 80156
Step 1411072 | stage_step= 622592 | Episodes: 80664
Eval @1415168 | stage_step= 626688 | sr=0.00% | reward=775.65 +/- 0.00 | pickups=2.00 deliveries=1.00 delivered_agents=1.00/2
Step 1421312 | stage_step= 632832 | Episodes: 81149
[MultiQuadEnv] Steps 300001-320000 | pickups=3855 | deliveries=1848 | total_pickups=63490 | total_deliveries=22161
Step 1431552 | stage_step= 643072 | Episodes: 81634
Eval @1439744 | stage_step= 651264 | sr=0.00% | reward=775.65 +/- 0.00 | pickups=2.00 deliveries=1.00 delivered_agents=1.00/2
Step 1441792 | stage_step= 653312 | Episodes: 82132
Step 1452032 | stage_step= 663552 | Episodes: 82644
Step 1460224 | stage_step= 671744 | Episodes: 83056
Eval @1464320 | stage_step= 675840 | sr=0.00% | reward=775.65 +/- 0.00 | pickups=2.00 deliveries=1.00 delivered_agents=1.00/2
[MultiQuadEnv] Steps 320001-340000 | pickups=3924 | deliveries=1878 | total_pickups=67414 | total_deliveries=24039
Step 1470464 | stage_step= 681984 | Episodes: 83568
Step 1480704 | stage_step= 692224 | Episodes: 84074
Eval @1488896 | stage_step= 700416 | sr=0.00% | reward=775.65 +/- 0.00 | pickups=2.00 deliveries=1.00 delivered_agents=1.00/2
Step 1490944 | stage_step= 702464 | Episodes: 84581
Step 1501184 | stage_step= 712704 | Episodes: 85085
[MultiQuadEnv] Steps 340001-360000 | pickups=3911 | deliveries=1867 | total_pickups=71325 | total_deliveries=25906
Step 1511424 | stage_step= 722944 | Episodes: 85590
Eval @1515520 | stage_step= 727040 | sr=0.00% | reward=775.65 +/- 0.00 | pickups=2.00 deliveries=1.00 delivered_agents=1.00/2
Step 1521664 | stage_step= 733184 | Episodes: 86096
Step 1531904 | stage_step= 743424 | Episodes: 86598
Step 1540096 | stage_step= 751616 | Episodes: 86992
Eval @1540096 | stage_step= 751616 | sr=0.00% | reward=775.65 +/- 0.00 | pickups=2.00 deliveries=1.00 delivered_agents=1.00/2
[MultiQuadEnv] Steps 360001-380000 | pickups=3865 | deliveries=1863 | total_pickups=75190 | total_deliveries=27769
Step 1550336 | stage_step= 761856 | Episodes: 87473
Step 1560576 | stage_step= 772096 | Episodes: 87955
Eval @1564672 | stage_step= 776192 | sr=0.00% | reward=775.40 +/- 0.00 | pickups=2.00 deliveries=1.00 delivered_agents=1.00/2
Step 1570816 | stage_step= 782336 | Episodes: 88425
Step 1581056 | stage_step= 792576 | Episodes: 88880
[MultiQuadEnv] Steps 380001-400000 | pickups=3612 | deliveries=1745 | total_pickups=78802 | total_deliveries=29514
Eval @1589248 | stage_step= 800768 | sr=0.00% | reward=775.00 +/- 0.00 | pickups=2.00 deliveries=1.00 delivered_agents=1.00/2
Step 1591296 | stage_step= 802816 | Episodes: 89318
Step 1601536 | stage_step= 813056 | Episodes: 89754
Step 1611776 | stage_step= 823296 | Episodes: 90181
Eval @1613824 | stage_step= 825344 | sr=0.00% | reward=775.00 +/- 0.00 | pickups=2.00 deliveries=1.00 delivered_agents=1.00/2
Step 1622016 | stage_step= 833536 | Episodes: 90603
[MultiQuadEnv] Steps 400001-420000 | pickups=3296 | deliveries=1598 | total_pickups=82098 | total_deliveries=31112
Step 1630208 | stage_step= 841728 | Episodes: 90935
Step 1640448 | stage_step= 851968 | Episodes: 91349
Eval @1640448 | stage_step= 851968 | sr=0.00% | reward=775.00 +/- 0.00 | pickups=2.00 deliveries=1.00 delivered_agents=1.00/2
Step 1650688 | stage_step= 862208 | Episodes: 91757
Step 1660928 | stage_step= 872448 | Episodes: 92162
Eval @1665024 | stage_step= 876544 | sr=0.00% | reward=775.00 +/- 0.00 | pickups=2.00 deliveries=1.00 delivered_agents=1.00/2
[MultiQuadEnv] Steps 420001-440000 | pickups=3205 | deliveries=1554 | total_pickups=85303 | total_deliveries=32666
Step 1671168 | stage_step= 882688 | Episodes: 92582
Step 1681408 | stage_step= 892928 | Episodes: 93001
Eval @1689600 | stage_step= 901120 | sr=0.00% | reward=775.00 +/- 0.00 | pickups=2.00 deliveries=1.00 delivered_agents=1.00/2
Step 1691648 | stage_step= 903168 | Episodes: 93424
Step 1701888 | stage_step= 913408 | Episodes: 93838
[MultiQuadEnv] Steps 440001-460000 | pickups=3258 | deliveries=1583 | total_pickups=88561 | total_deliveries=34249
Step 1710080 | stage_step= 921600 | Episodes: 94170
Eval @1714176 | stage_step= 925696 | sr=0.00% | reward=774.55 +/- 0.00 | pickups=2.00 deliveries=1.00 delivered_agents=1.00/2
Step 1720320 | stage_step= 931840 | Episodes: 94579
Step 1730560 | stage_step= 942080 | Episodes: 94978
Eval @1738752 | stage_step= 950272 | sr=0.00% | reward=774.55 +/- 0.00 | pickups=2.00 deliveries=1.00 delivered_agents=1.00/2
Step 1740800 | stage_step= 952320 | Episodes: 95379
[MultiQuadEnv] Steps 460001-480000 | pickups=3128 | deliveries=1517 | total_pickups=91689 | total_deliveries=35766
Step 1751040 | stage_step= 962560 | Episodes: 95784
Step 1761280 | stage_step= 972800 | Episodes: 96202
Eval @1765376 | stage_step= 976896 | sr=0.00% | reward=774.55 +/- 0.00 | pickups=2.00 deliveries=1.00 delivered_agents=1.00/2
Step 1771520 | stage_step= 983040 | Episodes: 96618
Step 1781760 | stage_step= 993280 | Episodes: 97024
[MultiQuadEnv] Steps 480001-500000 | pickups=3203 | deliveries=1555 | total_pickups=94892 | total_deliveries=37321
Eval @1789952 | stage_step=1001472 | sr=0.00% | reward=774.55 +/- 0.00 | pickups=2.00 deliveries=1.00 delivered_agents=1.00/2
Full budget used for s4_wider_t_branch_fixed. Best stage success=0.00%.
No successful checkpoint found for s4_wider_t_branch_fixed; restored pre-stage model.
Final eval | success_rate=100.00% | mean_reward=2296.80 +/- 0.00 | pickups=2.00 deliveries=2.00 | delivered_agents=2.00/2 

### SWEEP 15/20: quad_physics_mappo_fixed_v12_sweep_long_seed23 ###

Using device: cpu
Initial Quad MAPPO: agents=2 obs=(36,) grid=(6, 5) starts=[(4, 2), (3, 2)] package=(2, 2) deliveries=[(1, 1), (1, 3)] lanes=6 rand_pkg=False rand_del=False dt=0.05 substeps=8 max_tilt=0.36

=== Stage 1/25: s1_short_t_fixed (fixed positions) ===
Stage: agents=2 obs=(36,) grid=(6, 5) starts=[(4, 2), (3, 2)] package=(2, 2) deliveries=[(1, 1), (1, 3)] lanes=6 rand_pkg=False rand_del=False dt=0.05 substeps=8 max_tilt=0.36
Step   10240 | stage_step=  10240 | Episodes:  1029
Step   20480 | stage_step=  20480 | Episodes:  2299
Eval @  20480 | stage_step=  20480 | sr=0.00% | reward=775.80 +/- 0.00 | pickups=2.00 deliveries=1.00 delivered_agents=1.00/2
Step   30720 | stage_step=  30720 | Episodes:  3525
[MultiQuadEnv] Steps 1-20000 | pickups=2763 | deliveries=437 | total_pickups=2763 | total_deliveries=437
Step   40960 | stage_step=  40960 | Episodes:  4639
Eval @  40960 | stage_step=  40960 | sr=0.00% | reward=727.40 +/- 0.00 | pickups=2.00 deliveries=1.00 delivered_agents=1.00/2
Step   51200 | stage_step=  51200 | Episodes:  5667
Step   61440 | stage_step=  61440 | Episodes:  6552
Eval @  61440 | stage_step=  61440 | sr=0.00% | reward=727.60 +/- 0.00 | pickups=2.00 deliveries=1.00 delivered_agents=1.00/2
Step   71680 | stage_step=  71680 | Episodes:  7398
[MultiQuadEnv] Steps 20001-40000 | pickups=4646 | deliveries=1651 | total_pickups=7409 | total_deliveries=2088
Step   81920 | stage_step=  81920 | Episodes:  8210
Eval @  81920 | stage_step=  81920 | sr=0.00% | reward=777.80 +/- 0.00 | pickups=2.00 deliveries=1.00 delivered_agents=1.00/2
Step   90112 | stage_step=  90112 | Episodes:  8819
Step  100352 | stage_step= 100352 | Episodes:  9581
Eval @ 100352 | stage_step= 100352 | sr=0.00% | reward=777.80 +/- 0.00 | pickups=2.00 deliveries=1.00 delivered_agents=1.00/2
Step  110592 | stage_step= 110592 | Episodes: 10329
[MultiQuadEnv] Steps 40001-60000 | pickups=4922 | deliveries=2066 | total_pickups=12331 | total_deliveries=4154
Step  120832 | stage_step= 120832 | Episodes: 11050
Eval @ 120832 | stage_step= 120832 | sr=0.00% | reward=777.80 +/- 0.00 | pickups=2.00 deliveries=1.00 delivered_agents=1.00/2
Step  131072 | stage_step= 131072 | Episodes: 11772
Step  141312 | stage_step= 141312 | Episodes: 12474
Eval @ 141312 | stage_step= 141312 | sr=0.00% | reward=777.60 +/- 0.00 | pickups=2.00 deliveries=1.00 delivered_agents=1.00/2
Step  151552 | stage_step= 151552 | Episodes: 13151
[MultiQuadEnv] Steps 60001-80000 | pickups=4784 | deliveries=2252 | total_pickups=17115 | total_deliveries=6406
Step  161792 | stage_step= 161792 | Episodes: 13825
Eval @ 161792 | stage_step= 161792 | sr=0.00% | reward=777.80 +/- 0.00 | pickups=2.00 deliveries=1.00 delivered_agents=1.00/2
Step  172032 | stage_step= 172032 | Episodes: 14517
Step  180224 | stage_step= 180224 | Episodes: 15059
Eval @ 180224 | stage_step= 180224 | sr=0.00% | reward=777.60 +/- 0.00 | pickups=2.00 deliveries=1.00 delivered_agents=1.00/2
Full budget used for s1_short_t_fixed. Best stage success=0.00%.
No successful checkpoint found for s1_short_t_fixed; restored pre-stage model.
Final eval | success_rate=0.00% | mean_reward=-48.00 +/- 0.00 | pickups=0.00 deliveries=0.00 | delivered_agents=0.00/2 

### SWEEP 16/20: quad_physics_mappo_fixed_v12_sweep_long_seed41 ###

Using device: cpu
Initial Quad MAPPO: agents=2 obs=(36,) grid=(6, 5) starts=[(4, 2), (3, 2)] package=(2, 2) deliveries=[(1, 1), (1, 3)] lanes=6 rand_pkg=False rand_del=False dt=0.05 substeps=8 max_tilt=0.36

=== Stage 1/25: s1_short_t_fixed (fixed positions) ===
Stage: agents=2 obs=(36,) grid=(6, 5) starts=[(4, 2), (3, 2)] package=(2, 2) deliveries=[(1, 1), (1, 3)] lanes=6 rand_pkg=False rand_del=False dt=0.05 substeps=8 max_tilt=0.36
Step   10240 | stage_step=  10240 | Episodes:  1224
Step   20480 | stage_step=  20480 | Episodes:  2515
Eval @  20480 | stage_step=  20480 | sr=0.00% | reward=127.60 +/- 0.00 | pickups=1.00 deliveries=0.00 delivered_agents=0.00/2
Step   30720 | stage_step=  30720 | Episodes:  3758
[MultiQuadEnv] Steps 1-20000 | pickups=2849 | deliveries=451 | total_pickups=2849 | total_deliveries=451
Step   40960 | stage_step=  40960 | Episodes:  4838
Eval @  40960 | stage_step=  40960 | sr=0.00% | reward=726.40 +/- 0.00 | pickups=2.00 deliveries=1.00 delivered_agents=1.00/2
Step   51200 | stage_step=  51200 | Episodes:  5864
Step   61440 | stage_step=  61440 | Episodes:  6798
Eval @  61440 | stage_step=  61440 | sr=0.00% | reward=777.40 +/- 0.00 | pickups=2.00 deliveries=1.00 delivered_agents=1.00/2
Step   71680 | stage_step=  71680 | Episodes:  7645
[MultiQuadEnv] Steps 20001-40000 | pickups=4540 | deliveries=1662 | total_pickups=7389 | total_deliveries=2113
Step   81920 | stage_step=  81920 | Episodes:  8533
Eval @  81920 | stage_step=  81920 | sr=100.00% | reward=2297.60 +/- 0.00 | pickups=2.00 deliveries=2.00 delivered_agents=2.00/2
Early promotion from s1_short_t_fixed: 100.00% >= 90.00%
Restored best for s1_short_t_fixed: sr=100.00% | reward=2297.60

=== Stage 2/25: s2_wider_t_stem_fixed (fixed positions) ===
Stage: agents=2 obs=(36,) grid=(8, 9) starts=[(6, 4), (5, 4)] package=(3, 4) deliveries=[(2, 4), (1, 4)] lanes=12 rand_pkg=False rand_del=False dt=0.05 substeps=8 max_tilt=0.36
Step   90112 | stage_step=   8192 | Episodes:  9325
Step  100352 | stage_step=  18432 | Episodes: 10188
Eval @ 108544 | stage_step=  26624 | sr=100.00% | reward=2247.60 +/- 0.00 | pickups=2.00 deliveries=2.00 delivered_agents=2.00/2
Step  110592 | stage_step=  28672 | Episodes: 11033
Step  120832 | stage_step=  38912 | Episodes: 11849
[MultiQuadEnv] Steps 1-20000 | pickups=4212 | deliveries=2531 | total_pickups=4212 | total_deliveries=2531
Step  131072 | stage_step=  49152 | Episodes: 12635
Eval @ 133120 | stage_step=  51200 | sr=100.00% | reward=2247.60 +/- 0.00 | pickups=2.00 deliveries=2.00 delivered_agents=2.00/2
Step  141312 | stage_step=  59392 | Episodes: 13360
Step  151552 | stage_step=  69632 | Episodes: 14128
Eval @ 157696 | stage_step=  75776 | sr=100.00% | reward=2247.80 +/- 0.00 | pickups=2.00 deliveries=2.00 delivered_agents=2.00/2
Step  161792 | stage_step=  79872 | Episodes: 14884
[MultiQuadEnv] Steps 20001-40000 | pickups=4791 | deliveries=3924 | total_pickups=9003 | total_deliveries=6455
Step  172032 | stage_step=  90112 | Episodes: 15629
Step  180224 | stage_step=  98304 | Episodes: 16210
Eval @ 182272 | stage_step= 100352 | sr=100.00% | reward=2247.60 +/- 0.00 | pickups=2.00 deliveries=2.00 delivered_agents=2.00/2
Early promotion from s2_wider_t_stem_fixed: 100.00% >= 85.00%
Restored best for s2_wider_t_stem_fixed: sr=100.00% | reward=2247.80

=== Stage 3/25: s3_wider_t_near_branch_fixed (fixed positions) ===
Stage: agents=2 obs=(36,) grid=(8, 9) starts=[(6, 4), (5, 4)] package=(2, 4) deliveries=[(1, 3), (1, 5)] lanes=12 rand_pkg=False rand_del=False dt=0.05 substeps=8 max_tilt=0.36
Step  190464 | stage_step=   8192 | Episodes: 16832
Step  200704 | stage_step=  18432 | Episodes: 17515
Eval @ 208896 | stage_step=  26624 | sr=0.00% | reward=261.60 +/- 0.00 | pickups=2.00 deliveries=0.00 delivered_agents=0.00/2
Step  210944 | stage_step=  28672 | Episodes: 18261
Step  221184 | stage_step=  38912 | Episodes: 18858
[MultiQuadEnv] Steps 1-20000 | pickups=3289 | deliveries=134 | total_pickups=3289 | total_deliveries=134
Step  231424 | stage_step=  49152 | Episodes: 19554
Eval @ 233472 | stage_step=  51200 | sr=0.00% | reward=261.60 +/- 0.00 | pickups=2.00 deliveries=0.00 delivered_agents=0.00/2
Step  241664 | stage_step=  59392 | Episodes: 20169
Step  251904 | stage_step=  69632 | Episodes: 20706
Eval @ 258048 | stage_step=  75776 | sr=0.00% | reward=777.60 +/- 0.00 | pickups=2.00 deliveries=1.00 delivered_agents=1.00/2
Step  260096 | stage_step=  77824 | Episodes: 21101
[MultiQuadEnv] Steps 20001-40000 | pickups=3345 | deliveries=249 | total_pickups=6634 | total_deliveries=383
Step  270336 | stage_step=  88064 | Episodes: 21724
Step  280576 | stage_step=  98304 | Episodes: 22269
Eval @ 282624 | stage_step= 100352 | sr=0.00% | reward=261.60 +/- 0.00 | pickups=2.00 deliveries=0.00 delivered_agents=0.00/2
Step  290816 | stage_step= 108544 | Episodes: 22625
Step  301056 | stage_step= 118784 | Episodes: 23007
[MultiQuadEnv] Steps 40001-60000 | pickups=2588 | deliveries=244 | total_pickups=9222 | total_deliveries=627
Eval @ 309248 | stage_step= 126976 | sr=0.00% | reward=775.80 +/- 0.00 | pickups=2.00 deliveries=1.00 delivered_agents=1.00/2
Step  311296 | stage_step= 129024 | Episodes: 23332
Step  321536 | stage_step= 139264 | Episodes: 23791
Step  331776 | stage_step= 149504 | Episodes: 24217
Eval @ 333824 | stage_step= 151552 | sr=0.00% | reward=775.80 +/- 0.00 | pickups=2.00 deliveries=1.00 delivered_agents=1.00/2
Step  342016 | stage_step= 159744 | Episodes: 24580
[MultiQuadEnv] Steps 60001-80000 | pickups=2264 | deliveries=245 | total_pickups=11486 | total_deliveries=872
Step  350208 | stage_step= 167936 | Episodes: 24934
Eval @ 358400 | stage_step= 176128 | sr=0.00% | reward=777.00 +/- 0.00 | pickups=2.00 deliveries=1.00 delivered_agents=1.00/2
Step  360448 | stage_step= 178176 | Episodes: 25408
Step  370688 | stage_step= 188416 | Episodes: 25932
Step  380928 | stage_step= 198656 | Episodes: 26329
[MultiQuadEnv] Steps 80001-100000 | pickups=2663 | deliveries=375 | total_pickups=14149 | total_deliveries=1247
Eval @ 382976 | stage_step= 200704 | sr=0.00% | reward=777.20 +/- 0.00 | pickups=2.00 deliveries=1.00 delivered_agents=1.00/2
Step  391168 | stage_step= 208896 | Episodes: 26699
Step  401408 | stage_step= 219136 | Episodes: 27144
Eval @ 407552 | stage_step= 225280 | sr=0.00% | reward=777.20 +/- 0.00 | pickups=2.00 deliveries=1.00 delivered_agents=1.00/2
Step  411648 | stage_step= 229376 | Episodes: 27495
Step  421888 | stage_step= 239616 | Episodes: 27838
[MultiQuadEnv] Steps 100001-120000 | pickups=2203 | deliveries=311 | total_pickups=16352 | total_deliveries=1558
Step  430080 | stage_step= 247808 | Episodes: 28171
Eval @ 434176 | stage_step= 251904 | sr=0.00% | reward=261.60 +/- 0.00 | pickups=2.00 deliveries=0.00 delivered_agents=0.00/2
Step  440320 | stage_step= 258048 | Episodes: 28678
Step  450560 | stage_step= 268288 | Episodes: 29137
Eval @ 458752 | stage_step= 276480 | sr=0.00% | reward=261.60 +/- 0.00 | pickups=2.00 deliveries=0.00 delivered_agents=0.00/2
Step  460800 | stage_step= 278528 | Episodes: 29662
[MultiQuadEnv] Steps 120001-140000 | pickups=2894 | deliveries=547 | total_pickups=19246 | total_deliveries=2105
Step  471040 | stage_step= 288768 | Episodes: 30083
Step  481280 | stage_step= 299008 | Episodes: 30601
Eval @ 483328 | stage_step= 301056 | sr=0.00% | reward=261.60 +/- 0.00 | pickups=2.00 deliveries=0.00 delivered_agents=0.00/2
Step  491520 | stage_step= 309248 | Episodes: 31146
Step  501760 | stage_step= 319488 | Episodes: 31717
[MultiQuadEnv] Steps 140001-160000 | pickups=3058 | deliveries=904 | total_pickups=22304 | total_deliveries=3009
Eval @ 507904 | stage_step= 325632 | sr=100.00% | reward=2297.60 +/- 0.00 | pickups=2.00 deliveries=2.00 delivered_agents=2.00/2
Early promotion from s3_wider_t_near_branch_fixed: 100.00% >= 75.00%
Restored best for s3_wider_t_near_branch_fixed: sr=100.00% | reward=2297.60

=== Stage 4/25: s4_wider_t_branch_fixed (fixed positions) ===
Stage: agents=2 obs=(36,) grid=(8, 9) starts=[(6, 4), (5, 4)] package=(3, 4) deliveries=[(1, 1), (1, 7)] lanes=12 rand_pkg=False rand_del=False dt=0.05 substeps=8 max_tilt=0.36
Step  512000 | stage_step=   4096 | Episodes: 32433
Step  520192 | stage_step=  12288 | Episodes: 33059
Step  530432 | stage_step=  22528 | Episodes: 33802
Eval @ 534528 | stage_step=  26624 | sr=0.00% | reward=277.80 +/- 0.00 | pickups=2.00 deliveries=0.00 delivered_agents=0.00/2
Step  540672 | stage_step=  32768 | Episodes: 34509
[MultiQuadEnv] Steps 1-20000 | pickups=4656 | deliveries=346 | total_pickups=4656 | total_deliveries=346
Step  550912 | stage_step=  43008 | Episodes: 35200
Eval @ 559104 | stage_step=  51200 | sr=0.00% | reward=276.90 +/- 0.00 | pickups=2.00 deliveries=0.00 delivered_agents=0.00/2
Step  561152 | stage_step=  53248 | Episodes: 35855
Step  571392 | stage_step=  63488 | Episodes: 36519
Step  581632 | stage_step=  73728 | Episodes: 37186
Eval @ 583680 | stage_step=  75776 | sr=100.00% | reward=2295.65 +/- 0.00 | pickups=2.00 deliveries=2.00 delivered_agents=2.00/2
[MultiQuadEnv] Steps 20001-40000 | pickups=4470 | deliveries=958 | total_pickups=9126 | total_deliveries=1304
Step  591872 | stage_step=  83968 | Episodes: 37825
Step  600064 | stage_step=  92160 | Episodes: 38342
Eval @ 608256 | stage_step= 100352 | sr=100.00% | reward=2295.60 +/- 0.00 | pickups=2.00 deliveries=2.00 delivered_agents=2.00/2
Early promotion from s4_wider_t_branch_fixed: 100.00% >= 80.00%
Restored best for s4_wider_t_branch_fixed: sr=100.00% | reward=2295.65
Set actor_log_std=-0.35 for stage exploration

=== Stage 5/25: s5_tiny_pipe_line_fixed (fixed positions) ===
Stage: agents=2 obs=(36,) grid=(12, 12) starts=[(2, 3), (2, 4)] package=(2, 5) deliveries=[(2, 6), (2, 7)] lanes=47 rand_pkg=False rand_del=False dt=0.05 substeps=8 max_tilt=0.36
Step  610304 | stage_step=   2048 | Episodes: 39249
Step  620544 | stage_step=  12288 | Episodes: 41199
Step  630784 | stage_step=  22528 | Episodes: 42853
Eval @ 634880 | stage_step=  26624 | sr=0.00% | reward=127.80 +/- 0.00 | pickups=1.00 deliveries=0.00 delivered_agents=0.00/2
Step  641024 | stage_step=  32768 | Episodes: 44167
[MultiQuadEnv] Steps 1-20000 | pickups=3220 | deliveries=218 | total_pickups=3220 | total_deliveries=218
Step  651264 | stage_step=  43008 | Episodes: 45157
Eval @ 659456 | stage_step=  51200 | sr=0.00% | reward=577.80 +/- 0.00 | pickups=1.00 deliveries=1.00 delivered_agents=1.00/2
Step  661504 | stage_step=  53248 | Episodes: 45905
Step  671744 | stage_step=  63488 | Episodes: 46606
Step  681984 | stage_step=  73728 | Episodes: 47240
Eval @ 684032 | stage_step=  75776 | sr=100.00% | reward=2247.50 +/- 0.00 | pickups=2.00 deliveries=2.00 delivered_agents=2.00/2
[MultiQuadEnv] Steps 20001-40000 | pickups=3128 | deliveries=1302 | total_pickups=6348 | total_deliveries=1520
Step  690176 | stage_step=  81920 | Episodes: 47758
Step  700416 | stage_step=  92160 | Episodes: 48405
Eval @ 708608 | stage_step= 100352 | sr=100.00% | reward=2247.50 +/- 0.00 | pickups=2.00 deliveries=2.00 delivered_agents=2.00/2
Early promotion from s5_tiny_pipe_line_fixed: 100.00% >= 80.00%
Restored best for s5_tiny_pipe_line_fixed: sr=100.00% | reward=2247.50
Set actor_log_std=-0.35 for stage exploration

=== Stage 6/25: s6_small_pipe_line_fixed (fixed positions) ===
Stage: agents=2 obs=(36,) grid=(18, 18) starts=[(2, 3), (2, 4)] package=(2, 6) deliveries=[(2, 8), (2, 9)] lanes=104 rand_pkg=False rand_del=False dt=0.05 substeps=8 max_tilt=0.36
Step  710656 | stage_step=   2048 | Episodes: 48996
Step  720896 | stage_step=  12288 | Episodes: 49603
Step  731136 | stage_step=  22528 | Episodes: 50159
Eval @ 735232 | stage_step=  26624 | sr=100.00% | reward=2247.00 +/- 0.00 | pickups=2.00 deliveries=2.00 delivered_agents=2.00/2
Step  741376 | stage_step=  32768 | Episodes: 50685
[MultiQuadEnv] Steps 1-20000 | pickups=1998 | deliveries=778 | total_pickups=1998 | total_deliveries=778
Step  751616 | stage_step=  43008 | Episodes: 51220
Eval @ 759808 | stage_step=  51200 | sr=100.00% | reward=2247.00 +/- 0.00 | pickups=2.00 deliveries=2.00 delivered_agents=2.00/2
Step  761856 | stage_step=  53248 | Episodes: 51767
Step  770048 | stage_step=  61440 | Episodes: 52170
Step  780288 | stage_step=  71680 | Episodes: 52608
Eval @ 784384 | stage_step=  75776 | sr=100.00% | reward=2297.40 +/- 0.00 | pickups=2.00 deliveries=2.00 delivered_agents=2.00/2
[MultiQuadEnv] Steps 20001-40000 | pickups=2342 | deliveries=1269 | total_pickups=4340 | total_deliveries=2047
Step  790528 | stage_step=  81920 | Episodes: 53075
Step  800768 | stage_step=  92160 | Episodes: 53513
Eval @ 808960 | stage_step= 100352 | sr=0.00% | reward=725.80 +/- 0.00 | pickups=2.00 deliveries=1.00 delivered_agents=1.00/2
Step  811008 | stage_step= 102400 | Episodes: 53946
Step  821248 | stage_step= 112640 | Episodes: 54364
[MultiQuadEnv] Steps 40001-60000 | pickups=2362 | deliveries=1571 | total_pickups=6702 | total_deliveries=3618
Step  831488 | stage_step= 122880 | Episodes: 54749
Eval @ 835584 | stage_step= 126976 | sr=100.00% | reward=2247.20 +/- 0.00 | pickups=2.00 deliveries=2.00 delivered_agents=2.00/2
Early promotion from s6_small_pipe_line_fixed: 100.00% >= 80.00%
Restored best for s6_small_pipe_line_fixed: sr=100.00% | reward=2297.40
Set actor_log_std=-0.35 for stage exploration

=== Stage 7/25: s7_small_pipe_vertical_fixed (fixed positions) ===
Stage: agents=2 obs=(36,) grid=(18, 18) starts=[(2, 8), (3, 8)] package=(4, 8) deliveries=[(5, 8), (6, 8)] lanes=104 rand_pkg=False rand_del=False dt=0.05 substeps=8 max_tilt=0.36
Step  841728 | stage_step=   6144 | Episodes: 55217
Step  851968 | stage_step=  16384 | Episodes: 55763
Step  860160 | stage_step=  24576 | Episodes: 56431
Eval @ 862208 | stage_step=  26624 | sr=0.00% | reward=-27.60 +/- 0.00 | pickups=0.00 deliveries=0.00 delivered_agents=0.00/2
Step  870400 | stage_step=  34816 | Episodes: 57309
[MultiQuadEnv] Steps 1-20000 | pickups=281 | deliveries=14 | total_pickups=281 | total_deliveries=14
Step  880640 | stage_step=  45056 | Episodes: 57985
Eval @ 886784 | stage_step=  51200 | sr=0.00% | reward=-22.00 +/- 0.00 | pickups=0.00 deliveries=0.00 delivered_agents=0.00/2
Step  890880 | stage_step=  55296 | Episodes: 58629
Step  901120 | stage_step=  65536 | Episodes: 59242
Step  911360 | stage_step=  75776 | Episodes: 59874
Eval @ 911360 | stage_step=  75776 | sr=0.00% | reward=-22.00 +/- 0.00 | pickups=0.00 deliveries=0.00 delivered_agents=0.00/2
[MultiQuadEnv] Steps 20001-40000 | pickups=1025 | deliveries=104 | total_pickups=1306 | total_deliveries=118
Step  921600 | stage_step=  86016 | Episodes: 60475
Step  931840 | stage_step=  96256 | Episodes: 61088
Eval @ 935936 | stage_step= 100352 | sr=0.00% | reward=-22.00 +/- 0.00 | pickups=0.00 deliveries=0.00 delivered_agents=0.00/2
Step  940032 | stage_step= 104448 | Episodes: 61584
Step  950272 | stage_step= 114688 | Episodes: 62205
[MultiQuadEnv] Steps 40001-60000 | pickups=1529 | deliveries=461 | total_pickups=2835 | total_deliveries=579
Step  960512 | stage_step= 124928 | Episodes: 62837
Eval @ 962560 | stage_step= 126976 | sr=0.00% | reward=750.20 +/- 0.00 | pickups=2.00 deliveries=1.00 delivered_agents=1.00/2
Step  970752 | stage_step= 135168 | Episodes: 63468
Step  980992 | stage_step= 145408 | Episodes: 64155
Eval @ 987136 | stage_step= 151552 | sr=0.00% | reward=578.00 +/- 0.00 | pickups=1.00 deliveries=1.00 delivered_agents=1.00/2
Step  991232 | stage_step= 155648 | Episodes: 64859
[MultiQuadEnv] Steps 60001-80000 | pickups=2166 | deliveries=985 | total_pickups=5001 | total_deliveries=1564
Step 1001472 | stage_step= 165888 | Episodes: 65558
Step 1011712 | stage_step= 176128 | Episodes: 66248
Eval @1011712 | stage_step= 176128 | sr=0.00% | reward=578.20 +/- 0.00 | pickups=1.00 deliveries=1.00 delivered_agents=1.00/2
Step 1021952 | stage_step= 186368 | Episodes: 66997
Step 1030144 | stage_step= 194560 | Episodes: 67547
[MultiQuadEnv] Steps 80001-100000 | pickups=2538 | deliveries=1276 | total_pickups=7539 | total_deliveries=2840
Eval @1036288 | stage_step= 200704 | sr=100.00% | reward=2248.20 +/- 0.00 | pickups=2.00 deliveries=2.00 delivered_agents=2.00/2
Early promotion from s7_small_pipe_vertical_fixed: 100.00% >= 80.00%
Restored best for s7_small_pipe_vertical_fixed: sr=100.00% | reward=2248.20
Set actor_log_std=-0.35 for stage exploration

=== Stage 8/25: s8_small_pipe_turn_fixed (fixed positions) ===
Stage: agents=2 obs=(36,) grid=(18, 18) starts=[(2, 6), (2, 7)] package=(2, 8) deliveries=[(4, 8), (5, 8)] lanes=104 rand_pkg=False rand_del=False dt=0.05 substeps=8 max_tilt=0.36
Step 1040384 | stage_step=   4096 | Episodes: 68304
Step 1050624 | stage_step=  14336 | Episodes: 69238
Step 1060864 | stage_step=  24576 | Episodes: 70047
Eval @1062912 | stage_step=  26624 | sr=0.00% | reward=-21.60 +/- 0.00 | pickups=0.00 deliveries=0.00 delivered_agents=0.00/2
Step 1071104 | stage_step=  34816 | Episodes: 70871
[MultiQuadEnv] Steps 1-20000 | pickups=935 | deliveries=65 | total_pickups=935 | total_deliveries=65
Step 1081344 | stage_step=  45056 | Episodes: 71598
Eval @1087488 | stage_step=  51200 | sr=0.00% | reward=-22.80 +/- 0.00 | pickups=0.00 deliveries=0.00 delivered_agents=0.00/2
Step 1091584 | stage_step=  55296 | Episodes: 72149
Step 1101824 | stage_step=  65536 | Episodes: 72715
Step 1110016 | stage_step=  73728 | Episodes: 73110
Eval @1112064 | stage_step=  75776 | sr=0.00% | reward=127.60 +/- 0.00 | pickups=1.00 deliveries=0.00 delivered_agents=0.00/2
[MultiQuadEnv] Steps 20001-40000 | pickups=1358 | deliveries=218 | total_pickups=2293 | total_deliveries=283
Step 1120256 | stage_step=  83968 | Episodes: 73577
Step 1130496 | stage_step=  94208 | Episodes: 73922
Eval @1136640 | stage_step= 100352 | sr=0.00% | reward=225.20 +/- 0.00 | pickups=2.00 deliveries=0.00 delivered_agents=0.00/2
Step 1140736 | stage_step= 104448 | Episodes: 74286
Step 1150976 | stage_step= 114688 | Episodes: 74684
[MultiQuadEnv] Steps 40001-60000 | pickups=1640 | deliveries=435 | total_pickups=3933 | total_deliveries=718
Step 1161216 | stage_step= 124928 | Episodes: 75011
Eval @1163264 | stage_step= 126976 | sr=0.00% | reward=675.60 +/- 0.00 | pickups=2.00 deliveries=1.00 delivered_agents=1.00/2
Step 1171456 | stage_step= 135168 | Episodes: 75416
Step 1181696 | stage_step= 145408 | Episodes: 75670
Eval @1187840 | stage_step= 151552 | sr=100.00% | reward=2246.60 +/- 0.00 | pickups=2.00 deliveries=2.00 delivered_agents=2.00/2
Early promotion from s8_small_pipe_turn_fixed: 100.00% >= 75.00%
Restored best for s8_small_pipe_turn_fixed: sr=100.00% | reward=2246.60
Set actor_log_std=-0.35 for stage exploration

=== Stage 9/25: s9_small_pipe_fixed (fixed positions) ===
Stage: agents=2 obs=(36,) grid=(18, 18) starts=[(2, 3), (2, 4)] package=(4, 8) deliveries=[(8, 13), (9, 12)] lanes=104 rand_pkg=False rand_del=False dt=0.05 substeps=8 max_tilt=0.36
Step 1191936 | stage_step=   4096 | Episodes: 76063
Step 1200128 | stage_step=  12288 | Episodes: 76303
Step 1210368 | stage_step=  22528 | Episodes: 76612
Eval @1214464 | stage_step=  26624 | sr=0.00% | reward=-32.50 +/- 0.00 | pickups=0.00 deliveries=0.00 delivered_agents=0.00/2
Step 1220608 | stage_step=  32768 | Episodes: 76923
[MultiQuadEnv] Steps 1-20000 | pickups=111 | deliveries=3 | total_pickups=111 | total_deliveries=3
Step 1230848 | stage_step=  43008 | Episodes: 77318
Eval @1239040 | stage_step=  51200 | sr=0.00% | reward=34.25 +/- 0.00 | pickups=1.00 deliveries=0.00 delivered_agents=0.00/2
Step 1241088 | stage_step=  53248 | Episodes: 77702
Step 1251328 | stage_step=  63488 | Episodes: 78082
Step 1261568 | stage_step=  73728 | Episodes: 78441
Eval @1263616 | stage_step=  75776 | sr=100.00% | reward=2170.25 +/- 0.00 | pickups=2.00 deliveries=2.00 delivered_agents=2.00/2
[MultiQuadEnv] Steps 20001-40000 | pickups=343 | deliveries=0 | total_pickups=454 | total_deliveries=3
Step 1271808 | stage_step=  83968 | Episodes: 78759
Step 1280000 | stage_step=  92160 | Episodes: 79037
Eval @1288192 | stage_step= 100352 | sr=100.00% | reward=2211.35 +/- 0.00 | pickups=2.00 deliveries=2.00 delivered_agents=2.00/2
Early promotion from s9_small_pipe_fixed: 100.00% >= 75.00%
Restored best for s9_small_pipe_fixed: sr=100.00% | reward=2211.35

=== Stage 10/25: s10_pipe_4x4_fixed (fixed positions) ===
Stage: agents=2 obs=(36,) grid=(24, 24) starts=[(2, 3), (2, 4)] package=(14, 3) deliveries=[(18, 15), (19, 14)] lanes=205 rand_pkg=False rand_del=False dt=0.05 substeps=8 max_tilt=0.36
Step 1290240 | stage_step=   2048 | Episodes: 79528
Step 1300480 | stage_step=  12288 | Episodes: 80766
Step 1310720 | stage_step=  22528 | Episodes: 82022
Step 1320960 | stage_step=  32768 | Episodes: 83291
[MultiQuadEnv] Steps 1-20000 | pickups=0 | deliveries=0 | total_pickups=0 | total_deliveries=0
Eval @1329152 | stage_step=  40960 | sr=0.00% | reward=-21.35 +/- 0.00 | pickups=0.00 deliveries=0.00 delivered_agents=0.00/2
Step 1331200 | stage_step=  43008 | Episodes: 84612
Step 1341440 | stage_step=  53248 | Episodes: 85935
Step 1351680 | stage_step=  63488 | Episodes: 87320
Step 1361920 | stage_step=  73728 | Episodes: 88696
[MultiQuadEnv] Steps 20001-40000 | pickups=0 | deliveries=0 | total_pickups=0 | total_deliveries=0
Step 1370112 | stage_step=  81920 | Episodes: 89807
Eval @1370112 | stage_step=  81920 | sr=0.00% | reward=-21.35 +/- 0.00 | pickups=0.00 deliveries=0.00 delivered_agents=0.00/2
Step 1380352 | stage_step=  92160 | Episodes: 91206
Step 1390592 | stage_step= 102400 | Episodes: 92623
Step 1400832 | stage_step= 112640 | Episodes: 94044
[MultiQuadEnv] Steps 40001-60000 | pickups=0 | deliveries=0 | total_pickups=0 | total_deliveries=0
Eval @1409024 | stage_step= 120832 | sr=0.00% | reward=-21.35 +/- 0.00 | pickups=0.00 deliveries=0.00 delivered_agents=0.00/2
Step 1411072 | stage_step= 122880 | Episodes: 95472
Step 1421312 | stage_step= 133120 | Episodes: 96886
Step 1431552 | stage_step= 143360 | Episodes: 98331
Step 1441792 | stage_step= 153600 | Episodes: 99794
[MultiQuadEnv] Steps 60001-80000 | pickups=0 | deliveries=0 | total_pickups=0 | total_deliveries=0
Eval @1449984 | stage_step= 161792 | sr=0.00% | reward=-21.35 +/- 0.00 | pickups=0.00 deliveries=0.00 delivered_agents=0.00/2
Step 1452032 | stage_step= 163840 | Episodes: 101252
Step 1460224 | stage_step= 172032 | Episodes: 102425
Step 1470464 | stage_step= 182272 | Episodes: 103896
Step 1480704 | stage_step= 192512 | Episodes: 105381
[MultiQuadEnv] Steps 80001-100000 | pickups=0 | deliveries=0 | total_pickups=0 | total_deliveries=0
Eval @1488896 | stage_step= 200704 | sr=0.00% | reward=-21.35 +/- 0.00 | pickups=0.00 deliveries=0.00 delivered_agents=0.00/2
Step 1490944 | stage_step= 202752 | Episodes: 106864
Step 1501184 | stage_step= 212992 | Episodes: 108359
Step 1511424 | stage_step= 223232 | Episodes: 109868
Step 1521664 | stage_step= 233472 | Episodes: 111377
[MultiQuadEnv] Steps 100001-120000 | pickups=0 | deliveries=0 | total_pickups=0 | total_deliveries=0
Eval @1529856 | stage_step= 241664 | sr=0.00% | reward=-21.40 +/- 0.00 | pickups=0.00 deliveries=0.00 delivered_agents=0.00/2
Step 1531904 | stage_step= 243712 | Episodes: 112886
Step 1540096 | stage_step= 251904 | Episodes: 114106
Step 1550336 | stage_step= 262144 | Episodes: 115655
Step 1560576 | stage_step= 272384 | Episodes: 117186
[MultiQuadEnv] Steps 120001-140000 | pickups=0 | deliveries=0 | total_pickups=0 | total_deliveries=0
Eval @1568768 | stage_step= 280576 | sr=0.00% | reward=-21.35 +/- 0.00 | pickups=0.00 deliveries=0.00 delivered_agents=0.00/2
Step 1570816 | stage_step= 282624 | Episodes: 118727
Step 1581056 | stage_step= 292864 | Episodes: 120253
Step 1591296 | stage_step= 303104 | Episodes: 121807
Step 1601536 | stage_step= 313344 | Episodes: 123374
[MultiQuadEnv] Steps 140001-160000 | pickups=0 | deliveries=0 | total_pickups=0 | total_deliveries=0
Eval @1609728 | stage_step= 321536 | sr=0.00% | reward=-21.35 +/- 0.00 | pickups=0.00 deliveries=0.00 delivered_agents=0.00/2
Step 1611776 | stage_step= 323584 | Episodes: 124939
Step 1622016 | stage_step= 333824 | Episodes: 126514
Step 1630208 | stage_step= 342016 | Episodes: 127773
Step 1640448 | stage_step= 352256 | Episodes: 129351
[MultiQuadEnv] Steps 160001-180000 | pickups=0 | deliveries=0 | total_pickups=0 | total_deliveries=0
Eval @1648640 | stage_step= 360448 | sr=0.00% | reward=-21.35 +/- 0.00 | pickups=0.00 deliveries=0.00 delivered_agents=0.00/2
Step 1650688 | stage_step= 362496 | Episodes: 130919
Step 1660928 | stage_step= 372736 | Episodes: 132483
Step 1671168 | stage_step= 382976 | Episodes: 134073
Step 1681408 | stage_step= 393216 | Episodes: 135650
[MultiQuadEnv] Steps 180001-200000 | pickups=0 | deliveries=0 | total_pickups=0 | total_deliveries=0
Eval @1689600 | stage_step= 401408 | sr=0.00% | reward=-21.35 +/- 0.00 | pickups=0.00 deliveries=0.00 delivered_agents=0.00/2
Step 1691648 | stage_step= 403456 | Episodes: 137226
Step 1701888 | stage_step= 413696 | Episodes: 138812
Step 1710080 | stage_step= 421888 | Episodes: 140096
Step 1720320 | stage_step= 432128 | Episodes: 141695
[MultiQuadEnv] Steps 200001-220000 | pickups=0 | deliveries=0 | total_pickups=0 | total_deliveries=0
Eval @1728512 | stage_step= 440320 | sr=0.00% | reward=-21.35 +/- 0.00 | pickups=0.00 deliveries=0.00 delivered_agents=0.00/2
Step 1730560 | stage_step= 442368 | Episodes: 143298
Step 1740800 | stage_step= 452608 | Episodes: 144894
Step 1751040 | stage_step= 462848 | Episodes: 146480
Step 1761280 | stage_step= 473088 | Episodes: 148080
[MultiQuadEnv] Steps 220001-240000 | pickups=0 | deliveries=0 | total_pickups=0 | total_deliveries=0
Eval @1769472 | stage_step= 481280 | sr=0.00% | reward=-21.35 +/- 0.00 | pickups=0.00 deliveries=0.00 delivered_agents=0.00/2
Step 1771520 | stage_step= 483328 | Episodes: 149678
Step 1781760 | stage_step= 493568 | Episodes: 151288
Step 1792000 | stage_step= 503808 | Episodes: 152896
Step 1800192 | stage_step= 512000 | Episodes: 154196
[MultiQuadEnv] Steps 240001-260000 | pickups=0 | deliveries=0 | total_pickups=0 | total_deliveries=0
Eval @1808384 | stage_step= 520192 | sr=0.00% | reward=-21.35 +/- 0.00 | pickups=0.00 deliveries=0.00 delivered_agents=0.00/2
Step 1810432 | stage_step= 522240 | Episodes: 155815
Step 1820672 | stage_step= 532480 | Episodes: 157431
Step 1830912 | stage_step= 542720 | Episodes: 159058
Step 1841152 | stage_step= 552960 | Episodes: 160679
[MultiQuadEnv] Steps 260001-280000 | pickups=0 | deliveries=0 | total_pickups=0 | total_deliveries=0
Eval @1849344 | stage_step= 561152 | sr=0.00% | reward=-21.35 +/- 0.00 | pickups=0.00 deliveries=0.00 delivered_agents=0.00/2
Step 1851392 | stage_step= 563200 | Episodes: 162317
Step 1861632 | stage_step= 573440 | Episodes: 163959
Step 1871872 | stage_step= 583680 | Episodes: 165599
Step 1880064 | stage_step= 591872 | Episodes: 166916
[MultiQuadEnv] Steps 280001-300000 | pickups=0 | deliveries=0 | total_pickups=0 | total_deliveries=0
Eval @1888256 | stage_step= 600064 | sr=0.00% | reward=-21.35 +/- 0.00 | pickups=0.00 deliveries=0.00 delivered_agents=0.00/2
Step 1890304 | stage_step= 602112 | Episodes: 168555
Step 1900544 | stage_step= 612352 | Episodes: 170209
Step 1910784 | stage_step= 622592 | Episodes: 171861
Step 1921024 | stage_step= 632832 | Episodes: 173513
[MultiQuadEnv] Steps 300001-320000 | pickups=0 | deliveries=0 | total_pickups=0 | total_deliveries=0
Eval @1929216 | stage_step= 641024 | sr=0.00% | reward=-21.35 +/- 0.00 | pickups=0.00 deliveries=0.00 delivered_agents=0.00/2
Step 1931264 | stage_step= 643072 | Episodes: 175171
Step 1941504 | stage_step= 653312 | Episodes: 176831
Step 1951744 | stage_step= 663552 | Episodes: 178497
Step 1961984 | stage_step= 673792 | Episodes: 180165
[MultiQuadEnv] Steps 320001-340000 | pickups=0 | deliveries=0 | total_pickups=0 | total_deliveries=0
Step 1970176 | stage_step= 681984 | Episodes: 181499
Eval @1970176 | stage_step= 681984 | sr=0.00% | reward=-21.35 +/- 0.00 | pickups=0.00 deliveries=0.00 delivered_agents=0.00/2
Step 1980416 | stage_step= 692224 | Episodes: 183170
Step 1990656 | stage_step= 702464 | Episodes: 184846
Step 2000896 | stage_step= 712704 | Episodes: 186524
[MultiQuadEnv] Steps 340001-360000 | pickups=0 | deliveries=0 | total_pickups=0 | total_deliveries=0
Eval @2009088 | stage_step= 720896 | sr=0.00% | reward=-21.35 +/- 0.00 | pickups=0.00 deliveries=0.00 delivered_agents=0.00/2
Step 2011136 | stage_step= 722944 | Episodes: 188205
Step 2021376 | stage_step= 733184 | Episodes: 189883
Step 2031616 | stage_step= 743424 | Episodes: 191565
Step 2041856 | stage_step= 753664 | Episodes: 193255
[MultiQuadEnv] Steps 360001-380000 | pickups=0 | deliveries=0 | total_pickups=0 | total_deliveries=0
Step 2050048 | stage_step= 761856 | Episodes: 194602
Eval @2050048 | stage_step= 761856 | sr=0.00% | reward=-21.35 +/- 0.00 | pickups=0.00 deliveries=0.00 delivered_agents=0.00/2
Step 2060288 | stage_step= 772096 | Episodes: 196290
Step 2070528 | stage_step= 782336 | Episodes: 197983
Step 2080768 | stage_step= 792576 | Episodes: 199679
[MultiQuadEnv] Steps 380001-400000 | pickups=0 | deliveries=0 | total_pickups=0 | total_deliveries=0
Eval @2088960 | stage_step= 800768 | sr=0.00% | reward=-21.35 +/- 0.00 | pickups=0.00 deliveries=0.00 delivered_agents=0.00/2
Step 2091008 | stage_step= 802816 | Episodes: 201374
Step 2101248 | stage_step= 813056 | Episodes: 203070
Step 2111488 | stage_step= 823296 | Episodes: 204764
Step 2121728 | stage_step= 833536 | Episodes: 206464
[MultiQuadEnv] Steps 400001-420000 | pickups=0 | deliveries=0 | total_pickups=0 | total_deliveries=0
Eval @2129920 | stage_step= 841728 | sr=0.00% | reward=-21.35 +/- 0.00 | pickups=0.00 deliveries=0.00 delivered_agents=0.00/2
Step 2131968 | stage_step= 843776 | Episodes: 208161
Step 2140160 | stage_step= 851968 | Episodes: 209520
Eval @2140160 | stage_step= 851968 | sr=0.00% | reward=-21.35 +/- 0.00 | pickups=0.00 deliveries=0.00 delivered_agents=0.00/2
Full budget used for s10_pipe_4x4_fixed. Best stage success=0.00%.
No successful checkpoint found for s10_pipe_4x4_fixed; restored pre-stage model.
Final eval | success_rate=100.00% | mean_reward=2211.35 +/- 0.00 | pickups=2.00 deliveries=2.00 | delivered_agents=2.00/2 

### SWEEP 17/20: quad_physics_mappo_fixed_v12_sweep_delivery_seed7 ###

Using device: cpu
Initial Quad MAPPO: agents=2 obs=(36,) grid=(6, 5) starts=[(4, 2), (3, 2)] package=(2, 2) deliveries=[(1, 1), (1, 3)] lanes=6 rand_pkg=False rand_del=False dt=0.05 substeps=8 max_tilt=0.36

=== Stage 1/25: s1_short_t_fixed (fixed positions) ===
Stage: agents=2 obs=(36,) grid=(6, 5) starts=[(4, 2), (3, 2)] package=(2, 2) deliveries=[(1, 1), (1, 3)] lanes=6 rand_pkg=False rand_del=False dt=0.05 substeps=8 max_tilt=0.36
Step   10240 | stage_step=  10240 | Episodes:  1234
Step   20480 | stage_step=  20480 | Episodes:  2582
Eval @  20480 | stage_step=  20480 | sr=0.00% | reward=77.60 +/- 0.00 | pickups=1.00 deliveries=0.00 delivered_agents=0.00/2
Step   30720 | stage_step=  30720 | Episodes:  3819
[MultiQuadEnv] Steps 1-20000 | pickups=2760 | deliveries=400 | total_pickups=2760 | total_deliveries=400
Step   40960 | stage_step=  40960 | Episodes:  5025
Eval @  40960 | stage_step=  40960 | sr=0.00% | reward=927.40 +/- 0.00 | pickups=2.00 deliveries=1.00 delivered_agents=1.00/2
Step   51200 | stage_step=  51200 | Episodes:  6199
Step   61440 | stage_step=  61440 | Episodes:  7319
Eval @  61440 | stage_step=  61440 | sr=0.00% | reward=927.80 +/- 0.00 | pickups=2.00 deliveries=1.00 delivered_agents=1.00/2
Step   71680 | stage_step=  71680 | Episodes:  8442
[MultiQuadEnv] Steps 20001-40000 | pickups=4798 | deliveries=1542 | total_pickups=7558 | total_deliveries=1942
Step   81920 | stage_step=  81920 | Episodes:  9535
Eval @  81920 | stage_step=  81920 | sr=0.00% | reward=78.80 +/- 0.00 | pickups=1.00 deliveries=0.00 delivered_agents=0.00/2
Step   90112 | stage_step=  90112 | Episodes: 10406
Step  100352 | stage_step= 100352 | Episodes: 11438
Eval @ 100352 | stage_step= 100352 | sr=0.00% | reward=78.80 +/- 0.00 | pickups=1.00 deliveries=0.00 delivered_agents=0.00/2
Step  110592 | stage_step= 110592 | Episodes: 12456
[MultiQuadEnv] Steps 40001-60000 | pickups=5291 | deliveries=2401 | total_pickups=12849 | total_deliveries=4343
Step  120832 | stage_step= 120832 | Episodes: 13463
Eval @ 120832 | stage_step= 120832 | sr=100.00% | reward=3198.20 +/- 0.00 | pickups=2.00 deliveries=2.00 delivered_agents=2.00/2
Early promotion from s1_short_t_fixed: 100.00% >= 90.00%
Restored best for s1_short_t_fixed: sr=100.00% | reward=3198.20

=== Stage 2/25: s2_wider_t_stem_fixed (fixed positions) ===
Stage: agents=2 obs=(36,) grid=(8, 9) starts=[(6, 4), (5, 4)] package=(3, 4) deliveries=[(2, 4), (1, 4)] lanes=12 rand_pkg=False rand_del=False dt=0.05 substeps=8 max_tilt=0.36
Step  131072 | stage_step=  10240 | Episodes: 14575
Step  141312 | stage_step=  20480 | Episodes: 15535
Eval @ 147456 | stage_step=  26624 | sr=100.00% | reward=3147.80 +/- 0.00 | pickups=2.00 deliveries=2.00 delivered_agents=2.00/2
Step  151552 | stage_step=  30720 | Episodes: 16449
[MultiQuadEnv] Steps 1-20000 | pickups=4347 | deliveries=2364 | total_pickups=4347 | total_deliveries=2364
Step  161792 | stage_step=  40960 | Episodes: 17330
Step  172032 | stage_step=  51200 | Episodes: 18223
Eval @ 172032 | stage_step=  51200 | sr=100.00% | reward=3147.80 +/- 0.00 | pickups=2.00 deliveries=2.00 delivered_agents=2.00/2
Step  180224 | stage_step=  59392 | Episodes: 18909
Step  190464 | stage_step=  69632 | Episodes: 19766
Eval @ 196608 | stage_step=  75776 | sr=100.00% | reward=3148.00 +/- 0.00 | pickups=2.00 deliveries=2.00 delivered_agents=2.00/2
Step  200704 | stage_step=  79872 | Episodes: 20625
[MultiQuadEnv] Steps 20001-40000 | pickups=5097 | deliveries=3664 | total_pickups=9444 | total_deliveries=6028
Step  210944 | stage_step=  90112 | Episodes: 21472
Step  221184 | stage_step= 100352 | Episodes: 22304
Eval @ 221184 | stage_step= 100352 | sr=100.00% | reward=3148.00 +/- 0.00 | pickups=2.00 deliveries=2.00 delivered_agents=2.00/2
Early promotion from s2_wider_t_stem_fixed: 100.00% >= 85.00%
Restored best for s2_wider_t_stem_fixed: sr=100.00% | reward=3148.00

=== Stage 3/25: s3_wider_t_near_branch_fixed (fixed positions) ===
Stage: agents=2 obs=(36,) grid=(8, 9) starts=[(6, 4), (5, 4)] package=(2, 4) deliveries=[(1, 3), (1, 5)] lanes=12 rand_pkg=False rand_del=False dt=0.05 substeps=8 max_tilt=0.36
Step  231424 | stage_step=  10240 | Episodes: 23053
Step  241664 | stage_step=  20480 | Episodes: 23836
Eval @ 247808 | stage_step=  26624 | sr=0.00% | reward=157.60 +/- 0.00 | pickups=2.00 deliveries=0.00 delivered_agents=0.00/2
Step  251904 | stage_step=  30720 | Episodes: 24484
Step  260096 | stage_step=  38912 | Episodes: 25117
[MultiQuadEnv] Steps 1-20000 | pickups=3352 | deliveries=585 | total_pickups=3352 | total_deliveries=585
Step  270336 | stage_step=  49152 | Episodes: 25919
Eval @ 272384 | stage_step=  51200 | sr=0.00% | reward=927.60 +/- 0.00 | pickups=2.00 deliveries=1.00 delivered_agents=1.00/2
Step  280576 | stage_step=  59392 | Episodes: 26697
Step  290816 | stage_step=  69632 | Episodes: 27487
Eval @ 296960 | stage_step=  75776 | sr=0.00% | reward=927.60 +/- 0.00 | pickups=2.00 deliveries=1.00 delivered_agents=1.00/2
Step  301056 | stage_step=  79872 | Episodes: 28145
[MultiQuadEnv] Steps 20001-40000 | pickups=3246 | deliveries=895 | total_pickups=6598 | total_deliveries=1480
Step  311296 | stage_step=  90112 | Episodes: 28944
Step  321536 | stage_step= 100352 | Episodes: 29689
Eval @ 321536 | stage_step= 100352 | sr=100.00% | reward=3197.40 +/- 0.00 | pickups=2.00 deliveries=2.00 delivered_agents=2.00/2
Early promotion from s3_wider_t_near_branch_fixed: 100.00% >= 75.00%
Restored best for s3_wider_t_near_branch_fixed: sr=100.00% | reward=3197.40

=== Stage 4/25: s4_wider_t_branch_fixed (fixed positions) ===
Stage: agents=2 obs=(36,) grid=(8, 9) starts=[(6, 4), (5, 4)] package=(3, 4) deliveries=[(1, 1), (1, 7)] lanes=12 rand_pkg=False rand_del=False dt=0.05 substeps=8 max_tilt=0.36
Step  331776 | stage_step=  10240 | Episodes: 30593
Step  342016 | stage_step=  20480 | Episodes: 31396
Eval @ 348160 | stage_step=  26624 | sr=0.00% | reward=177.40 +/- 0.00 | pickups=2.00 deliveries=0.00 delivered_agents=0.00/2
Step  350208 | stage_step=  28672 | Episodes: 32015
Step  360448 | stage_step=  38912 | Episodes: 32771
[MultiQuadEnv] Steps 1-20000 | pickups=4654 | deliveries=44 | total_pickups=4654 | total_deliveries=44
Step  370688 | stage_step=  49152 | Episodes: 33502
Eval @ 372736 | stage_step=  51200 | sr=0.00% | reward=177.40 +/- 0.00 | pickups=2.00 deliveries=0.00 delivered_agents=0.00/2
Step  380928 | stage_step=  59392 | Episodes: 34226
Step  391168 | stage_step=  69632 | Episodes: 34903
Eval @ 397312 | stage_step=  75776 | sr=0.00% | reward=925.80 +/- 0.00 | pickups=2.00 deliveries=1.00 delivered_agents=1.00/2
Step  401408 | stage_step=  79872 | Episodes: 35607
[MultiQuadEnv] Steps 20001-40000 | pickups=4767 | deliveries=236 | total_pickups=9421 | total_deliveries=280
Step  411648 | stage_step=  90112 | Episodes: 36287
Step  421888 | stage_step= 100352 | Episodes: 36936
Eval @ 421888 | stage_step= 100352 | sr=0.00% | reward=925.80 +/- 0.00 | pickups=2.00 deliveries=1.00 delivered_agents=1.00/2
Step  430080 | stage_step= 108544 | Episodes: 37420
Step  440320 | stage_step= 118784 | Episodes: 38001
[MultiQuadEnv] Steps 40001-60000 | pickups=4302 | deliveries=696 | total_pickups=13723 | total_deliveries=976
Eval @ 448512 | stage_step= 126976 | sr=0.00% | reward=924.65 +/- 0.00 | pickups=2.00 deliveries=1.00 delivered_agents=1.00/2
Step  450560 | stage_step= 129024 | Episodes: 38554
Step  460800 | stage_step= 139264 | Episodes: 39104
Step  471040 | stage_step= 149504 | Episodes: 39575
Eval @ 473088 | stage_step= 151552 | sr=0.00% | reward=924.20 +/- 0.00 | pickups=2.00 deliveries=1.00 delivered_agents=1.00/2
Step  481280 | stage_step= 159744 | Episodes: 40022
[MultiQuadEnv] Steps 60001-80000 | pickups=3517 | deliveries=963 | total_pickups=17240 | total_deliveries=1939
Step  491520 | stage_step= 169984 | Episodes: 40422
Eval @ 497664 | stage_step= 176128 | sr=0.00% | reward=923.80 +/- 0.00 | pickups=2.00 deliveries=1.00 delivered_agents=1.00/2
Step  501760 | stage_step= 180224 | Episodes: 40827
Step  512000 | stage_step= 190464 | Episodes: 41224
Step  520192 | stage_step= 198656 | Episodes: 41545
[MultiQuadEnv] Steps 80001-100000 | pickups=2878 | deliveries=1027 | total_pickups=20118 | total_deliveries=2966
Eval @ 522240 | stage_step= 200704 | sr=0.00% | reward=922.70 +/- 0.00 | pickups=2.00 deliveries=1.00 delivered_agents=1.00/2
Step  530432 | stage_step= 208896 | Episodes: 41899
Step  540672 | stage_step= 219136 | Episodes: 42211
Eval @ 546816 | stage_step= 225280 | sr=0.00% | reward=192.00 +/- 0.00 | pickups=2.00 deliveries=1.00 delivered_agents=1.00/2
Step  550912 | stage_step= 229376 | Episodes: 42530
Step  561152 | stage_step= 239616 | Episodes: 42830
[MultiQuadEnv] Steps 100001-120000 | pickups=2358 | deliveries=886 | total_pickups=22476 | total_deliveries=3852
Step  571392 | stage_step= 249856 | Episodes: 43150
Eval @ 573440 | stage_step= 251904 | sr=0.00% | reward=192.00 +/- 0.00 | pickups=2.00 deliveries=1.00 delivered_agents=1.00/2
Step  581632 | stage_step= 260096 | Episodes: 43444
Step  591872 | stage_step= 270336 | Episodes: 43739
Eval @ 598016 | stage_step= 276480 | sr=0.00% | reward=192.00 +/- 0.00 | pickups=2.00 deliveries=1.00 delivered_agents=1.00/2
Step  600064 | stage_step= 278528 | Episodes: 43950
[MultiQuadEnv] Steps 120001-140000 | pickups=2205 | deliveries=876 | total_pickups=24681 | total_deliveries=4728
Step  610304 | stage_step= 288768 | Episodes: 44219
Step  620544 | stage_step= 299008 | Episodes: 44508
Eval @ 622592 | stage_step= 301056 | sr=0.00% | reward=923.35 +/- 0.00 | pickups=2.00 deliveries=1.00 delivered_agents=1.00/2
Step  630784 | stage_step= 309248 | Episodes: 44761
Step  641024 | stage_step= 319488 | Episodes: 44996
[MultiQuadEnv] Steps 140001-160000 | pickups=1965 | deliveries=813 | total_pickups=26646 | total_deliveries=5541
Eval @ 647168 | stage_step= 325632 | sr=0.00% | reward=192.00 +/- 0.00 | pickups=2.00 deliveries=1.00 delivered_agents=1.00/2
Step  651264 | stage_step= 329728 | Episodes: 45209
Step  661504 | stage_step= 339968 | Episodes: 45467
Step  671744 | stage_step= 350208 | Episodes: 45744
Eval @ 671744 | stage_step= 350208 | sr=0.00% | reward=192.00 +/- 0.00 | pickups=2.00 deliveries=1.00 delivered_agents=1.00/2
[MultiQuadEnv] Steps 160001-180000 | pickups=1933 | deliveries=822 | total_pickups=28579 | total_deliveries=6363
Step  681984 | stage_step= 360448 | Episodes: 46009
Step  690176 | stage_step= 368640 | Episodes: 46212
Eval @ 698368 | stage_step= 376832 | sr=0.00% | reward=922.70 +/- 0.00 | pickups=2.00 deliveries=1.00 delivered_agents=1.00/2
Step  700416 | stage_step= 378880 | Episodes: 46480
Step  710656 | stage_step= 389120 | Episodes: 46759
Step  720896 | stage_step= 399360 | Episodes: 47020
[MultiQuadEnv] Steps 180001-200000 | pickups=2008 | deliveries=882 | total_pickups=30587 | total_deliveries=7245
Eval @ 722944 | stage_step= 401408 | sr=0.00% | reward=922.70 +/- 0.00 | pickups=2.00 deliveries=1.00 delivered_agents=1.00/2
Step  731136 | stage_step= 409600 | Episodes: 47276
Step  741376 | stage_step= 419840 | Episodes: 47551
Eval @ 747520 | stage_step= 425984 | sr=0.00% | reward=921.70 +/- 0.00 | pickups=2.00 deliveries=1.00 delivered_agents=1.00/2
Step  751616 | stage_step= 430080 | Episodes: 47805
[MultiQuadEnv] Steps 200001-220000 | pickups=2026 | deliveries=918 | total_pickups=32613 | total_deliveries=8163
Step  761856 | stage_step= 440320 | Episodes: 48083
Step  770048 | stage_step= 448512 | Episodes: 48283
Eval @ 772096 | stage_step= 450560 | sr=0.00% | reward=173.10 +/- 0.00 | pickups=2.00 deliveries=1.00 delivered_agents=1.00/2
Step  780288 | stage_step= 458752 | Episodes: 48522
Step  790528 | stage_step= 468992 | Episodes: 48768
Eval @ 796672 | stage_step= 475136 | sr=0.00% | reward=171.70 +/- 0.00 | pickups=2.00 deliveries=1.00 delivered_agents=1.00/2
Step  800768 | stage_step= 479232 | Episodes: 48985
[MultiQuadEnv] Steps 220001-240000 | pickups=1836 | deliveries=835 | total_pickups=34449 | total_deliveries=8998
Step  811008 | stage_step= 489472 | Episodes: 49208
Step  821248 | stage_step= 499712 | Episodes: 49466
Eval @ 823296 | stage_step= 501760 | sr=0.00% | reward=178.20 +/- 0.00 | pickups=2.00 deliveries=1.00 delivered_agents=1.00/2
Step  831488 | stage_step= 509952 | Episodes: 49705
[MultiQuadEnv] Steps 240001-260000 | pickups=1926 | deliveries=865 | total_pickups=36375 | total_deliveries=9863
Step  841728 | stage_step= 520192 | Episodes: 49990
Eval @ 847872 | stage_step= 526336 | sr=0.00% | reward=923.95 +/- 0.00 | pickups=2.00 deliveries=1.00 delivered_agents=1.00/2
Step  851968 | stage_step= 530432 | Episodes: 50288
Step  860160 | stage_step= 538624 | Episodes: 50694
Step  870400 | stage_step= 548864 | Episodes: 51053
Eval @ 872448 | stage_step= 550912 | sr=0.00% | reward=922.70 +/- 0.00 | pickups=2.00 deliveries=1.00 delivered_agents=1.00/2
Step  880640 | stage_step= 559104 | Episodes: 51293
[MultiQuadEnv] Steps 260001-280000 | pickups=2580 | deliveries=714 | total_pickups=38955 | total_deliveries=10577
Step  890880 | stage_step= 569344 | Episodes: 51542
Eval @ 897024 | stage_step= 575488 | sr=0.00% | reward=194.95 +/- 0.00 | pickups=2.00 deliveries=1.00 delivered_agents=1.00/2
Step  901120 | stage_step= 579584 | Episodes: 51780
Step  911360 | stage_step= 589824 | Episodes: 52036
[MultiQuadEnv] Steps 280001-300000 | pickups=1873 | deliveries=875 | total_pickups=40828 | total_deliveries=11452
Step  921600 | stage_step= 600064 | Episodes: 52264
Eval @ 921600 | stage_step= 600064 | sr=0.00% | reward=920.95 +/- 0.00 | pickups=2.00 deliveries=1.00 delivered_agents=1.00/2
Step  931840 | stage_step= 610304 | Episodes: 52497
Step  940032 | stage_step= 618496 | Episodes: 52722
Eval @ 948224 | stage_step= 626688 | sr=0.00% | reward=922.70 +/- 0.00 | pickups=2.00 deliveries=1.00 delivered_agents=1.00/2
Step  950272 | stage_step= 628736 | Episodes: 53021
Step  960512 | stage_step= 638976 | Episodes: 53305
[MultiQuadEnv] Steps 300001-320000 | pickups=2122 | deliveries=999 | total_pickups=42950 | total_deliveries=12451
Step  970752 | stage_step= 649216 | Episodes: 53586
Eval @ 972800 | stage_step= 651264 | sr=0.00% | reward=922.70 +/- 0.00 | pickups=2.00 deliveries=1.00 delivered_agents=1.00/2
Step  980992 | stage_step= 659456 | Episodes: 53864
Step  991232 | stage_step= 669696 | Episodes: 54159
Eval @ 997376 | stage_step= 675840 | sr=0.00% | reward=922.75 +/- 0.00 | pickups=2.00 deliveries=1.00 delivered_agents=1.00/2
Step 1001472 | stage_step= 679936 | Episodes: 54471
[MultiQuadEnv] Steps 320001-340000 | pickups=2270 | deliveries=1083 | total_pickups=45220 | total_deliveries=13534
Step 1011712 | stage_step= 690176 | Episodes: 54807
Step 1021952 | stage_step= 700416 | Episodes: 55143
Eval @1021952 | stage_step= 700416 | sr=0.00% | reward=923.20 +/- 0.00 | pickups=2.00 deliveries=1.00 delivered_agents=1.00/2
Step 1030144 | stage_step= 708608 | Episodes: 55417
Step 1040384 | stage_step= 718848 | Episodes: 55759
[MultiQuadEnv] Steps 340001-360000 | pickups=2618 | deliveries=1231 | total_pickups=47838 | total_deliveries=14765
Eval @1048576 | stage_step= 727040 | sr=0.00% | reward=924.30 +/- 0.00 | pickups=2.00 deliveries=1.00 delivered_agents=1.00/2
Step 1050624 | stage_step= 729088 | Episodes: 56108
Step 1060864 | stage_step= 739328 | Episodes: 56465
Step 1071104 | stage_step= 749568 | Episodes: 56803
Eval @1073152 | stage_step= 751616 | sr=0.00% | reward=924.35 +/- 0.00 | pickups=2.00 deliveries=1.00 delivered_agents=1.00/2
Step 1081344 | stage_step= 759808 | Episodes: 57141
[MultiQuadEnv] Steps 360001-380000 | pickups=2693 | deliveries=1256 | total_pickups=50531 | total_deliveries=16021
Step 1091584 | stage_step= 770048 | Episodes: 57481
Eval @1097728 | stage_step= 776192 | sr=0.00% | reward=924.25 +/- 0.00 | pickups=2.00 deliveries=1.00 delivered_agents=1.00/2
Step 1101824 | stage_step= 780288 | Episodes: 57826
Step 1110016 | stage_step= 788480 | Episodes: 58093
Step 1120256 | stage_step= 798720 | Episodes: 58444
[MultiQuadEnv] Steps 380001-400000 | pickups=2682 | deliveries=1269 | total_pickups=53213 | total_deliveries=17290
Eval @1122304 | stage_step= 800768 | sr=0.00% | reward=924.35 +/- 0.00 | pickups=2.00 deliveries=1.00 delivered_agents=1.00/2
Step 1130496 | stage_step= 808960 | Episodes: 58805
Step 1140736 | stage_step= 819200 | Episodes: 59174
Eval @1146880 | stage_step= 825344 | sr=0.00% | reward=923.80 +/- 0.00 | pickups=2.00 deliveries=1.00 delivered_agents=1.00/2
Step 1150976 | stage_step= 829440 | Episodes: 59550
Step 1161216 | stage_step= 839680 | Episodes: 59918
[MultiQuadEnv] Steps 400001-420000 | pickups=2881 | deliveries=1393 | total_pickups=56094 | total_deliveries=18683
Step 1171456 | stage_step= 849920 | Episodes: 60293
Eval @1173504 | stage_step= 851968 | sr=0.00% | reward=924.35 +/- 0.00 | pickups=2.00 deliveries=1.00 delivered_agents=1.00/2
Step 1181696 | stage_step= 860160 | Episodes: 60665
Step 1191936 | stage_step= 870400 | Episodes: 61052
Eval @1198080 | stage_step= 876544 | sr=0.00% | reward=924.25 +/- 0.00 | pickups=2.00 deliveries=1.00 delivered_agents=1.00/2
Step 1200128 | stage_step= 878592 | Episodes: 61358
[MultiQuadEnv] Steps 420001-440000 | pickups=2982 | deliveries=1461 | total_pickups=59076 | total_deliveries=20144
Step 1210368 | stage_step= 888832 | Episodes: 61752
Step 1220608 | stage_step= 899072 | Episodes: 62140
Eval @1222656 | stage_step= 901120 | sr=0.00% | reward=924.35 +/- 0.00 | pickups=2.00 deliveries=1.00 delivered_agents=1.00/2
Step 1230848 | stage_step= 909312 | Episodes: 62532
Step 1241088 | stage_step= 919552 | Episodes: 62912
[MultiQuadEnv] Steps 440001-460000 | pickups=3053 | deliveries=1495 | total_pickups=62129 | total_deliveries=21639
Eval @1247232 | stage_step= 925696 | sr=0.00% | reward=924.35 +/- 0.00 | pickups=2.00 deliveries=1.00 delivered_agents=1.00/2
Step 1251328 | stage_step= 929792 | Episodes: 63285
Step 1261568 | stage_step= 940032 | Episodes: 63665
Step 1271808 | stage_step= 950272 | Episodes: 64048
Eval @1271808 | stage_step= 950272 | sr=0.00% | reward=925.40 +/- 0.00 | pickups=2.00 deliveries=1.00 delivered_agents=1.00/2
Step 1280000 | stage_step= 958464 | Episodes: 64381
[MultiQuadEnv] Steps 460001-480000 | pickups=3047 | deliveries=1502 | total_pickups=65176 | total_deliveries=23141
Step 1290240 | stage_step= 968704 | Episodes: 64802
Eval @1298432 | stage_step= 976896 | sr=0.00% | reward=925.65 +/- 0.00 | pickups=2.00 deliveries=1.00 delivered_agents=1.00/2
Step 1300480 | stage_step= 978944 | Episodes: 65222
Step 1310720 | stage_step= 989184 | Episodes: 65663
Step 1320960 | stage_step= 999424 | Episodes: 66113
[MultiQuadEnv] Steps 480001-500000 | pickups=3407 | deliveries=1674 | total_pickups=68583 | total_deliveries=24815
Eval @1323008 | stage_step=1001472 | sr=0.00% | reward=925.85 +/- 0.00 | pickups=2.00 deliveries=1.00 delivered_agents=1.00/2
Full budget used for s4_wider_t_branch_fixed. Best stage success=0.00%.
No successful checkpoint found for s4_wider_t_branch_fixed; restored pre-stage model.
Final eval | success_rate=100.00% | mean_reward=3197.40 +/- 0.00 | pickups=2.00 deliveries=2.00 | delivered_agents=2.00/2 

### SWEEP 18/20: quad_physics_mappo_fixed_v12_sweep_delivery_seed11 ###

Using device: cpu
Initial Quad MAPPO: agents=2 obs=(36,) grid=(6, 5) starts=[(4, 2), (3, 2)] package=(2, 2) deliveries=[(1, 1), (1, 3)] lanes=6 rand_pkg=False rand_del=False dt=0.05 substeps=8 max_tilt=0.36

=== Stage 1/25: s1_short_t_fixed (fixed positions) ===
Stage: agents=2 obs=(36,) grid=(6, 5) starts=[(4, 2), (3, 2)] package=(2, 2) deliveries=[(1, 1), (1, 3)] lanes=6 rand_pkg=False rand_del=False dt=0.05 substeps=8 max_tilt=0.36
Step   10240 | stage_step=  10240 | Episodes:  1108
Step   20480 | stage_step=  20480 | Episodes:  2360
Eval @  20480 | stage_step=  20480 | sr=0.00% | reward=827.20 +/- 0.00 | pickups=1.00 deliveries=1.00 delivered_agents=1.00/2
Step   30720 | stage_step=  30720 | Episodes:  3551
[MultiQuadEnv] Steps 1-20000 | pickups=2864 | deliveries=594 | total_pickups=2864 | total_deliveries=594
Step   40960 | stage_step=  40960 | Episodes:  4641
Eval @  40960 | stage_step=  40960 | sr=0.00% | reward=877.20 +/- 0.00 | pickups=2.00 deliveries=1.00 delivered_agents=1.00/2
Step   51200 | stage_step=  51200 | Episodes:  5671
Step   61440 | stage_step=  61440 | Episodes:  6610
Eval @  61440 | stage_step=  61440 | sr=0.00% | reward=925.40 +/- 0.00 | pickups=2.00 deliveries=1.00 delivered_agents=1.00/2
Step   71680 | stage_step=  71680 | Episodes:  7480
[MultiQuadEnv] Steps 20001-40000 | pickups=4246 | deliveries=1708 | total_pickups=7110 | total_deliveries=2302
Step   81920 | stage_step=  81920 | Episodes:  8334
Eval @  81920 | stage_step=  81920 | sr=100.00% | reward=3197.60 +/- 0.00 | pickups=2.00 deliveries=2.00 delivered_agents=2.00/2
Early promotion from s1_short_t_fixed: 100.00% >= 90.00%
Restored best for s1_short_t_fixed: sr=100.00% | reward=3197.60

=== Stage 2/25: s2_wider_t_stem_fixed (fixed positions) ===
Stage: agents=2 obs=(36,) grid=(8, 9) starts=[(6, 4), (5, 4)] package=(3, 4) deliveries=[(2, 4), (1, 4)] lanes=12 rand_pkg=False rand_del=False dt=0.05 substeps=8 max_tilt=0.36
Step   90112 | stage_step=   8192 | Episodes:  9270
Step  100352 | stage_step=  18432 | Episodes: 10313
Eval @ 108544 | stage_step=  26624 | sr=0.00% | reward=127.60 +/- 0.00 | pickups=2.00 deliveries=0.00 delivered_agents=0.00/2
Step  110592 | stage_step=  28672 | Episodes: 11298
Step  120832 | stage_step=  38912 | Episodes: 12297
[MultiQuadEnv] Steps 1-20000 | pickups=3564 | deliveries=1287 | total_pickups=3564 | total_deliveries=1287
Step  131072 | stage_step=  49152 | Episodes: 13256
Eval @ 133120 | stage_step=  51200 | sr=0.00% | reward=777.40 +/- 0.00 | pickups=1.00 deliveries=1.00 delivered_agents=1.00/2
Step  141312 | stage_step=  59392 | Episodes: 14249
Step  151552 | stage_step=  69632 | Episodes: 15218
Eval @ 157696 | stage_step=  75776 | sr=100.00% | reward=3147.80 +/- 0.00 | pickups=2.00 deliveries=2.00 delivered_agents=2.00/2
Step  161792 | stage_step=  79872 | Episodes: 16199
[MultiQuadEnv] Steps 20001-40000 | pickups=4123 | deliveries=2163 | total_pickups=7687 | total_deliveries=3450
Step  172032 | stage_step=  90112 | Episodes: 17157
Step  180224 | stage_step=  98304 | Episodes: 17914
Eval @ 182272 | stage_step= 100352 | sr=100.00% | reward=3147.80 +/- 0.00 | pickups=2.00 deliveries=2.00 delivered_agents=2.00/2
Early promotion from s2_wider_t_stem_fixed: 100.00% >= 85.00%
Restored best for s2_wider_t_stem_fixed: sr=100.00% | reward=3147.80

=== Stage 3/25: s3_wider_t_near_branch_fixed (fixed positions) ===
Stage: agents=2 obs=(36,) grid=(8, 9) starts=[(6, 4), (5, 4)] package=(2, 4) deliveries=[(1, 3), (1, 5)] lanes=12 rand_pkg=False rand_del=False dt=0.05 substeps=8 max_tilt=0.36
Step  190464 | stage_step=   8192 | Episodes: 18870
Step  200704 | stage_step=  18432 | Episodes: 19825
Eval @ 208896 | stage_step=  26624 | sr=0.00% | reward=827.40 +/- 0.00 | pickups=1.00 deliveries=1.00 delivered_agents=1.00/2
Step  210944 | stage_step=  28672 | Episodes: 20723
Step  221184 | stage_step=  38912 | Episodes: 21597
[MultiQuadEnv] Steps 1-20000 | pickups=2382 | deliveries=819 | total_pickups=2382 | total_deliveries=819
Step  231424 | stage_step=  49152 | Episodes: 22442
Eval @ 233472 | stage_step=  51200 | sr=0.00% | reward=927.20 +/- 0.00 | pickups=2.00 deliveries=1.00 delivered_agents=1.00/2
Step  241664 | stage_step=  59392 | Episodes: 23278
Step  251904 | stage_step=  69632 | Episodes: 24092
Eval @ 258048 | stage_step=  75776 | sr=0.00% | reward=-22.00 +/- 0.00 | pickups=0.00 deliveries=0.00 delivered_agents=0.00/2
Step  260096 | stage_step=  77824 | Episodes: 24772
[MultiQuadEnv] Steps 20001-40000 | pickups=2464 | deliveries=1091 | total_pickups=4846 | total_deliveries=1910
Step  270336 | stage_step=  88064 | Episodes: 25619
Step  280576 | stage_step=  98304 | Episodes: 26434
Eval @ 282624 | stage_step= 100352 | sr=0.00% | reward=-22.40 +/- 0.00 | pickups=0.00 deliveries=0.00 delivered_agents=0.00/2
Step  290816 | stage_step= 108544 | Episodes: 27262
Step  301056 | stage_step= 118784 | Episodes: 28067
[MultiQuadEnv] Steps 40001-60000 | pickups=2746 | deliveries=1192 | total_pickups=7592 | total_deliveries=3102
Eval @ 309248 | stage_step= 126976 | sr=100.00% | reward=3197.40 +/- 0.00 | pickups=2.00 deliveries=2.00 delivered_agents=2.00/2
Early promotion from s3_wider_t_near_branch_fixed: 100.00% >= 75.00%
Restored best for s3_wider_t_near_branch_fixed: sr=100.00% | reward=3197.40

=== Stage 4/25: s4_wider_t_branch_fixed (fixed positions) ===
Stage: agents=2 obs=(36,) grid=(8, 9) starts=[(6, 4), (5, 4)] package=(3, 4) deliveries=[(1, 1), (1, 7)] lanes=12 rand_pkg=False rand_del=False dt=0.05 substeps=8 max_tilt=0.36
Step  311296 | stage_step=   2048 | Episodes: 28929
Step  321536 | stage_step=  12288 | Episodes: 29869
Step  331776 | stage_step=  22528 | Episodes: 30743
Eval @ 335872 | stage_step=  26624 | sr=0.00% | reward=37.60 +/- 0.00 | pickups=1.00 deliveries=0.00 delivered_agents=0.00/2
Step  342016 | stage_step=  32768 | Episodes: 31588
[MultiQuadEnv] Steps 1-20000 | pickups=4211 | deliveries=118 | total_pickups=4211 | total_deliveries=118
Step  350208 | stage_step=  40960 | Episodes: 32230
Step  360448 | stage_step=  51200 | Episodes: 33038
Eval @ 360448 | stage_step=  51200 | sr=0.00% | reward=37.60 +/- 0.00 | pickups=1.00 deliveries=0.00 delivered_agents=0.00/2
Step  370688 | stage_step=  61440 | Episodes: 33802
Step  380928 | stage_step=  71680 | Episodes: 34537
Eval @ 385024 | stage_step=  75776 | sr=0.00% | reward=176.95 +/- 0.00 | pickups=2.00 deliveries=0.00 delivered_agents=0.00/2
[MultiQuadEnv] Steps 20001-40000 | pickups=4167 | deliveries=320 | total_pickups=8378 | total_deliveries=438
Step  391168 | stage_step=  81920 | Episodes: 35256
Step  401408 | stage_step=  92160 | Episodes: 35941
Eval @ 409600 | stage_step= 100352 | sr=0.00% | reward=923.15 +/- 0.00 | pickups=2.00 deliveries=1.00 delivered_agents=1.00/2
Step  411648 | stage_step= 102400 | Episodes: 36595
Step  421888 | stage_step= 112640 | Episodes: 37150
[MultiQuadEnv] Steps 40001-60000 | pickups=3762 | deliveries=498 | total_pickups=12140 | total_deliveries=936
Step  430080 | stage_step= 120832 | Episodes: 37583
Eval @ 436224 | stage_step= 126976 | sr=0.00% | reward=174.70 +/- 0.00 | pickups=2.00 deliveries=1.00 delivered_agents=1.00/2
Step  440320 | stage_step= 131072 | Episodes: 37992
Step  450560 | stage_step= 141312 | Episodes: 38401
Step  460800 | stage_step= 151552 | Episodes: 38786
Eval @ 460800 | stage_step= 151552 | sr=0.00% | reward=174.70 +/- 0.00 | pickups=2.00 deliveries=1.00 delivered_agents=1.00/2
[MultiQuadEnv] Steps 60001-80000 | pickups=2593 | deliveries=589 | total_pickups=14733 | total_deliveries=1525
Step  471040 | stage_step= 161792 | Episodes: 39115
Step  481280 | stage_step= 172032 | Episodes: 39378
Eval @ 485376 | stage_step= 176128 | sr=0.00% | reward=173.35 +/- 0.00 | pickups=2.00 deliveries=1.00 delivered_agents=1.00/2
Step  491520 | stage_step= 182272 | Episodes: 39653
Step  501760 | stage_step= 192512 | Episodes: 39902
[MultiQuadEnv] Steps 80001-100000 | pickups=1819 | deliveries=546 | total_pickups=16552 | total_deliveries=2071
Eval @ 509952 | stage_step= 200704 | sr=0.00% | reward=173.35 +/- 0.00 | pickups=2.00 deliveries=1.00 delivered_agents=1.00/2
Step  512000 | stage_step= 202752 | Episodes: 40128
Step  520192 | stage_step= 210944 | Episodes: 40319
Step  530432 | stage_step= 221184 | Episodes: 40561
Eval @ 534528 | stage_step= 225280 | sr=0.00% | reward=173.35 +/- 0.00 | pickups=2.00 deliveries=1.00 delivered_agents=1.00/2
Step  540672 | stage_step= 231424 | Episodes: 40781
[MultiQuadEnv] Steps 100001-120000 | pickups=1714 | deliveries=584 | total_pickups=18266 | total_deliveries=2655
Step  550912 | stage_step= 241664 | Episodes: 41007
Step  561152 | stage_step= 251904 | Episodes: 41253
Eval @ 561152 | stage_step= 251904 | sr=0.00% | reward=173.35 +/- 0.00 | pickups=2.00 deliveries=1.00 delivered_agents=1.00/2
Step  571392 | stage_step= 262144 | Episodes: 41485
Step  581632 | stage_step= 272384 | Episodes: 41727
Eval @ 585728 | stage_step= 276480 | sr=0.00% | reward=173.35 +/- 0.00 | pickups=2.00 deliveries=1.00 delivered_agents=1.00/2
[MultiQuadEnv] Steps 120001-140000 | pickups=1670 | deliveries=602 | total_pickups=19936 | total_deliveries=3257
Step  591872 | stage_step= 282624 | Episodes: 41954
Step  600064 | stage_step= 290816 | Episodes: 42118
Step  610304 | stage_step= 301056 | Episodes: 42335
Eval @ 610304 | stage_step= 301056 | sr=0.00% | reward=173.35 +/- 0.00 | pickups=2.00 deliveries=1.00 delivered_agents=1.00/2
Step  620544 | stage_step= 311296 | Episodes: 42616
[MultiQuadEnv] Steps 140001-160000 | pickups=1781 | deliveries=683 | total_pickups=21717 | total_deliveries=3940
Step  630784 | stage_step= 321536 | Episodes: 42848
Eval @ 634880 | stage_step= 325632 | sr=0.00% | reward=187.90 +/- 0.00 | pickups=2.00 deliveries=1.00 delivered_agents=1.00/2
Step  641024 | stage_step= 331776 | Episodes: 43137
Step  651264 | stage_step= 342016 | Episodes: 43427
Eval @ 659456 | stage_step= 350208 | sr=0.00% | reward=180.70 +/- 0.00 | pickups=2.00 deliveries=1.00 delivered_agents=1.00/2
Step  661504 | stage_step= 352256 | Episodes: 43741
[MultiQuadEnv] Steps 160001-180000 | pickups=2186 | deliveries=845 | total_pickups=23903 | total_deliveries=4785
Step  671744 | stage_step= 362496 | Episodes: 44068
Step  681984 | stage_step= 372736 | Episodes: 44384
Eval @ 686080 | stage_step= 376832 | sr=0.00% | reward=185.45 +/- 0.00 | pickups=2.00 deliveries=1.00 delivered_agents=1.00/2
Step  690176 | stage_step= 380928 | Episodes: 44621
Step  700416 | stage_step= 391168 | Episodes: 44925
[MultiQuadEnv] Steps 180001-200000 | pickups=2253 | deliveries=941 | total_pickups=26156 | total_deliveries=5726
Step  710656 | stage_step= 401408 | Episodes: 45229
Eval @ 710656 | stage_step= 401408 | sr=0.00% | reward=921.05 +/- 0.00 | pickups=2.00 deliveries=1.00 delivered_agents=1.00/2
Step  720896 | stage_step= 411648 | Episodes: 45557
Step  731136 | stage_step= 421888 | Episodes: 45889
Eval @ 735232 | stage_step= 425984 | sr=0.00% | reward=194.75 +/- 0.00 | pickups=2.00 deliveries=1.00 delivered_agents=1.00/2
Step  741376 | stage_step= 432128 | Episodes: 46159
[MultiQuadEnv] Steps 200001-220000 | pickups=2279 | deliveries=955 | total_pickups=28435 | total_deliveries=6681
Step  751616 | stage_step= 442368 | Episodes: 46443
Eval @ 759808 | stage_step= 450560 | sr=0.00% | reward=921.20 +/- 0.00 | pickups=2.00 deliveries=1.00 delivered_agents=1.00/2
Step  761856 | stage_step= 452608 | Episodes: 46731
Step  770048 | stage_step= 460800 | Episodes: 46986
Step  780288 | stage_step= 471040 | Episodes: 47282
Eval @ 784384 | stage_step= 475136 | sr=0.00% | reward=197.00 +/- 0.00 | pickups=2.00 deliveries=1.00 delivered_agents=1.00/2
[MultiQuadEnv] Steps 220001-240000 | pickups=2208 | deliveries=955 | total_pickups=30643 | total_deliveries=7636
Step  790528 | stage_step= 481280 | Episodes: 47559
Step  800768 | stage_step= 491520 | Episodes: 47844
Step  811008 | stage_step= 501760 | Episodes: 48146
Eval @ 811008 | stage_step= 501760 | sr=0.00% | reward=917.30 +/- 0.00 | pickups=2.00 deliveries=1.00 delivered_agents=1.00/2
Step  821248 | stage_step= 512000 | Episodes: 48435
[MultiQuadEnv] Steps 240001-260000 | pickups=2229 | deliveries=963 | total_pickups=32872 | total_deliveries=8599
Step  831488 | stage_step= 522240 | Episodes: 48765
Eval @ 835584 | stage_step= 526336 | sr=0.00% | reward=192.25 +/- 0.00 | pickups=2.00 deliveries=1.00 delivered_agents=1.00/2
Step  841728 | stage_step= 532480 | Episodes: 49096
Step  851968 | stage_step= 542720 | Episodes: 49477
Step  860160 | stage_step= 550912 | Episodes: 49782
Eval @ 860160 | stage_step= 550912 | sr=0.00% | reward=925.40 +/- 0.00 | pickups=2.00 deliveries=1.00 delivered_agents=1.00/2
[MultiQuadEnv] Steps 260001-280000 | pickups=2753 | deliveries=1216 | total_pickups=35625 | total_deliveries=9815
Step  870400 | stage_step= 561152 | Episodes: 50149
Step  880640 | stage_step= 571392 | Episodes: 50523
Eval @ 884736 | stage_step= 575488 | sr=0.00% | reward=923.50 +/- 0.00 | pickups=2.00 deliveries=1.00 delivered_agents=1.00/2
Step  890880 | stage_step= 581632 | Episodes: 50896
Step  901120 | stage_step= 591872 | Episodes: 51302
[MultiQuadEnv] Steps 280001-300000 | pickups=2954 | deliveries=1308 | total_pickups=38579 | total_deliveries=11123
Eval @ 909312 | stage_step= 600064 | sr=0.00% | reward=925.70 +/- 0.00 | pickups=2.00 deliveries=1.00 delivered_agents=1.00/2
Step  911360 | stage_step= 602112 | Episodes: 51696
Step  921600 | stage_step= 612352 | Episodes: 52097
Step  931840 | stage_step= 622592 | Episodes: 52484
Eval @ 935936 | stage_step= 626688 | sr=0.00% | reward=925.40 +/- 0.00 | pickups=2.00 deliveries=1.00 delivered_agents=1.00/2
Step  940032 | stage_step= 630784 | Episodes: 52790
[MultiQuadEnv] Steps 300001-320000 | pickups=3015 | deliveries=1379 | total_pickups=41594 | total_deliveries=12502
Step  950272 | stage_step= 641024 | Episodes: 53175
Step  960512 | stage_step= 651264 | Episodes: 53538
Eval @ 960512 | stage_step= 651264 | sr=0.00% | reward=925.40 +/- 0.00 | pickups=2.00 deliveries=1.00 delivered_agents=1.00/2
Step  970752 | stage_step= 661504 | Episodes: 53863
Step  980992 | stage_step= 671744 | Episodes: 54183
Eval @ 985088 | stage_step= 675840 | sr=0.00% | reward=925.70 +/- 0.00 | pickups=2.00 deliveries=1.00 delivered_agents=1.00/2
[MultiQuadEnv] Steps 320001-340000 | pickups=2638 | deliveries=1230 | total_pickups=44232 | total_deliveries=13732
Step  991232 | stage_step= 681984 | Episodes: 54538
Step 1001472 | stage_step= 692224 | Episodes: 54899
Eval @1009664 | stage_step= 700416 | sr=0.00% | reward=925.70 +/- 0.00 | pickups=2.00 deliveries=1.00 delivered_agents=1.00/2
Step 1011712 | stage_step= 702464 | Episodes: 55295
Step 1021952 | stage_step= 712704 | Episodes: 55699
[MultiQuadEnv] Steps 340001-360000 | pickups=3022 | deliveries=1435 | total_pickups=47254 | total_deliveries=15167
Step 1030144 | stage_step= 720896 | Episodes: 56017
Eval @1036288 | stage_step= 727040 | sr=0.00% | reward=925.70 +/- 0.00 | pickups=2.00 deliveries=1.00 delivered_agents=1.00/2
Step 1040384 | stage_step= 731136 | Episodes: 56429
Step 1050624 | stage_step= 741376 | Episodes: 56858
Step 1060864 | stage_step= 751616 | Episodes: 57278
Eval @1060864 | stage_step= 751616 | sr=0.00% | reward=925.70 +/- 0.00 | pickups=2.00 deliveries=1.00 delivered_agents=1.00/2
[MultiQuadEnv] Steps 360001-380000 | pickups=3295 | deliveries=1534 | total_pickups=50549 | total_deliveries=16701
Step 1071104 | stage_step= 761856 | Episodes: 57710
Step 1081344 | stage_step= 772096 | Episodes: 58143
Eval @1085440 | stage_step= 776192 | sr=0.00% | reward=925.70 +/- 0.00 | pickups=2.00 deliveries=1.00 delivered_agents=1.00/2
Step 1091584 | stage_step= 782336 | Episodes: 58578
Step 1101824 | stage_step= 792576 | Episodes: 58998
[MultiQuadEnv] Steps 380001-400000 | pickups=3326 | deliveries=1588 | total_pickups=53875 | total_deliveries=18289
Step 1110016 | stage_step= 800768 | Episodes: 59335
Eval @1110016 | stage_step= 800768 | sr=0.00% | reward=925.40 +/- 0.00 | pickups=2.00 deliveries=1.00 delivered_agents=1.00/2
Step 1120256 | stage_step= 811008 | Episodes: 59758
Step 1130496 | stage_step= 821248 | Episodes: 60195
Eval @1134592 | stage_step= 825344 | sr=0.00% | reward=925.40 +/- 0.00 | pickups=2.00 deliveries=1.00 delivered_agents=1.00/2
Step 1140736 | stage_step= 831488 | Episodes: 60618
[MultiQuadEnv] Steps 400001-420000 | pickups=3261 | deliveries=1562 | total_pickups=57136 | total_deliveries=19851
Step 1150976 | stage_step= 841728 | Episodes: 61000
Step 1161216 | stage_step= 851968 | Episodes: 61384
Eval @1161216 | stage_step= 851968 | sr=0.00% | reward=925.70 +/- 0.00 | pickups=2.00 deliveries=1.00 delivered_agents=1.00/2
Step 1171456 | stage_step= 862208 | Episodes: 61764
Step 1181696 | stage_step= 872448 | Episodes: 62104
Eval @1185792 | stage_step= 876544 | sr=0.00% | reward=925.70 +/- 0.00 | pickups=2.00 deliveries=1.00 delivered_agents=1.00/2
[MultiQuadEnv] Steps 420001-440000 | pickups=2858 | deliveries=1346 | total_pickups=59994 | total_deliveries=21197
Step 1191936 | stage_step= 882688 | Episodes: 62471
Step 1200128 | stage_step= 890880 | Episodes: 62773
Step 1210368 | stage_step= 901120 | Episodes: 63159
Eval @1210368 | stage_step= 901120 | sr=0.00% | reward=925.30 +/- 0.00 | pickups=2.00 deliveries=1.00 delivered_agents=1.00/2
Step 1220608 | stage_step= 911360 | Episodes: 63537
[MultiQuadEnv] Steps 440001-460000 | pickups=3011 | deliveries=1426 | total_pickups=63005 | total_deliveries=22623
Step 1230848 | stage_step= 921600 | Episodes: 63951
Eval @1234944 | stage_step= 925696 | sr=0.00% | reward=925.40 +/- 0.00 | pickups=2.00 deliveries=1.00 delivered_agents=1.00/2
Step 1241088 | stage_step= 931840 | Episodes: 64357
Step 1251328 | stage_step= 942080 | Episodes: 64782
Eval @1259520 | stage_step= 950272 | sr=0.00% | reward=923.90 +/- 0.00 | pickups=2.00 deliveries=1.00 delivered_agents=1.00/2
Step 1261568 | stage_step= 952320 | Episodes: 65183
[MultiQuadEnv] Steps 460001-480000 | pickups=3216 | deliveries=1521 | total_pickups=66221 | total_deliveries=24144
Step 1271808 | stage_step= 962560 | Episodes: 65597
Step 1280000 | stage_step= 970752 | Episodes: 65923
Eval @1286144 | stage_step= 976896 | sr=0.00% | reward=925.40 +/- 0.00 | pickups=2.00 deliveries=1.00 delivered_agents=1.00/2
Step 1290240 | stage_step= 980992 | Episodes: 66329
Step 1300480 | stage_step= 991232 | Episodes: 66724
[MultiQuadEnv] Steps 480001-500000 | pickups=3187 | deliveries=1537 | total_pickups=69408 | total_deliveries=25681
Step 1310720 | stage_step=1001472 | Episodes: 67144
Eval @1310720 | stage_step=1001472 | sr=0.00% | reward=925.40 +/- 0.00 | pickups=2.00 deliveries=1.00 delivered_agents=1.00/2
Full budget used for s4_wider_t_branch_fixed. Best stage success=0.00%.
No successful checkpoint found for s4_wider_t_branch_fixed; restored pre-stage model.
Final eval | success_rate=100.00% | mean_reward=3197.40 +/- 0.00 | pickups=2.00 deliveries=2.00 | delivered_agents=2.00/2 

### SWEEP 19/20: quad_physics_mappo_fixed_v12_sweep_delivery_seed23 ###

Using device: cpu
Initial Quad MAPPO: agents=2 obs=(36,) grid=(6, 5) starts=[(4, 2), (3, 2)] package=(2, 2) deliveries=[(1, 1), (1, 3)] lanes=6 rand_pkg=False rand_del=False dt=0.05 substeps=8 max_tilt=0.36

=== Stage 1/25: s1_short_t_fixed (fixed positions) ===
Stage: agents=2 obs=(36,) grid=(6, 5) starts=[(4, 2), (3, 2)] package=(2, 2) deliveries=[(1, 1), (1, 3)] lanes=6 rand_pkg=False rand_del=False dt=0.05 substeps=8 max_tilt=0.36
Step   10240 | stage_step=  10240 | Episodes:  1119
Step   20480 | stage_step=  20480 | Episodes:  2429
Eval @  20480 | stage_step=  20480 | sr=0.00% | reward=927.00 +/- 0.00 | pickups=2.00 deliveries=1.00 delivered_agents=1.00/2
Step   30720 | stage_step=  30720 | Episodes:  3715
[MultiQuadEnv] Steps 1-20000 | pickups=2975 | deliveries=460 | total_pickups=2975 | total_deliveries=460
Step   40960 | stage_step=  40960 | Episodes:  4985
Eval @  40960 | stage_step=  40960 | sr=0.00% | reward=928.00 +/- 0.00 | pickups=2.00 deliveries=1.00 delivered_agents=1.00/2
Step   51200 | stage_step=  51200 | Episodes:  6291
Step   61440 | stage_step=  61440 | Episodes:  7547
Eval @  61440 | stage_step=  61440 | sr=0.00% | reward=178.40 +/- 0.00 | pickups=2.00 deliveries=0.00 delivered_agents=0.00/2
Step   71680 | stage_step=  71680 | Episodes:  8836
[MultiQuadEnv] Steps 20001-40000 | pickups=5118 | deliveries=1494 | total_pickups=8093 | total_deliveries=1954
Step   81920 | stage_step=  81920 | Episodes: 10119
Eval @  81920 | stage_step=  81920 | sr=0.00% | reward=928.40 +/- 0.00 | pickups=2.00 deliveries=1.00 delivered_agents=1.00/2
Step   90112 | stage_step=  90112 | Episodes: 11165
Step  100352 | stage_step= 100352 | Episodes: 12454
Eval @ 100352 | stage_step= 100352 | sr=0.00% | reward=828.40 +/- 0.00 | pickups=1.00 deliveries=1.00 delivered_agents=1.00/2
Step  110592 | stage_step= 110592 | Episodes: 13730
[MultiQuadEnv] Steps 40001-60000 | pickups=5586 | deliveries=2240 | total_pickups=13679 | total_deliveries=4194
Step  120832 | stage_step= 120832 | Episodes: 15053
Eval @ 120832 | stage_step= 120832 | sr=0.00% | reward=928.40 +/- 0.00 | pickups=2.00 deliveries=1.00 delivered_agents=1.00/2
Step  131072 | stage_step= 131072 | Episodes: 16351
Step  141312 | stage_step= 141312 | Episodes: 17691
Eval @ 141312 | stage_step= 141312 | sr=100.00% | reward=3198.60 +/- 0.00 | pickups=2.00 deliveries=2.00 delivered_agents=2.00/2
Early promotion from s1_short_t_fixed: 100.00% >= 90.00%
Restored best for s1_short_t_fixed: sr=100.00% | reward=3198.60

=== Stage 2/25: s2_wider_t_stem_fixed (fixed positions) ===
Stage: agents=2 obs=(36,) grid=(8, 9) starts=[(6, 4), (5, 4)] package=(3, 4) deliveries=[(2, 4), (1, 4)] lanes=12 rand_pkg=False rand_del=False dt=0.05 substeps=8 max_tilt=0.36
Step  151552 | stage_step=  10240 | Episodes: 18975
Step  161792 | stage_step=  20480 | Episodes: 20042
Eval @ 167936 | stage_step=  26624 | sr=0.00% | reward=78.00 +/- 0.00 | pickups=2.00 deliveries=0.00 delivered_agents=0.00/2
Step  172032 | stage_step=  30720 | Episodes: 21054
Step  180224 | stage_step=  38912 | Episodes: 21839
[MultiQuadEnv] Steps 1-20000 | pickups=4105 | deliveries=1141 | total_pickups=4105 | total_deliveries=1141
Step  190464 | stage_step=  49152 | Episodes: 22783
Eval @ 192512 | stage_step=  51200 | sr=100.00% | reward=3148.00 +/- 0.00 | pickups=2.00 deliveries=2.00 delivered_agents=2.00/2
Step  200704 | stage_step=  59392 | Episodes: 23685
Step  210944 | stage_step=  69632 | Episodes: 24529
Eval @ 217088 | stage_step=  75776 | sr=100.00% | reward=3148.00 +/- 0.00 | pickups=2.00 deliveries=2.00 delivered_agents=2.00/2
Step  221184 | stage_step=  79872 | Episodes: 25371
[MultiQuadEnv] Steps 20001-40000 | pickups=4349 | deliveries=2320 | total_pickups=8454 | total_deliveries=3461
Step  231424 | stage_step=  90112 | Episodes: 26188
Step  241664 | stage_step= 100352 | Episodes: 27005
Eval @ 241664 | stage_step= 100352 | sr=100.00% | reward=3148.00 +/- 0.00 | pickups=2.00 deliveries=2.00 delivered_agents=2.00/2
Early promotion from s2_wider_t_stem_fixed: 100.00% >= 85.00%
Restored best for s2_wider_t_stem_fixed: sr=100.00% | reward=3148.00

=== Stage 3/25: s3_wider_t_near_branch_fixed (fixed positions) ===
Stage: agents=2 obs=(36,) grid=(8, 9) starts=[(6, 4), (5, 4)] package=(2, 4) deliveries=[(1, 3), (1, 5)] lanes=12 rand_pkg=False rand_del=False dt=0.05 substeps=8 max_tilt=0.36
Step  251904 | stage_step=  10240 | Episodes: 27879
Step  260096 | stage_step=  18432 | Episodes: 28562
Eval @ 268288 | stage_step=  26624 | sr=0.00% | reward=157.60 +/- 0.00 | pickups=2.00 deliveries=0.00 delivered_agents=0.00/2
Step  270336 | stage_step=  28672 | Episodes: 29399
Step  280576 | stage_step=  38912 | Episodes: 30208
[MultiQuadEnv] Steps 1-20000 | pickups=3431 | deliveries=466 | total_pickups=3431 | total_deliveries=466
Step  290816 | stage_step=  49152 | Episodes: 30993
Eval @ 292864 | stage_step=  51200 | sr=0.00% | reward=827.80 +/- 0.00 | pickups=1.00 deliveries=1.00 delivered_agents=1.00/2
Step  301056 | stage_step=  59392 | Episodes: 31775
Step  311296 | stage_step=  69632 | Episodes: 32534
Eval @ 317440 | stage_step=  75776 | sr=0.00% | reward=827.80 +/- 0.00 | pickups=1.00 deliveries=1.00 delivered_agents=1.00/2
Step  321536 | stage_step=  79872 | Episodes: 33259
[MultiQuadEnv] Steps 20001-40000 | pickups=3493 | deliveries=761 | total_pickups=6924 | total_deliveries=1227
Step  331776 | stage_step=  90112 | Episodes: 33996
Step  342016 | stage_step= 100352 | Episodes: 34741
Eval @ 342016 | stage_step= 100352 | sr=0.00% | reward=827.80 +/- 0.00 | pickups=1.00 deliveries=1.00 delivered_agents=1.00/2
Step  350208 | stage_step= 108544 | Episodes: 35339
Step  360448 | stage_step= 118784 | Episodes: 36073
[MultiQuadEnv] Steps 40001-60000 | pickups=3533 | deliveries=992 | total_pickups=10457 | total_deliveries=2219
Eval @ 368640 | stage_step= 126976 | sr=0.00% | reward=827.80 +/- 0.00 | pickups=1.00 deliveries=1.00 delivered_agents=1.00/2
Step  370688 | stage_step= 129024 | Episodes: 36827
Step  380928 | stage_step= 139264 | Episodes: 37583
Step  391168 | stage_step= 149504 | Episodes: 38325
Eval @ 393216 | stage_step= 151552 | sr=0.00% | reward=827.80 +/- 0.00 | pickups=1.00 deliveries=1.00 delivered_agents=1.00/2
Step  401408 | stage_step= 159744 | Episodes: 39053
[MultiQuadEnv] Steps 60001-80000 | pickups=3721 | deliveries=1119 | total_pickups=14178 | total_deliveries=3338
Step  411648 | stage_step= 169984 | Episodes: 39797
Eval @ 417792 | stage_step= 176128 | sr=0.00% | reward=827.80 +/- 0.00 | pickups=1.00 deliveries=1.00 delivered_agents=1.00/2
Step  421888 | stage_step= 180224 | Episodes: 40558
Step  430080 | stage_step= 188416 | Episodes: 41154
Step  440320 | stage_step= 198656 | Episodes: 41917
[MultiQuadEnv] Steps 80001-100000 | pickups=3875 | deliveries=1424 | total_pickups=18053 | total_deliveries=4762
Eval @ 442368 | stage_step= 200704 | sr=0.00% | reward=827.80 +/- 0.00 | pickups=1.00 deliveries=1.00 delivered_agents=1.00/2
Step  450560 | stage_step= 208896 | Episodes: 42655
Step  460800 | stage_step= 219136 | Episodes: 43409
Eval @ 466944 | stage_step= 225280 | sr=0.00% | reward=827.80 +/- 0.00 | pickups=1.00 deliveries=1.00 delivered_agents=1.00/2
Step  471040 | stage_step= 229376 | Episodes: 44172
Step  481280 | stage_step= 239616 | Episodes: 44914
[MultiQuadEnv] Steps 100001-120000 | pickups=3914 | deliveries=1596 | total_pickups=21967 | total_deliveries=6358
Step  491520 | stage_step= 249856 | Episodes: 45664
Eval @ 493568 | stage_step= 251904 | sr=0.00% | reward=827.80 +/- 0.00 | pickups=1.00 deliveries=1.00 delivered_agents=1.00/2
Step  501760 | stage_step= 260096 | Episodes: 46400
Step  512000 | stage_step= 270336 | Episodes: 47161
Eval @ 518144 | stage_step= 276480 | sr=0.00% | reward=827.80 +/- 0.00 | pickups=1.00 deliveries=1.00 delivered_agents=1.00/2
Step  520192 | stage_step= 278528 | Episodes: 47776
[MultiQuadEnv] Steps 120001-140000 | pickups=3981 | deliveries=1940 | total_pickups=25948 | total_deliveries=8298
Step  530432 | stage_step= 288768 | Episodes: 48527
Step  540672 | stage_step= 299008 | Episodes: 49281
Eval @ 542720 | stage_step= 301056 | sr=0.00% | reward=827.80 +/- 0.00 | pickups=1.00 deliveries=1.00 delivered_agents=1.00/2
Step  550912 | stage_step= 309248 | Episodes: 50036
Step  561152 | stage_step= 319488 | Episodes: 50792
[MultiQuadEnv] Steps 140001-160000 | pickups=3876 | deliveries=2083 | total_pickups=29824 | total_deliveries=10381
Eval @ 567296 | stage_step= 325632 | sr=0.00% | reward=827.80 +/- 0.00 | pickups=1.00 deliveries=1.00 delivered_agents=1.00/2
Step  571392 | stage_step= 329728 | Episodes: 51544
Step  581632 | stage_step= 339968 | Episodes: 52283
Step  591872 | stage_step= 350208 | Episodes: 53028
Eval @ 591872 | stage_step= 350208 | sr=0.00% | reward=827.80 +/- 0.00 | pickups=1.00 deliveries=1.00 delivered_agents=1.00/2
Step  600064 | stage_step= 358400 | Episodes: 53613
[MultiQuadEnv] Steps 160001-180000 | pickups=3916 | deliveries=2257 | total_pickups=33740 | total_deliveries=12638
Step  610304 | stage_step= 368640 | Episodes: 54325
Eval @ 618496 | stage_step= 376832 | sr=0.00% | reward=827.80 +/- 0.00 | pickups=1.00 deliveries=1.00 delivered_agents=1.00/2
Step  620544 | stage_step= 378880 | Episodes: 55031
Step  630784 | stage_step= 389120 | Episodes: 55746
Step  641024 | stage_step= 399360 | Episodes: 56444
[MultiQuadEnv] Steps 180001-200000 | pickups=3830 | deliveries=2304 | total_pickups=37570 | total_deliveries=14942
Eval @ 643072 | stage_step= 401408 | sr=0.00% | reward=827.80 +/- 0.00 | pickups=1.00 deliveries=1.00 delivered_agents=1.00/2
Step  651264 | stage_step= 409600 | Episodes: 57127
Step  661504 | stage_step= 419840 | Episodes: 57792
Eval @ 667648 | stage_step= 425984 | sr=0.00% | reward=827.80 +/- 0.00 | pickups=1.00 deliveries=1.00 delivered_agents=1.00/2
Step  671744 | stage_step= 430080 | Episodes: 58461
[MultiQuadEnv] Steps 200001-220000 | pickups=3901 | deliveries=2239 | total_pickups=41471 | total_deliveries=17181
Step  681984 | stage_step= 440320 | Episodes: 59106
Step  690176 | stage_step= 448512 | Episodes: 59617
Eval @ 692224 | stage_step= 450560 | sr=100.00% | reward=3180.80 +/- 0.00 | pickups=2.00 deliveries=2.00 delivered_agents=2.00/2
Early promotion from s3_wider_t_near_branch_fixed: 100.00% >= 75.00%
Restored best for s3_wider_t_near_branch_fixed: sr=100.00% | reward=3180.80

=== Stage 4/25: s4_wider_t_branch_fixed (fixed positions) ===
Stage: agents=2 obs=(36,) grid=(8, 9) starts=[(6, 4), (5, 4)] package=(3, 4) deliveries=[(1, 1), (1, 7)] lanes=12 rand_pkg=False rand_del=False dt=0.05 substeps=8 max_tilt=0.36
Step  700416 | stage_step=   8192 | Episodes: 60471
Step  710656 | stage_step=  18432 | Episodes: 61341
Eval @ 718848 | stage_step=  26624 | sr=0.00% | reward=157.40 +/- 0.00 | pickups=2.00 deliveries=0.00 delivered_agents=0.00/2
Step  720896 | stage_step=  28672 | Episodes: 62201
Step  731136 | stage_step=  38912 | Episodes: 63069
[MultiQuadEnv] Steps 1-20000 | pickups=5595 | deliveries=0 | total_pickups=5595 | total_deliveries=0
Step  741376 | stage_step=  49152 | Episodes: 63954
Eval @ 743424 | stage_step=  51200 | sr=0.00% | reward=177.85 +/- 0.00 | pickups=2.00 deliveries=0.00 delivered_agents=0.00/2
Step  751616 | stage_step=  59392 | Episodes: 64838
Step  761856 | stage_step=  69632 | Episodes: 65726
Eval @ 768000 | stage_step=  75776 | sr=0.00% | reward=177.85 +/- 0.00 | pickups=2.00 deliveries=0.00 delivered_agents=0.00/2
Step  770048 | stage_step=  77824 | Episodes: 66456
[MultiQuadEnv] Steps 20001-40000 | pickups=6536 | deliveries=0 | total_pickups=12131 | total_deliveries=0
Step  780288 | stage_step=  88064 | Episodes: 67381
Step  790528 | stage_step=  98304 | Episodes: 68310
Eval @ 792576 | stage_step= 100352 | sr=0.00% | reward=177.85 +/- 0.00 | pickups=2.00 deliveries=0.00 delivered_agents=0.00/2
Step  800768 | stage_step= 108544 | Episodes: 69257
Step  811008 | stage_step= 118784 | Episodes: 70218
[MultiQuadEnv] Steps 40001-60000 | pickups=7136 | deliveries=0 | total_pickups=19267 | total_deliveries=0
Eval @ 819200 | stage_step= 126976 | sr=0.00% | reward=177.85 +/- 0.00 | pickups=2.00 deliveries=0.00 delivered_agents=0.00/2
Step  821248 | stage_step= 129024 | Episodes: 71181
Step  831488 | stage_step= 139264 | Episodes: 72159
Step  841728 | stage_step= 149504 | Episodes: 73161
Eval @ 843776 | stage_step= 151552 | sr=0.00% | reward=177.85 +/- 0.00 | pickups=2.00 deliveries=0.00 delivered_agents=0.00/2
Step  851968 | stage_step= 159744 | Episodes: 74141
[MultiQuadEnv] Steps 60001-80000 | pickups=7533 | deliveries=0 | total_pickups=26800 | total_deliveries=0
Step  860160 | stage_step= 167936 | Episodes: 74924
Eval @ 868352 | stage_step= 176128 | sr=0.00% | reward=177.85 +/- 0.00 | pickups=2.00 deliveries=0.00 delivered_agents=0.00/2
Step  870400 | stage_step= 178176 | Episodes: 75922
Step  880640 | stage_step= 188416 | Episodes: 76928
Step  890880 | stage_step= 198656 | Episodes: 77930
[MultiQuadEnv] Steps 80001-100000 | pickups=7771 | deliveries=0 | total_pickups=34571 | total_deliveries=0
Eval @ 892928 | stage_step= 200704 | sr=0.00% | reward=177.85 +/- 0.00 | pickups=2.00 deliveries=0.00 delivered_agents=0.00/2
Step  901120 | stage_step= 208896 | Episodes: 78941
Step  911360 | stage_step= 219136 | Episodes: 79956
Eval @ 917504 | stage_step= 225280 | sr=0.00% | reward=177.85 +/- 0.00 | pickups=2.00 deliveries=0.00 delivered_agents=0.00/2
Step  921600 | stage_step= 229376 | Episodes: 80972
Step  931840 | stage_step= 239616 | Episodes: 81990
[MultiQuadEnv] Steps 100001-120000 | pickups=7908 | deliveries=0 | total_pickups=42479 | total_deliveries=0
Step  940032 | stage_step= 247808 | Episodes: 82805
Eval @ 944128 | stage_step= 251904 | sr=0.00% | reward=177.85 +/- 0.00 | pickups=2.00 deliveries=0.00 delivered_agents=0.00/2
Step  950272 | stage_step= 258048 | Episodes: 83823
Step  960512 | stage_step= 268288 | Episodes: 84843
Eval @ 968704 | stage_step= 276480 | sr=0.00% | reward=177.85 +/- 0.00 | pickups=2.00 deliveries=0.00 delivered_agents=0.00/2
Step  970752 | stage_step= 278528 | Episodes: 85862
[MultiQuadEnv] Steps 120001-140000 | pickups=7966 | deliveries=0 | total_pickups=50445 | total_deliveries=0
Step  980992 | stage_step= 288768 | Episodes: 86882
Step  991232 | stage_step= 299008 | Episodes: 87902
Eval @ 993280 | stage_step= 301056 | sr=0.00% | reward=177.85 +/- 0.00 | pickups=2.00 deliveries=0.00 delivered_agents=0.00/2
Step 1001472 | stage_step= 309248 | Episodes: 88922
Step 1011712 | stage_step= 319488 | Episodes: 89943
[MultiQuadEnv] Steps 140001-160000 | pickups=7975 | deliveries=0 | total_pickups=58420 | total_deliveries=0
Eval @1017856 | stage_step= 325632 | sr=0.00% | reward=177.85 +/- 0.00 | pickups=2.00 deliveries=0.00 delivered_agents=0.00/2
Step 1021952 | stage_step= 329728 | Episodes: 90965
Step 1030144 | stage_step= 337920 | Episodes: 91783
Step 1040384 | stage_step= 348160 | Episodes: 92802
Eval @1042432 | stage_step= 350208 | sr=0.00% | reward=177.85 +/- 0.00 | pickups=2.00 deliveries=0.00 delivered_agents=0.00/2
Step 1050624 | stage_step= 358400 | Episodes: 93823
[MultiQuadEnv] Steps 160001-180000 | pickups=7975 | deliveries=0 | total_pickups=66395 | total_deliveries=0
Step 1060864 | stage_step= 368640 | Episodes: 94844
Eval @1069056 | stage_step= 376832 | sr=0.00% | reward=177.85 +/- 0.00 | pickups=2.00 deliveries=0.00 delivered_agents=0.00/2
Step 1071104 | stage_step= 378880 | Episodes: 95865
Step 1081344 | stage_step= 389120 | Episodes: 96886
Step 1091584 | stage_step= 399360 | Episodes: 97907
[MultiQuadEnv] Steps 180001-200000 | pickups=7987 | deliveries=0 | total_pickups=74382 | total_deliveries=0
Eval @1093632 | stage_step= 401408 | sr=0.00% | reward=177.85 +/- 0.00 | pickups=2.00 deliveries=0.00 delivered_agents=0.00/2
Step 1101824 | stage_step= 409600 | Episodes: 98929
Step 1110016 | stage_step= 417792 | Episodes: 99745
Eval @1118208 | stage_step= 425984 | sr=0.00% | reward=177.85 +/- 0.00 | pickups=2.00 deliveries=0.00 delivered_agents=0.00/2
Step 1120256 | stage_step= 428032 | Episodes: 100768
Step 1130496 | stage_step= 438272 | Episodes: 101788
[MultiQuadEnv] Steps 200001-220000 | pickups=8003 | deliveries=0 | total_pickups=82385 | total_deliveries=0
Step 1140736 | stage_step= 448512 | Episodes: 102810
Eval @1142784 | stage_step= 450560 | sr=0.00% | reward=177.85 +/- 0.00 | pickups=2.00 deliveries=0.00 delivered_agents=0.00/2
Step 1150976 | stage_step= 458752 | Episodes: 103832
Step 1161216 | stage_step= 468992 | Episodes: 104852
Eval @1167360 | stage_step= 475136 | sr=0.00% | reward=177.85 +/- 0.00 | pickups=2.00 deliveries=0.00 delivered_agents=0.00/2
Step 1171456 | stage_step= 479232 | Episodes: 105876
[MultiQuadEnv] Steps 220001-240000 | pickups=7996 | deliveries=0 | total_pickups=90381 | total_deliveries=0
Step 1181696 | stage_step= 489472 | Episodes: 106900
Step 1191936 | stage_step= 499712 | Episodes: 107924
Eval @1193984 | stage_step= 501760 | sr=0.00% | reward=177.85 +/- 0.00 | pickups=2.00 deliveries=0.00 delivered_agents=0.00/2
Step 1200128 | stage_step= 507904 | Episodes: 108742
Step 1210368 | stage_step= 518144 | Episodes: 109765
[MultiQuadEnv] Steps 240001-260000 | pickups=7982 | deliveries=0 | total_pickups=98363 | total_deliveries=0
Eval @1218560 | stage_step= 526336 | sr=0.00% | reward=177.85 +/- 0.00 | pickups=2.00 deliveries=0.00 delivered_agents=0.00/2
Step 1220608 | stage_step= 528384 | Episodes: 110788
Step 1230848 | stage_step= 538624 | Episodes: 111810
Step 1241088 | stage_step= 548864 | Episodes: 112831
Eval @1243136 | stage_step= 550912 | sr=0.00% | reward=177.85 +/- 0.00 | pickups=2.00 deliveries=0.00 delivered_agents=0.00/2
Step 1251328 | stage_step= 559104 | Episodes: 113854
[MultiQuadEnv] Steps 260001-280000 | pickups=7993 | deliveries=0 | total_pickups=106356 | total_deliveries=0
Step 1261568 | stage_step= 569344 | Episodes: 114877
Eval @1267712 | stage_step= 575488 | sr=0.00% | reward=177.85 +/- 0.00 | pickups=2.00 deliveries=0.00 delivered_agents=0.00/2
Step 1271808 | stage_step= 579584 | Episodes: 115897
Step 1280000 | stage_step= 587776 | Episodes: 116715
Step 1290240 | stage_step= 598016 | Episodes: 117738
[MultiQuadEnv] Steps 280001-300000 | pickups=7991 | deliveries=0 | total_pickups=114347 | total_deliveries=0
Eval @1292288 | stage_step= 600064 | sr=0.00% | reward=177.85 +/- 0.00 | pickups=2.00 deliveries=0.00 delivered_agents=0.00/2
Step 1300480 | stage_step= 608256 | Episodes: 118759
Step 1310720 | stage_step= 618496 | Episodes: 119781
Eval @1318912 | stage_step= 626688 | sr=0.00% | reward=177.85 +/- 0.00 | pickups=2.00 deliveries=0.00 delivered_agents=0.00/2
Step 1320960 | stage_step= 628736 | Episodes: 120803
Step 1331200 | stage_step= 638976 | Episodes: 121823
[MultiQuadEnv] Steps 300001-320000 | pickups=7999 | deliveries=0 | total_pickups=122346 | total_deliveries=0
Step 1341440 | stage_step= 649216 | Episodes: 122844
Eval @1343488 | stage_step= 651264 | sr=0.00% | reward=177.85 +/- 0.00 | pickups=2.00 deliveries=0.00 delivered_agents=0.00/2
Step 1351680 | stage_step= 659456 | Episodes: 123864
Step 1361920 | stage_step= 669696 | Episodes: 124884
Eval @1368064 | stage_step= 675840 | sr=0.00% | reward=177.85 +/- 0.00 | pickups=2.00 deliveries=0.00 delivered_agents=0.00/2
Step 1370112 | stage_step= 677888 | Episodes: 125701
[MultiQuadEnv] Steps 320001-340000 | pickups=8005 | deliveries=0 | total_pickups=130351 | total_deliveries=0
Step 1380352 | stage_step= 688128 | Episodes: 126723
Step 1390592 | stage_step= 698368 | Episodes: 127746
Eval @1392640 | stage_step= 700416 | sr=0.00% | reward=177.85 +/- 0.00 | pickups=2.00 deliveries=0.00 delivered_agents=0.00/2
Step 1400832 | stage_step= 708608 | Episodes: 128767
Step 1411072 | stage_step= 718848 | Episodes: 129788
[MultiQuadEnv] Steps 340001-360000 | pickups=7999 | deliveries=0 | total_pickups=138350 | total_deliveries=0
Eval @1419264 | stage_step= 727040 | sr=0.00% | reward=177.85 +/- 0.00 | pickups=2.00 deliveries=0.00 delivered_agents=0.00/2
Step 1421312 | stage_step= 729088 | Episodes: 130808
Step 1431552 | stage_step= 739328 | Episodes: 131829
Step 1441792 | stage_step= 749568 | Episodes: 132850
Eval @1443840 | stage_step= 751616 | sr=0.00% | reward=177.85 +/- 0.00 | pickups=2.00 deliveries=0.00 delivered_agents=0.00/2
Step 1452032 | stage_step= 759808 | Episodes: 133871
[MultiQuadEnv] Steps 360001-380000 | pickups=8004 | deliveries=0 | total_pickups=146354 | total_deliveries=0
Step 1460224 | stage_step= 768000 | Episodes: 134688
Eval @1468416 | stage_step= 776192 | sr=0.00% | reward=177.85 +/- 0.00 | pickups=2.00 deliveries=0.00 delivered_agents=0.00/2
Step 1470464 | stage_step= 778240 | Episodes: 135709
Step 1480704 | stage_step= 788480 | Episodes: 136730
Step 1490944 | stage_step= 798720 | Episodes: 137750
[MultiQuadEnv] Steps 380001-400000 | pickups=8005 | deliveries=0 | total_pickups=154359 | total_deliveries=0
Eval @1492992 | stage_step= 800768 | sr=0.00% | reward=177.85 +/- 0.00 | pickups=2.00 deliveries=0.00 delivered_agents=0.00/2
Step 1501184 | stage_step= 808960 | Episodes: 138770
Step 1511424 | stage_step= 819200 | Episodes: 139794
Eval @1517568 | stage_step= 825344 | sr=0.00% | reward=177.85 +/- 0.00 | pickups=2.00 deliveries=0.00 delivered_agents=0.00/2
Step 1521664 | stage_step= 829440 | Episodes: 140816
Step 1531904 | stage_step= 839680 | Episodes: 141841
[MultiQuadEnv] Steps 400001-420000 | pickups=7998 | deliveries=0 | total_pickups=162357 | total_deliveries=0
Step 1540096 | stage_step= 847872 | Episodes: 142658
Eval @1544192 | stage_step= 851968 | sr=0.00% | reward=177.85 +/- 0.00 | pickups=2.00 deliveries=0.00 delivered_agents=0.00/2
Step 1550336 | stage_step= 858112 | Episodes: 143678
Step 1560576 | stage_step= 868352 | Episodes: 144701
Eval @1568768 | stage_step= 876544 | sr=0.00% | reward=177.85 +/- 0.00 | pickups=2.00 deliveries=0.00 delivered_agents=0.00/2
Step 1570816 | stage_step= 878592 | Episodes: 145724
[MultiQuadEnv] Steps 420001-440000 | pickups=7999 | deliveries=0 | total_pickups=170356 | total_deliveries=0
Step 1581056 | stage_step= 888832 | Episodes: 146745
Step 1591296 | stage_step= 899072 | Episodes: 147767
Eval @1593344 | stage_step= 901120 | sr=0.00% | reward=177.85 +/- 0.00 | pickups=2.00 deliveries=0.00 delivered_agents=0.00/2
Step 1601536 | stage_step= 909312 | Episodes: 148789
Step 1611776 | stage_step= 919552 | Episodes: 149809
[MultiQuadEnv] Steps 440001-460000 | pickups=8003 | deliveries=0 | total_pickups=178359 | total_deliveries=0
Eval @1617920 | stage_step= 925696 | sr=0.00% | reward=177.85 +/- 0.00 | pickups=2.00 deliveries=0.00 delivered_agents=0.00/2
Step 1622016 | stage_step= 929792 | Episodes: 150831
Step 1630208 | stage_step= 937984 | Episodes: 151647
Step 1640448 | stage_step= 948224 | Episodes: 152667
Eval @1642496 | stage_step= 950272 | sr=0.00% | reward=177.85 +/- 0.00 | pickups=2.00 deliveries=0.00 delivered_agents=0.00/2
Step 1650688 | stage_step= 958464 | Episodes: 153687
[MultiQuadEnv] Steps 460001-480000 | pickups=8005 | deliveries=0 | total_pickups=186364 | total_deliveries=0
Step 1660928 | stage_step= 968704 | Episodes: 154707
Eval @1669120 | stage_step= 976896 | sr=0.00% | reward=177.85 +/- 0.00 | pickups=2.00 deliveries=0.00 delivered_agents=0.00/2
Step 1671168 | stage_step= 978944 | Episodes: 155728
Step 1681408 | stage_step= 989184 | Episodes: 156748
Step 1691648 | stage_step= 999424 | Episodes: 157768
[MultiQuadEnv] Steps 480001-500000 | pickups=8007 | deliveries=0 | total_pickups=194371 | total_deliveries=0
Eval @1693696 | stage_step=1001472 | sr=0.00% | reward=177.85 +/- 0.00 | pickups=2.00 deliveries=0.00 delivered_agents=0.00/2
Full budget used for s4_wider_t_branch_fixed. Best stage success=0.00%.
No successful checkpoint found for s4_wider_t_branch_fixed; restored pre-stage model.
Final eval | success_rate=100.00% | mean_reward=3180.80 +/- 0.00 | pickups=2.00 deliveries=2.00 | delivered_agents=2.00/2 

### SWEEP 20/20: quad_physics_mappo_fixed_v12_sweep_delivery_seed41 ###

Using device: cpu
Initial Quad MAPPO: agents=2 obs=(36,) grid=(6, 5) starts=[(4, 2), (3, 2)] package=(2, 2) deliveries=[(1, 1), (1, 3)] lanes=6 rand_pkg=False rand_del=False dt=0.05 substeps=8 max_tilt=0.36

=== Stage 1/25: s1_short_t_fixed (fixed positions) ===
Stage: agents=2 obs=(36,) grid=(6, 5) starts=[(4, 2), (3, 2)] package=(2, 2) deliveries=[(1, 1), (1, 3)] lanes=6 rand_pkg=False rand_del=False dt=0.05 substeps=8 max_tilt=0.36
Step   10240 | stage_step=  10240 | Episodes:  1226
Step   20480 | stage_step=  20480 | Episodes:  2488
Eval @  20480 | stage_step=  20480 | sr=0.00% | reward=77.60 +/- 0.00 | pickups=1.00 deliveries=0.00 delivered_agents=0.00/2
Step   30720 | stage_step=  30720 | Episodes:  3793
[MultiQuadEnv] Steps 1-20000 | pickups=2699 | deliveries=365 | total_pickups=2699 | total_deliveries=365
Step   40960 | stage_step=  40960 | Episodes:  5070
Eval @  40960 | stage_step=  40960 | sr=0.00% | reward=927.60 +/- 0.00 | pickups=2.00 deliveries=1.00 delivered_agents=1.00/2
Step   51200 | stage_step=  51200 | Episodes:  6376
Step   61440 | stage_step=  61440 | Episodes:  7644
Eval @  61440 | stage_step=  61440 | sr=0.00% | reward=78.80 +/- 0.00 | pickups=1.00 deliveries=0.00 delivered_agents=0.00/2
Step   71680 | stage_step=  71680 | Episodes:  8942
[MultiQuadEnv] Steps 20001-40000 | pickups=4581 | deliveries=1225 | total_pickups=7280 | total_deliveries=1590
Step   81920 | stage_step=  81920 | Episodes: 10242
Eval @  81920 | stage_step=  81920 | sr=0.00% | reward=928.00 +/- 0.00 | pickups=2.00 deliveries=1.00 delivered_agents=1.00/2
Step   90112 | stage_step=  90112 | Episodes: 11304
Step  100352 | stage_step= 100352 | Episodes: 12627
Eval @ 100352 | stage_step= 100352 | sr=0.00% | reward=928.20 +/- 0.00 | pickups=2.00 deliveries=1.00 delivered_agents=1.00/2
Step  110592 | stage_step= 110592 | Episodes: 13939
[MultiQuadEnv] Steps 40001-60000 | pickups=5139 | deliveries=1905 | total_pickups=12419 | total_deliveries=3495
Step  120832 | stage_step= 120832 | Episodes: 15233
Eval @ 120832 | stage_step= 120832 | sr=0.00% | reward=928.20 +/- 0.00 | pickups=2.00 deliveries=1.00 delivered_agents=1.00/2
Step  131072 | stage_step= 131072 | Episodes: 16567
Step  141312 | stage_step= 141312 | Episodes: 17892
Eval @ 141312 | stage_step= 141312 | sr=100.00% | reward=3198.40 +/- 0.00 | pickups=2.00 deliveries=2.00 delivered_agents=2.00/2
Early promotion from s1_short_t_fixed: 100.00% >= 90.00%
Restored best for s1_short_t_fixed: sr=100.00% | reward=3198.40

=== Stage 2/25: s2_wider_t_stem_fixed (fixed positions) ===
Stage: agents=2 obs=(36,) grid=(8, 9) starts=[(6, 4), (5, 4)] package=(3, 4) deliveries=[(2, 4), (1, 4)] lanes=12 rand_pkg=False rand_del=False dt=0.05 substeps=8 max_tilt=0.36
Step  151552 | stage_step=  10240 | Episodes: 19284
Step  161792 | stage_step=  20480 | Episodes: 20456
Eval @ 167936 | stage_step=  26624 | sr=0.00% | reward=777.60 +/- 0.00 | pickups=1.00 deliveries=1.00 delivered_agents=1.00/2
Step  172032 | stage_step=  30720 | Episodes: 21543
Step  180224 | stage_step=  38912 | Episodes: 22385
[MultiQuadEnv] Steps 1-20000 | pickups=3409 | deliveries=929 | total_pickups=3409 | total_deliveries=929
Step  190464 | stage_step=  49152 | Episodes: 23421
Eval @ 192512 | stage_step=  51200 | sr=0.00% | reward=777.60 +/- 0.00 | pickups=1.00 deliveries=1.00 delivered_agents=1.00/2
Step  200704 | stage_step=  59392 | Episodes: 24419
Step  210944 | stage_step=  69632 | Episodes: 25409
Eval @ 217088 | stage_step=  75776 | sr=0.00% | reward=777.60 +/- 0.00 | pickups=1.00 deliveries=1.00 delivered_agents=1.00/2
Step  221184 | stage_step=  79872 | Episodes: 26397
[MultiQuadEnv] Steps 20001-40000 | pickups=4181 | deliveries=1866 | total_pickups=7590 | total_deliveries=2795
Step  231424 | stage_step=  90112 | Episodes: 27326
Step  241664 | stage_step= 100352 | Episodes: 28270
Eval @ 241664 | stage_step= 100352 | sr=100.00% | reward=3148.00 +/- 0.00 | pickups=2.00 deliveries=2.00 delivered_agents=2.00/2
Early promotion from s2_wider_t_stem_fixed: 100.00% >= 85.00%
Restored best for s2_wider_t_stem_fixed: sr=100.00% | reward=3148.00

=== Stage 3/25: s3_wider_t_near_branch_fixed (fixed positions) ===
Stage: agents=2 obs=(36,) grid=(8, 9) starts=[(6, 4), (5, 4)] package=(2, 4) deliveries=[(1, 3), (1, 5)] lanes=12 rand_pkg=False rand_del=False dt=0.05 substeps=8 max_tilt=0.36
Step  251904 | stage_step=  10240 | Episodes: 29198
Step  260096 | stage_step=  18432 | Episodes: 29928
Eval @ 268288 | stage_step=  26624 | sr=0.00% | reward=157.60 +/- 0.00 | pickups=2.00 deliveries=0.00 delivered_agents=0.00/2
Step  270336 | stage_step=  28672 | Episodes: 30801
Step  280576 | stage_step=  38912 | Episodes: 31632
[MultiQuadEnv] Steps 1-20000 | pickups=3092 | deliveries=344 | total_pickups=3092 | total_deliveries=344
Step  290816 | stage_step=  49152 | Episodes: 32447
Eval @ 292864 | stage_step=  51200 | sr=0.00% | reward=157.60 +/- 0.00 | pickups=2.00 deliveries=0.00 delivered_agents=0.00/2
Step  301056 | stage_step=  59392 | Episodes: 33203
Step  311296 | stage_step=  69632 | Episodes: 34019
Eval @ 317440 | stage_step=  75776 | sr=0.00% | reward=927.80 +/- 0.00 | pickups=2.00 deliveries=1.00 delivered_agents=1.00/2
Step  321536 | stage_step=  79872 | Episodes: 34794
[MultiQuadEnv] Steps 20001-40000 | pickups=2878 | deliveries=471 | total_pickups=5970 | total_deliveries=815
Step  331776 | stage_step=  90112 | Episodes: 35609
Step  342016 | stage_step= 100352 | Episodes: 36379
Eval @ 342016 | stage_step= 100352 | sr=0.00% | reward=927.80 +/- 0.00 | pickups=2.00 deliveries=1.00 delivered_agents=1.00/2
Step  350208 | stage_step= 108544 | Episodes: 36998
Step  360448 | stage_step= 118784 | Episodes: 37750
[MultiQuadEnv] Steps 40001-60000 | pickups=2958 | deliveries=554 | total_pickups=8928 | total_deliveries=1369
Eval @ 368640 | stage_step= 126976 | sr=0.00% | reward=927.80 +/- 0.00 | pickups=2.00 deliveries=1.00 delivered_agents=1.00/2
Step  370688 | stage_step= 129024 | Episodes: 38477
Step  380928 | stage_step= 139264 | Episodes: 39153
Step  391168 | stage_step= 149504 | Episodes: 39810
Eval @ 393216 | stage_step= 151552 | sr=0.00% | reward=157.60 +/- 0.00 | pickups=2.00 deliveries=0.00 delivered_agents=0.00/2
Step  401408 | stage_step= 159744 | Episodes: 40430
[MultiQuadEnv] Steps 60001-80000 | pickups=2784 | deliveries=561 | total_pickups=11712 | total_deliveries=1930
Step  411648 | stage_step= 169984 | Episodes: 41153
Eval @ 417792 | stage_step= 176128 | sr=0.00% | reward=927.60 +/- 0.00 | pickups=2.00 deliveries=1.00 delivered_agents=1.00/2
Step  421888 | stage_step= 180224 | Episodes: 41837
Step  430080 | stage_step= 188416 | Episodes: 42368
Step  440320 | stage_step= 198656 | Episodes: 43017
[MultiQuadEnv] Steps 80001-100000 | pickups=2739 | deliveries=596 | total_pickups=14451 | total_deliveries=2526
Eval @ 442368 | stage_step= 200704 | sr=0.00% | reward=927.60 +/- 0.00 | pickups=2.00 deliveries=1.00 delivered_agents=1.00/2
Step  450560 | stage_step= 208896 | Episodes: 43632
Step  460800 | stage_step= 219136 | Episodes: 44323
Eval @ 466944 | stage_step= 225280 | sr=0.00% | reward=927.60 +/- 0.00 | pickups=2.00 deliveries=1.00 delivered_agents=1.00/2
Step  471040 | stage_step= 229376 | Episodes: 45071
Step  481280 | stage_step= 239616 | Episodes: 45715
[MultiQuadEnv] Steps 100001-120000 | pickups=2940 | deliveries=723 | total_pickups=17391 | total_deliveries=3249
Step  491520 | stage_step= 249856 | Episodes: 46451
Eval @ 493568 | stage_step= 251904 | sr=0.00% | reward=927.60 +/- 0.00 | pickups=2.00 deliveries=1.00 delivered_agents=1.00/2
Step  501760 | stage_step= 260096 | Episodes: 47225
Step  512000 | stage_step= 270336 | Episodes: 47941
Eval @ 518144 | stage_step= 276480 | sr=0.00% | reward=927.60 +/- 0.00 | pickups=2.00 deliveries=1.00 delivered_agents=1.00/2
Step  520192 | stage_step= 278528 | Episodes: 48560
[MultiQuadEnv] Steps 120001-140000 | pickups=3168 | deliveries=938 | total_pickups=20559 | total_deliveries=4187
Step  530432 | stage_step= 288768 | Episodes: 49306
Step  540672 | stage_step= 299008 | Episodes: 50083
Eval @ 542720 | stage_step= 301056 | sr=0.00% | reward=927.60 +/- 0.00 | pickups=2.00 deliveries=1.00 delivered_agents=1.00/2
Step  550912 | stage_step= 309248 | Episodes: 50869
Step  561152 | stage_step= 319488 | Episodes: 51577
[MultiQuadEnv] Steps 140001-160000 | pickups=3323 | deliveries=983 | total_pickups=23882 | total_deliveries=5170
Eval @ 567296 | stage_step= 325632 | sr=0.00% | reward=927.60 +/- 0.00 | pickups=2.00 deliveries=1.00 delivered_agents=1.00/2
Step  571392 | stage_step= 329728 | Episodes: 52253
Step  581632 | stage_step= 339968 | Episodes: 52967
Step  591872 | stage_step= 350208 | Episodes: 53703
Eval @ 591872 | stage_step= 350208 | sr=0.00% | reward=161.60 +/- 0.00 | pickups=2.00 deliveries=0.00 delivered_agents=0.00/2
Step  600064 | stage_step= 358400 | Episodes: 54234
[MultiQuadEnv] Steps 160001-180000 | pickups=3436 | deliveries=1165 | total_pickups=27318 | total_deliveries=6335
Step  610304 | stage_step= 368640 | Episodes: 54932
Eval @ 618496 | stage_step= 376832 | sr=100.00% | reward=3197.20 +/- 0.00 | pickups=2.00 deliveries=2.00 delivered_agents=2.00/2
Early promotion from s3_wider_t_near_branch_fixed: 100.00% >= 75.00%
Restored best for s3_wider_t_near_branch_fixed: sr=100.00% | reward=3197.20

=== Stage 4/25: s4_wider_t_branch_fixed (fixed positions) ===
Stage: agents=2 obs=(36,) grid=(8, 9) starts=[(6, 4), (5, 4)] package=(3, 4) deliveries=[(1, 1), (1, 7)] lanes=12 rand_pkg=False rand_del=False dt=0.05 substeps=8 max_tilt=0.36
Step  620544 | stage_step=   2048 | Episodes: 55572
Step  630784 | stage_step=  12288 | Episodes: 56406
Step  641024 | stage_step=  22528 | Episodes: 57195
Eval @ 645120 | stage_step=  26624 | sr=0.00% | reward=176.90 +/- 0.00 | pickups=2.00 deliveries=0.00 delivered_agents=0.00/2
Step  651264 | stage_step=  32768 | Episodes: 57957
[MultiQuadEnv] Steps 1-20000 | pickups=4860 | deliveries=29 | total_pickups=4860 | total_deliveries=29
Step  661504 | stage_step=  43008 | Episodes: 58711
Eval @ 669696 | stage_step=  51200 | sr=0.00% | reward=176.45 +/- 0.00 | pickups=2.00 deliveries=0.00 delivered_agents=0.00/2
Step  671744 | stage_step=  53248 | Episodes: 59450
Step  681984 | stage_step=  63488 | Episodes: 60163
Step  690176 | stage_step=  71680 | Episodes: 60710
Eval @ 694272 | stage_step=  75776 | sr=0.00% | reward=925.55 +/- 0.00 | pickups=2.00 deliveries=1.00 delivered_agents=1.00/2
[MultiQuadEnv] Steps 20001-40000 | pickups=4779 | deliveries=321 | total_pickups=9639 | total_deliveries=350
Step  700416 | stage_step=  81920 | Episodes: 61373
Step  710656 | stage_step=  92160 | Episodes: 62008
Eval @ 718848 | stage_step= 100352 | sr=0.00% | reward=925.65 +/- 0.00 | pickups=2.00 deliveries=1.00 delivered_agents=1.00/2
Step  720896 | stage_step= 102400 | Episodes: 62623
Step  731136 | stage_step= 112640 | Episodes: 63212
[MultiQuadEnv] Steps 40001-60000 | pickups=4206 | deliveries=775 | total_pickups=13845 | total_deliveries=1125
Step  741376 | stage_step= 122880 | Episodes: 63780
Eval @ 745472 | stage_step= 126976 | sr=0.00% | reward=925.60 +/- 0.00 | pickups=2.00 deliveries=1.00 delivered_agents=1.00/2
Step  751616 | stage_step= 133120 | Episodes: 64330
Step  761856 | stage_step= 143360 | Episodes: 64830
Step  770048 | stage_step= 151552 | Episodes: 65217
Eval @ 770048 | stage_step= 151552 | sr=0.00% | reward=925.60 +/- 0.00 | pickups=2.00 deliveries=1.00 delivered_agents=1.00/2
[MultiQuadEnv] Steps 60001-80000 | pickups=3503 | deliveries=976 | total_pickups=17348 | total_deliveries=2101
Step  780288 | stage_step= 161792 | Episodes: 65654
Step  790528 | stage_step= 172032 | Episodes: 66064
Eval @ 794624 | stage_step= 176128 | sr=0.00% | reward=925.60 +/- 0.00 | pickups=2.00 deliveries=1.00 delivered_agents=1.00/2
Step  800768 | stage_step= 182272 | Episodes: 66463
Step  811008 | stage_step= 192512 | Episodes: 66841
[MultiQuadEnv] Steps 80001-100000 | pickups=2776 | deliveries=885 | total_pickups=20124 | total_deliveries=2986
Eval @ 819200 | stage_step= 200704 | sr=0.00% | reward=177.00 +/- 0.00 | pickups=2.00 deliveries=1.00 delivered_agents=1.00/2
Step  821248 | stage_step= 202752 | Episodes: 67193
Step  831488 | stage_step= 212992 | Episodes: 67522
Step  841728 | stage_step= 223232 | Episodes: 67806
Eval @ 843776 | stage_step= 225280 | sr=0.00% | reward=925.20 +/- 0.00 | pickups=2.00 deliveries=1.00 delivered_agents=1.00/2
Step  851968 | stage_step= 233472 | Episodes: 68105
[MultiQuadEnv] Steps 100001-120000 | pickups=2242 | deliveries=795 | total_pickups=22366 | total_deliveries=3781
Step  860160 | stage_step= 241664 | Episodes: 68323
Step  870400 | stage_step= 251904 | Episodes: 68639
Eval @ 870400 | stage_step= 251904 | sr=0.00% | reward=174.20 +/- 0.00 | pickups=2.00 deliveries=1.00 delivered_agents=1.00/2
Step  880640 | stage_step= 262144 | Episodes: 68908
Step  890880 | stage_step= 272384 | Episodes: 69196
Eval @ 894976 | stage_step= 276480 | sr=0.00% | reward=175.45 +/- 0.00 | pickups=2.00 deliveries=1.00 delivered_agents=1.00/2
[MultiQuadEnv] Steps 120001-140000 | pickups=2203 | deliveries=829 | total_pickups=24569 | total_deliveries=4610
Step  901120 | stage_step= 282624 | Episodes: 69520
Step  911360 | stage_step= 292864 | Episodes: 69831
Eval @ 919552 | stage_step= 301056 | sr=0.00% | reward=175.50 +/- 0.00 | pickups=2.00 deliveries=1.00 delivered_agents=1.00/2
Step  921600 | stage_step= 303104 | Episodes: 70137
Step  931840 | stage_step= 313344 | Episodes: 70451
[MultiQuadEnv] Steps 140001-160000 | pickups=2329 | deliveries=926 | total_pickups=26898 | total_deliveries=5536
Step  940032 | stage_step= 321536 | Episodes: 70692
Eval @ 944128 | stage_step= 325632 | sr=0.00% | reward=174.20 +/- 0.00 | pickups=2.00 deliveries=1.00 delivered_agents=1.00/2
Step  950272 | stage_step= 331776 | Episodes: 70943
Step  960512 | stage_step= 342016 | Episodes: 71190
Eval @ 968704 | stage_step= 350208 | sr=0.00% | reward=174.20 +/- 0.00 | pickups=2.00 deliveries=1.00 delivered_agents=1.00/2
Step  970752 | stage_step= 352256 | Episodes: 71434
[MultiQuadEnv] Steps 160001-180000 | pickups=1951 | deliveries=819 | total_pickups=28849 | total_deliveries=6355
Step  980992 | stage_step= 362496 | Episodes: 71725
Step  991232 | stage_step= 372736 | Episodes: 72017
Eval @ 995328 | stage_step= 376832 | sr=0.00% | reward=172.85 +/- 0.00 | pickups=2.00 deliveries=1.00 delivered_agents=1.00/2
Step 1001472 | stage_step= 382976 | Episodes: 72281
Step 1011712 | stage_step= 393216 | Episodes: 72574
[MultiQuadEnv] Steps 180001-200000 | pickups=2248 | deliveries=1315 | total_pickups=31097 | total_deliveries=7670
Eval @1019904 | stage_step= 401408 | sr=100.00% | reward=3193.85 +/- 0.00 | pickups=2.00 deliveries=2.00 delivered_agents=2.00/2
Early promotion from s4_wider_t_branch_fixed: 100.00% >= 80.00%
Restored best for s4_wider_t_branch_fixed: sr=100.00% | reward=3193.85
Set actor_log_std=-0.35 for stage exploration

=== Stage 5/25: s5_tiny_pipe_line_fixed (fixed positions) ===
Stage: agents=2 obs=(36,) grid=(12, 12) starts=[(2, 3), (2, 4)] package=(2, 5) deliveries=[(2, 6), (2, 7)] lanes=47 rand_pkg=False rand_del=False dt=0.05 substeps=8 max_tilt=0.36
Step 1021952 | stage_step=   2048 | Episodes: 73249
Step 1030144 | stage_step=  10240 | Episodes: 74735
Step 1040384 | stage_step=  20480 | Episodes: 76067
Eval @1046528 | stage_step=  26624 | sr=0.00% | reward=378.65 +/- 0.00 | pickups=1.00 deliveries=1.00 delivered_agents=1.00/2
Step 1050624 | stage_step=  30720 | Episodes: 76918
[MultiQuadEnv] Steps 1-20000 | pickups=2639 | deliveries=730 | total_pickups=2639 | total_deliveries=730
Step 1060864 | stage_step=  40960 | Episodes: 77603
Step 1071104 | stage_step=  51200 | Episodes: 78230
Eval @1071104 | stage_step=  51200 | sr=0.00% | reward=378.65 +/- 0.00 | pickups=1.00 deliveries=1.00 delivered_agents=1.00/2
Step 1081344 | stage_step=  61440 | Episodes: 78866
Step 1091584 | stage_step=  71680 | Episodes: 79501
Eval @1095680 | stage_step=  75776 | sr=100.00% | reward=3146.85 +/- 0.00 | pickups=2.00 deliveries=2.00 delivered_agents=2.00/2
[MultiQuadEnv] Steps 20001-40000 | pickups=2926 | deliveries=1689 | total_pickups=5565 | total_deliveries=2419
Step 1101824 | stage_step=  81920 | Episodes: 80113
Step 1110016 | stage_step=  90112 | Episodes: 80593
Step 1120256 | stage_step= 100352 | Episodes: 81202
Eval @1120256 | stage_step= 100352 | sr=100.00% | reward=3146.85 +/- 0.00 | pickups=2.00 deliveries=2.00 delivered_agents=2.00/2
Early promotion from s5_tiny_pipe_line_fixed: 100.00% >= 80.00%
Restored best for s5_tiny_pipe_line_fixed: sr=100.00% | reward=3146.85
Set actor_log_std=-0.35 for stage exploration

=== Stage 6/25: s6_small_pipe_line_fixed (fixed positions) ===
Stage: agents=2 obs=(36,) grid=(18, 18) starts=[(2, 3), (2, 4)] package=(2, 6) deliveries=[(2, 8), (2, 9)] lanes=104 rand_pkg=False rand_del=False dt=0.05 substeps=8 max_tilt=0.36
Step 1130496 | stage_step=  10240 | Episodes: 81729
Step 1140736 | stage_step=  20480 | Episodes: 82278
Eval @1146880 | stage_step=  26624 | sr=100.00% | reward=3146.20 +/- 0.00 | pickups=2.00 deliveries=2.00 delivered_agents=2.00/2
Step 1150976 | stage_step=  30720 | Episodes: 82728
[MultiQuadEnv] Steps 1-20000 | pickups=1963 | deliveries=829 | total_pickups=1963 | total_deliveries=829
Step 1161216 | stage_step=  40960 | Episodes: 83272
Step 1171456 | stage_step=  51200 | Episodes: 83783
Eval @1171456 | stage_step=  51200 | sr=0.00% | reward=875.20 +/- 0.00 | pickups=2.00 deliveries=1.00 delivered_agents=1.00/2
Step 1181696 | stage_step=  61440 | Episodes: 84345
Step 1191936 | stage_step=  71680 | Episodes: 84867
Eval @1196032 | stage_step=  75776 | sr=100.00% | reward=3146.20 +/- 0.00 | pickups=2.00 deliveries=2.00 delivered_agents=2.00/2
Step 1200128 | stage_step=  79872 | Episodes: 85286
[MultiQuadEnv] Steps 20001-40000 | pickups=2279 | deliveries=1069 | total_pickups=4242 | total_deliveries=1898
Step 1210368 | stage_step=  90112 | Episodes: 85815
Step 1220608 | stage_step= 100352 | Episodes: 86351
Eval @1220608 | stage_step= 100352 | sr=100.00% | reward=3146.20 +/- 0.00 | pickups=2.00 deliveries=2.00 delivered_agents=2.00/2
Early promotion from s6_small_pipe_line_fixed: 100.00% >= 80.00%
Restored best for s6_small_pipe_line_fixed: sr=100.00% | reward=3146.20
Set actor_log_std=-0.35 for stage exploration

=== Stage 7/25: s7_small_pipe_vertical_fixed (fixed positions) ===
Stage: agents=2 obs=(36,) grid=(18, 18) starts=[(2, 8), (3, 8)] package=(4, 8) deliveries=[(5, 8), (6, 8)] lanes=104 rand_pkg=False rand_del=False dt=0.05 substeps=8 max_tilt=0.36
Step 1230848 | stage_step=  10240 | Episodes: 86839
Step 1241088 | stage_step=  20480 | Episodes: 87522
Eval @1247232 | stage_step=  26624 | sr=0.00% | reward=-22.40 +/- 0.00 | pickups=0.00 deliveries=0.00 delivered_agents=0.00/2
Step 1251328 | stage_step=  30720 | Episodes: 88007
[MultiQuadEnv] Steps 1-20000 | pickups=129 | deliveries=17 | total_pickups=129 | total_deliveries=17
Step 1261568 | stage_step=  40960 | Episodes: 88588
Step 1271808 | stage_step=  51200 | Episodes: 89250
Eval @1271808 | stage_step=  51200 | sr=0.00% | reward=77.20 +/- 0.00 | pickups=1.00 deliveries=0.00 delivered_agents=0.00/2
Step 1280000 | stage_step=  59392 | Episodes: 89850
Step 1290240 | stage_step=  69632 | Episodes: 90576
Eval @1296384 | stage_step=  75776 | sr=0.00% | reward=827.20 +/- 0.00 | pickups=1.00 deliveries=1.00 delivered_agents=1.00/2
Step 1300480 | stage_step=  79872 | Episodes: 91303
[MultiQuadEnv] Steps 20001-40000 | pickups=1005 | deliveries=305 | total_pickups=1134 | total_deliveries=322
Step 1310720 | stage_step=  90112 | Episodes: 91948
Step 1320960 | stage_step= 100352 | Episodes: 92647
Eval @1320960 | stage_step= 100352 | sr=0.00% | reward=827.40 +/- 0.00 | pickups=1.00 deliveries=1.00 delivered_agents=1.00/2
Step 1331200 | stage_step= 110592 | Episodes: 93359
[MultiQuadEnv] Steps 40001-60000 | pickups=1455 | deliveries=728 | total_pickups=2589 | total_deliveries=1050
Step 1341440 | stage_step= 120832 | Episodes: 93941
Eval @1347584 | stage_step= 126976 | sr=0.00% | reward=827.40 +/- 0.00 | pickups=1.00 deliveries=1.00 delivered_agents=1.00/2
Step 1351680 | stage_step= 131072 | Episodes: 94626
Step 1361920 | stage_step= 141312 | Episodes: 95212
Step 1370112 | stage_step= 149504 | Episodes: 95586
Eval @1372160 | stage_step= 151552 | sr=0.00% | reward=827.40 +/- 0.00 | pickups=1.00 deliveries=1.00 delivered_agents=1.00/2
Step 1380352 | stage_step= 159744 | Episodes: 96164
[MultiQuadEnv] Steps 60001-80000 | pickups=1363 | deliveries=736 | total_pickups=3952 | total_deliveries=1786
Step 1390592 | stage_step= 169984 | Episodes: 96755
Eval @1396736 | stage_step= 176128 | sr=0.00% | reward=827.40 +/- 0.00 | pickups=1.00 deliveries=1.00 delivered_agents=1.00/2
Step 1400832 | stage_step= 180224 | Episodes: 97181
Step 1411072 | stage_step= 190464 | Episodes: 97821
[MultiQuadEnv] Steps 80001-100000 | pickups=1278 | deliveries=775 | total_pickups=5230 | total_deliveries=2561
Step 1421312 | stage_step= 200704 | Episodes: 98352
Eval @1421312 | stage_step= 200704 | sr=0.00% | reward=827.40 +/- 0.00 | pickups=1.00 deliveries=1.00 delivered_agents=1.00/2
Step 1431552 | stage_step= 210944 | Episodes: 98954
Step 1441792 | stage_step= 221184 | Episodes: 99370
Eval @1445888 | stage_step= 225280 | sr=0.00% | reward=827.40 +/- 0.00 | pickups=1.00 deliveries=1.00 delivered_agents=1.00/2
Step 1452032 | stage_step= 231424 | Episodes: 99902
Step 1460224 | stage_step= 239616 | Episodes: 100367
[MultiQuadEnv] Steps 100001-120000 | pickups=1280 | deliveries=837 | total_pickups=6510 | total_deliveries=3398
Step 1470464 | stage_step= 249856 | Episodes: 100874
Eval @1472512 | stage_step= 251904 | sr=0.00% | reward=827.40 +/- 0.00 | pickups=1.00 deliveries=1.00 delivered_agents=1.00/2
Step 1480704 | stage_step= 260096 | Episodes: 101247
Step 1490944 | stage_step= 270336 | Episodes: 101743
Eval @1497088 | stage_step= 276480 | sr=0.00% | reward=827.40 +/- 0.00 | pickups=1.00 deliveries=1.00 delivered_agents=1.00/2
[MultiQuadEnv] Steps 120001-140000 | pickups=1054 | deliveries=755 | total_pickups=7564 | total_deliveries=4153
Step 1501184 | stage_step= 280576 | Episodes: 102132
Step 1511424 | stage_step= 290816 | Episodes: 102598
Step 1521664 | stage_step= 301056 | Episodes: 103106
Eval @1521664 | stage_step= 301056 | sr=0.00% | reward=827.40 +/- 0.00 | pickups=1.00 deliveries=1.00 delivered_agents=1.00/2
Step 1531904 | stage_step= 311296 | Episodes: 103511
Step 1540096 | stage_step= 319488 | Episodes: 103927
[MultiQuadEnv] Steps 140001-160000 | pickups=1078 | deliveries=750 | total_pickups=8642 | total_deliveries=4903
Eval @1546240 | stage_step= 325632 | sr=0.00% | reward=827.40 +/- 0.00 | pickups=1.00 deliveries=1.00 delivered_agents=1.00/2
Step 1550336 | stage_step= 329728 | Episodes: 104291
Step 1560576 | stage_step= 339968 | Episodes: 104898
Step 1570816 | stage_step= 350208 | Episodes: 105331
Eval @1570816 | stage_step= 350208 | sr=0.00% | reward=827.40 +/- 0.00 | pickups=1.00 deliveries=1.00 delivered_agents=1.00/2
[MultiQuadEnv] Steps 160001-180000 | pickups=1203 | deliveries=834 | total_pickups=9845 | total_deliveries=5737
Step 1581056 | stage_step= 360448 | Episodes: 105805
Eval @1581056 | stage_step= 360448 | sr=0.00% | reward=827.40 +/- 0.00 | pickups=1.00 deliveries=1.00 delivered_agents=1.00/2
Full budget used for s7_small_pipe_vertical_fixed. Best stage success=0.00%.
No successful checkpoint found for s7_small_pipe_vertical_fixed; restored pre-stage model.
Final eval | success_rate=100.00% | mean_reward=3146.20 +/- 0.00 | pickups=2.00 deliveries=2.00 | delivered_agents=2.00/2 
